{"parent":"item/generated","textures":{"layer0":"item/music_disc_13"},"overrides":[{"predicate":{"custom_model_data":1.0},"model":"raincoat:generated/2c0b763f9b5e34e8bea18b3e3e102d4f4a64da792142a412c7d592fa61009d26"},{"predicate":{"custom_model_data":2.0},"model":"raincoat:generated/493fb592d93e9af67ea7d6d94e33645a14eafc20dbb5988ac30e0418df90a25b"},{"predicate":{"custom_model_data":3.0},"model":"raincoat:generated/d4048bc58813e88caf9bdafa6a32651e58b914472e9f81a273ecae5e2874023b"},{"predicate":{"custom_model_data":4.0},"model":"raincoat:generated/ecc6c2703c71ac787d00944e3c8ab444efb858eaa079fa7b7aceacd3ea6fd249"},{"predicate":{"custom_model_data":5.0},"model":"raincoat:generated/4ad1740507d04779136b8690202c6c3cfd11b86dbbeb26b90cdea63adfd28286"},{"predicate":{"custom_model_data":6.0},"model":"raincoat:generated/7f6ccfb1081e7eb5c95dd5bd9c1a17eba797877bee8119b9a56e98c5ee53a42e"},{"predicate":{"custom_model_data":7.0},"model":"raincoat:generated/39f011fd784aefc648aa00d64d2bf607f418839b61c731ba1d07088d88925b57"},{"predicate":{"custom_model_data":8.0},"model":"raincoat:generated/e75c3d43978e3ae120c19403d042236d7a621e0169d7682c7da5da251823c044"}]}