{"parent":"item/generated","textures":{"layer0":"item/white_dye"},"overrides":[{"predicate":{"custom_model_data":1.0},"model":"raincoat:generated/527edf156f217d92a54366c77a741f9b4b202c5cbb77237a353c04e9a24dcd4c"},{"predicate":{"custom_model_data":2.0},"model":"raincoat:generated/e9c708bc7165660fe3db84c65790bde13f80524528eca68f2fee01696dfc2f73"},{"predicate":{"custom_model_data":3.0},"model":"raincoat:generated/5e863d1ae0badfbf614f3ba705b69544f1f65167f2a9ebefd3d6d9e293280d20"},{"predicate":{"custom_model_data":4.0},"model":"raincoat:generated/846441509358c922444601f9fd574563bcf1f0b7121833f933007e20358627c1"},{"predicate":{"custom_model_data":5.0},"model":"raincoat:generated/0f4f3ff94517475b7b118b4843097363c45db408ab43bbff976f1fde096605a6"},{"predicate":{"custom_model_data":6.0},"model":"raincoat:generated/0540d6d91432a006c94dbc4f87c3ee4fa2a2d0051a52111a6f74bcff67cb438e"},{"predicate":{"custom_model_data":7.0},"model":"raincoat:generated/cc8406776824f25bda924e9259e51a5c3f692aa3f0a1ff26bd5689c0951d9a93"},{"predicate":{"custom_model_data":8.0},"model":"raincoat:generated/7bd5aed126303ff4631e17c7d4436cb2c31266d540f1fb4fca985c5c1bb45615"},{"predicate":{"custom_model_data":9.0},"model":"raincoat:generated/8b662280ac446c6a237548e80ea0a6ee665626b7fa8fb116abe55d5b7e6334d3"},{"predicate":{"custom_model_data":10.0},"model":"raincoat:generated/73bb7c22edcf1aad97b7a40e83ec9c0949806e79d32a084995e1e36a91127ffa"},{"predicate":{"custom_model_data":11.0},"model":"raincoat:generated/3e8f4c6cf51dd676f4e5789f6926d3542593a95049f841f37f024c420119cb24"},{"predicate":{"custom_model_data":12.0},"model":"raincoat:generated/953b91d03ed0343756eb092c87d8e896067f03abf38afe9817dcd2f00ca1aae2"},{"predicate":{"custom_model_data":13.0},"model":"raincoat:generated/2d65168baec088a297644940e1528b6e8450dbe0d9eb374e109f5f246273b3a7"},{"predicate":{"custom_model_data":14.0},"model":"raincoat:generated/7ded9379c49d98d1fb80f775fa8a20e2949e0cf2b3291fc688b767e86d89a607"},{"predicate":{"custom_model_data":15.0},"model":"raincoat:generated/2b3d5edb0d39b59a06fbf0711e51009476167db04b95c1a67c80e4881e9b986e"},{"predicate":{"custom_model_data":16.0},"model":"raincoat:generated/0f6a9607fbddd9d1466b0474fb000da7cf33c5f288dde57d52bf11388081435d"},{"predicate":{"custom_model_data":17.0},"model":"raincoat:generated/580acf19faee5bc19bcd237ec3dc1dbd4a685ac59378eb89d69cdb863d5818c3"},{"predicate":{"custom_model_data":18.0},"model":"raincoat:generated/da4686263fbafc9ce05d8c935213713430115a79389853d19acc5cf00e2deae8"},{"predicate":{"custom_model_data":19.0},"model":"raincoat:generated/1c23504be3c533903e306d74afb47eb46dccfd968e3745f60096b7bb2b8bb958"},{"predicate":{"custom_model_data":20.0},"model":"raincoat:generated/f88942e1f58272974510a8892c5170858fba627e5e667bda83fce2bebbed5d3f"},{"predicate":{"custom_model_data":21.0},"model":"raincoat:generated/b91d21828c2256942f78989ebb01b42f7730f352dbb9b3366d861540eb96720c"},{"predicate":{"custom_model_data":22.0},"model":"raincoat:generated/bf921692e11f928767c310a516b915b1bfa1bc5452078e7a62b149dcb203340c"}]}