{"elements":[{"from":[7.95027,5.05,-10.5],"to":[8.04973,5.15,-0.3],"faces":{"north":{"texture":"#o3","uv":[5.0,1.0,6.0,2.0]},"south":{"texture":"#o3","uv":[5.0,1.0,6.0,2.0]},"up":{"texture":"#o3","uv":[5.0,1.0,6.0,2.0]},"down":{"texture":"#o3","uv":[5.0,1.0,6.0,2.0]}},"rotation":{"angle":-45.0,"axis":"z","origin":[8.0,5.3,-10.0]}},{"from":[7.95027,5.05,-10.5],"to":[8.04973,5.15,-0.3],"faces":{"north":{"texture":"#o3","uv":[5.0,1.0,6.0,2.0]},"south":{"texture":"#o3","uv":[5.0,1.0,6.0,2.0]},"up":{"texture":"#o3","uv":[5.0,1.0,6.0,2.0]},"down":{"texture":"#o3","uv":[5.0,1.0,6.0,2.0]}},"rotation":{"angle":-22.5,"axis":"z","origin":[8.0,5.3,-10.0]}},{"from":[7.95027,5.05,-10.5],"to":[8.04973,5.15,-0.3],"faces":{"north":{"texture":"#o3","uv":[5.0,1.0,6.0,2.0]},"south":{"texture":"#o3","uv":[5.0,1.0,6.0,2.0]},"up":{"texture":"#o3","uv":[5.0,1.0,6.0,2.0]},"down":{"texture":"#o3","uv":[5.0,1.0,6.0,2.0]}},"rotation":{"angle":0.0,"axis":"z","origin":[8.0,5.3,-10.0]}},{"from":[7.95027,5.05,-10.5],"to":[8.04973,5.15,-0.3],"faces":{"north":{"texture":"#o3","uv":[5.0,1.0,6.0,2.0]},"south":{"texture":"#o3","uv":[5.0,1.0,6.0,2.0]},"up":{"texture":"#o3","uv":[5.0,1.0,6.0,2.0]},"down":{"texture":"#o3","uv":[5.0,1.0,6.0,2.0]}},"rotation":{"angle":22.5,"axis":"z","origin":[8.0,5.3,-10.0]}},{"from":[7.95027,5.05,-10.5],"to":[8.04973,5.15,-0.3],"faces":{"north":{"texture":"#o3","uv":[5.0,1.0,6.0,2.0]},"south":{"texture":"#o3","uv":[5.0,1.0,6.0,2.0]},"up":{"texture":"#o3","uv":[5.0,1.0,6.0,2.0]},"down":{"texture":"#o3","uv":[5.0,1.0,6.0,2.0]}},"rotation":{"angle":45.0,"axis":"z","origin":[8.0,5.3,-10.0]}},{"from":[7.95027,5.45,-10.5],"to":[8.04973,5.55,-0.3],"faces":{"north":{"texture":"#o3","uv":[5.0,1.0,6.0,2.0]},"south":{"texture":"#o3","uv":[5.0,1.0,6.0,2.0]},"up":{"texture":"#o3","uv":[5.0,1.0,6.0,2.0]},"down":{"texture":"#o3","uv":[5.0,1.0,6.0,2.0]}},"rotation":{"angle":-45.0,"axis":"z","origin":[8.0,5.3,-10.0]}},{"from":[7.95027,5.45,-10.5],"to":[8.04973,5.55,-0.3],"faces":{"north":{"texture":"#o3","uv":[5.0,1.0,6.0,2.0]},"south":{"texture":"#o3","uv":[5.0,1.0,6.0,2.0]},"up":{"texture":"#o3","uv":[5.0,1.0,6.0,2.0]},"down":{"texture":"#o3","uv":[5.0,1.0,6.0,2.0]}},"rotation":{"angle":-22.5,"axis":"z","origin":[8.0,5.3,-10.0]}},{"from":[7.95027,5.45,-10.5],"to":[8.04973,5.55,-0.3],"faces":{"north":{"texture":"#o3","uv":[5.0,1.0,6.0,2.0]},"south":{"texture":"#o3","uv":[5.0,1.0,6.0,2.0]},"up":{"texture":"#o3","uv":[5.0,1.0,6.0,2.0]},"down":{"texture":"#o3","uv":[5.0,1.0,6.0,2.0]}},"rotation":{"angle":0.0,"axis":"z","origin":[8.0,5.3,-10.0]}},{"from":[7.95027,5.45,-10.5],"to":[8.04973,5.55,-0.3],"faces":{"north":{"texture":"#o3","uv":[5.0,1.0,6.0,2.0]},"south":{"texture":"#o3","uv":[5.0,1.0,6.0,2.0]},"up":{"texture":"#o3","uv":[5.0,1.0,6.0,2.0]},"down":{"texture":"#o3","uv":[5.0,1.0,6.0,2.0]}},"rotation":{"angle":22.5,"axis":"z","origin":[8.0,5.3,-10.0]}},{"from":[7.95027,5.45,-10.5],"to":[8.04973,5.55,-0.3],"faces":{"north":{"texture":"#o3","uv":[5.0,1.0,6.0,2.0]},"south":{"texture":"#o3","uv":[5.0,1.0,6.0,2.0]},"up":{"texture":"#o3","uv":[5.0,1.0,6.0,2.0]},"down":{"texture":"#o3","uv":[5.0,1.0,6.0,2.0]}},"rotation":{"angle":45.0,"axis":"z","origin":[8.0,5.3,-10.0]}},{"from":[7.75,5.25027,-10.5],"to":[7.85,5.34973,-0.3],"faces":{"north":{"texture":"#o3","uv":[5.0,1.0,6.0,2.0]},"east":{"texture":"#o3","uv":[5.0,1.0,6.0,2.0]},"south":{"texture":"#o3","uv":[5.0,1.0,6.0,2.0]},"west":{"texture":"#o3","uv":[5.0,1.0,6.0,2.0]}},"rotation":{"angle":-22.5,"axis":"z","origin":[8.0,5.3,-10.0]}},{"from":[7.75,5.25027,-10.5],"to":[7.85,5.34973,-0.3],"faces":{"north":{"texture":"#o3","uv":[5.0,1.0,6.0,2.0]},"east":{"texture":"#o3","uv":[5.0,1.0,6.0,2.0]},"south":{"texture":"#o3","uv":[5.0,1.0,6.0,2.0]},"west":{"texture":"#o3","uv":[5.0,1.0,6.0,2.0]}},"rotation":{"angle":0.0,"axis":"z","origin":[8.0,5.3,-10.0]}},{"from":[7.75,5.25027,-10.5],"to":[7.85,5.34973,-0.3],"faces":{"north":{"texture":"#o3","uv":[5.0,1.0,6.0,2.0]},"east":{"texture":"#o3","uv":[5.0,1.0,6.0,2.0]},"south":{"texture":"#o3","uv":[5.0,1.0,6.0,2.0]},"west":{"texture":"#o3","uv":[5.0,1.0,6.0,2.0]}},"rotation":{"angle":22.5,"axis":"z","origin":[8.0,5.3,-10.0]}},{"from":[8.15,5.25027,-10.5],"to":[8.25,5.34973,-0.3],"faces":{"north":{"texture":"#o3","uv":[5.0,1.0,6.0,2.0]},"east":{"texture":"#o3","uv":[5.0,1.0,6.0,2.0]},"south":{"texture":"#o3","uv":[5.0,1.0,6.0,2.0]},"west":{"texture":"#o3","uv":[5.0,1.0,6.0,2.0]}},"rotation":{"angle":-22.5,"axis":"z","origin":[8.0,5.3,-10.0]}},{"from":[8.15,5.25027,-10.5],"to":[8.25,5.34973,-0.3],"faces":{"north":{"texture":"#o3","uv":[5.0,1.0,6.0,2.0]},"east":{"texture":"#o3","uv":[5.0,1.0,6.0,2.0]},"south":{"texture":"#o3","uv":[5.0,1.0,6.0,2.0]},"west":{"texture":"#o3","uv":[5.0,1.0,6.0,2.0]}},"rotation":{"angle":0.0,"axis":"z","origin":[8.0,5.3,-10.0]}},{"from":[8.15,5.25027,-10.5],"to":[8.25,5.34973,-0.3],"faces":{"north":{"texture":"#o3","uv":[5.0,1.0,6.0,2.0]},"east":{"texture":"#o3","uv":[5.0,1.0,6.0,2.0]},"south":{"texture":"#o3","uv":[5.0,1.0,6.0,2.0]},"west":{"texture":"#o3","uv":[5.0,1.0,6.0,2.0]}},"rotation":{"angle":22.5,"axis":"z","origin":[8.0,5.3,-10.0]}},{"from":[7.90054,4.8,11.21],"to":[8.09946,5.8,12.11],"faces":{"north":{"texture":"#o3","uv":[5.0,1.0,6.0,2.0]},"up":{"texture":"#o3","uv":[1.0,5.0,2.0,6.0]}},"rotation":{"angle":-45.0,"axis":"z","origin":[8.0,5.3,11.71]}},{"from":[7.90054,4.8,11.21],"to":[8.09946,5.8,12.11],"faces":{"north":{"texture":"#o3","uv":[5.0,1.0,6.0,2.0]},"up":{"texture":"#o3","uv":[1.0,5.0,2.0,6.0]}},"rotation":{"angle":-22.5,"axis":"z","origin":[8.0,5.3,11.71]}},{"from":[7.90054,4.8,11.21],"to":[8.09946,5.8,12.11],"faces":{"north":{"texture":"#o3","uv":[5.0,1.0,6.0,2.0]},"up":{"texture":"#o3","uv":[1.0,5.0,2.0,6.0]}},"rotation":{"angle":0.0,"axis":"z","origin":[8.0,5.3,11.71]}},{"from":[7.90054,4.8,11.21],"to":[8.09946,5.8,12.11],"faces":{"north":{"texture":"#o3","uv":[5.0,1.0,6.0,2.0]},"up":{"texture":"#o3","uv":[1.0,5.0,2.0,6.0]}},"rotation":{"angle":22.5,"axis":"z","origin":[8.0,5.3,11.71]}},{"from":[7.90054,4.8,11.21],"to":[8.09946,5.8,12.11],"faces":{"north":{"texture":"#o3","uv":[5.0,1.0,6.0,2.0]},"up":{"texture":"#o3","uv":[1.0,5.0,2.0,6.0]}},"rotation":{"angle":45.0,"axis":"z","origin":[8.0,5.3,11.71]}},{"from":[7.5,5.20054,11.21],"to":[8.5,5.39946,12.11],"faces":{"north":{"texture":"#o3","uv":[5.0,1.0,6.0,2.0]},"east":{"texture":"#o3","uv":[1.0,5.0,2.0,6.0]},"west":{"texture":"#o3","uv":[1.0,5.0,2.0,6.0]}},"rotation":{"angle":-22.5,"axis":"z","origin":[8.0,5.3,11.71]}},{"from":[7.5,5.20054,11.21],"to":[8.5,5.39946,12.11],"faces":{"north":{"texture":"#o3","uv":[5.0,1.0,6.0,2.0]},"east":{"texture":"#o3","uv":[1.0,5.0,2.0,6.0]},"west":{"texture":"#o3","uv":[1.0,5.0,2.0,6.0]}},"rotation":{"angle":0.0,"axis":"z","origin":[8.0,5.3,11.71]}},{"from":[7.5,5.20054,11.21],"to":[8.5,5.39946,12.11],"faces":{"north":{"texture":"#o3","uv":[5.0,1.0,6.0,2.0]},"east":{"texture":"#o3","uv":[1.0,5.0,2.0,6.0]},"west":{"texture":"#o3","uv":[1.0,5.0,2.0,6.0]}},"rotation":{"angle":22.5,"axis":"z","origin":[8.0,5.3,11.71]}},{"from":[7.90054,4.8,16.1],"to":[8.09946,5.8,16.51],"faces":{"north":{"texture":"#o3","uv":[5.0,1.0,6.0,2.0]},"south":{"texture":"#o3","uv":[5.0,1.0,6.0,2.0]},"up":{"texture":"#o3","uv":[5.0,1.0,6.0,2.0]},"down":{"texture":"#o3","uv":[5.0,1.0,6.0,2.0]}},"rotation":{"angle":-45.0,"axis":"z","origin":[8.0,5.3,16.6]}},{"from":[7.90054,4.8,16.1],"to":[8.09946,5.8,16.51],"faces":{"north":{"texture":"#o3","uv":[5.0,1.0,6.0,2.0]},"south":{"texture":"#o3","uv":[5.0,1.0,6.0,2.0]},"up":{"texture":"#o3","uv":[5.0,1.0,6.0,2.0]}},"rotation":{"angle":-22.5,"axis":"z","origin":[8.0,5.3,16.6]}},{"from":[7.90054,4.8,16.1],"to":[8.09946,5.8,16.51],"faces":{"north":{"texture":"#o3","uv":[5.0,1.0,6.0,2.0]},"south":{"texture":"#o3","uv":[5.0,1.0,6.0,2.0]},"up":{"texture":"#o3","uv":[5.0,1.0,6.0,2.0]}},"rotation":{"angle":0.0,"axis":"z","origin":[8.0,5.3,16.6]}},{"from":[7.90054,4.8,16.1],"to":[8.09946,5.8,16.51],"faces":{"north":{"texture":"#o3","uv":[5.0,1.0,6.0,2.0]},"south":{"texture":"#o3","uv":[5.0,1.0,6.0,2.0]},"up":{"texture":"#o3","uv":[5.0,1.0,6.0,2.0]}},"rotation":{"angle":22.5,"axis":"z","origin":[8.0,5.3,16.6]}},{"from":[7.90054,4.8,16.1],"to":[8.09946,5.8,16.51],"faces":{"north":{"texture":"#o3","uv":[5.0,1.0,6.0,2.0]},"south":{"texture":"#o3","uv":[5.0,1.0,6.0,2.0]},"up":{"texture":"#o3","uv":[5.0,1.0,6.0,2.0]},"down":{"texture":"#o3","uv":[5.0,1.0,6.0,2.0]}},"rotation":{"angle":45.0,"axis":"z","origin":[8.0,5.3,16.6]}},{"from":[7.90054,4.8,13.0],"to":[8.09946,4.9,16.1],"faces":{"east":{"texture":"#o3","uv":[5.0,1.0,6.0,2.0]},"down":{"texture":"#o3","uv":[5.0,1.0,6.0,2.0]}},"rotation":{"angle":45.0,"axis":"z","origin":[8.0,5.3,16.2]}},{"from":[7.5,5.20054,16.1],"to":[8.5,5.39946,16.51],"faces":{"north":{"texture":"#o3","uv":[5.0,1.0,6.0,2.0]},"east":{"texture":"#o3","uv":[5.0,1.0,6.0,2.0]},"south":{"texture":"#o3","uv":[5.0,1.0,6.0,2.0]},"west":{"texture":"#o3","uv":[5.0,1.0,6.0,2.0]}},"rotation":{"angle":-22.5,"axis":"z","origin":[8.0,5.3,16.6]}},{"from":[7.5,5.20054,16.1],"to":[8.5,5.39946,16.51],"faces":{"north":{"texture":"#o3","uv":[5.0,1.0,6.0,2.0]},"east":{"texture":"#o3","uv":[5.0,1.0,6.0,2.0]},"south":{"texture":"#o3","uv":[5.0,1.0,6.0,2.0]},"west":{"texture":"#o3","uv":[5.0,1.0,6.0,2.0]}},"rotation":{"angle":22.5,"axis":"z","origin":[8.0,5.3,16.6]}},{"from":[7.93436,5.07,16.51],"to":[8.36564,5.73,17.52],"faces":{"south":{"texture":"#o3","uv":[5.0,1.0,6.0,2.0]},"up":{"texture":"#o3","uv":[5.0,1.0,6.0,2.0]}},"rotation":{"angle":-45.0,"axis":"z","origin":[8.0,5.4,17.01]}},{"from":[7.93436,5.07,16.51],"to":[8.06564,5.73,17.52],"faces":{"south":{"texture":"#o3","uv":[5.0,1.0,6.0,2.0]},"up":{"texture":"#o3","uv":[5.0,1.0,6.0,2.0]}},"rotation":{"angle":-22.5,"axis":"z","origin":[8.0,5.4,17.01]}},{"from":[7.93436,5.07,16.51],"to":[8.06564,5.73,17.52],"faces":{"south":{"texture":"#o3","uv":[5.0,1.0,6.0,2.0]},"up":{"texture":"#o3","uv":[5.0,1.0,6.0,2.0]}},"rotation":{"angle":0.0,"axis":"z","origin":[8.0,5.4,17.01]}},{"from":[7.93436,5.07,16.51],"to":[8.06564,5.73,17.52],"faces":{"south":{"texture":"#o3","uv":[5.0,1.0,6.0,2.0]},"up":{"texture":"#o3","uv":[5.0,1.0,6.0,2.0]}},"rotation":{"angle":22.5,"axis":"z","origin":[8.0,5.4,17.01]}},{"from":[7.63436,5.07,16.51],"to":[8.06564,5.73,17.52],"faces":{"south":{"texture":"#o3","uv":[5.0,1.0,6.0,2.0]},"up":{"texture":"#o3","uv":[5.0,1.0,6.0,2.0]}},"rotation":{"angle":45.0,"axis":"z","origin":[8.0,5.4,17.01]}},{"from":[7.63436,5.07,17.52],"to":[7.96564,5.73,17.82],"faces":{"east":{"texture":"#o3","uv":[5.0,1.0,6.0,2.0]},"south":{"texture":"#o3","uv":[5.0,1.0,6.0,2.0]},"up":{"texture":"#o3","uv":[5.0,1.0,6.0,2.0]}},"rotation":{"angle":45.0,"axis":"z","origin":[8.0,5.4,17.31]}},{"from":[7.90054,4.8,16.51],"to":[8.09946,5.5,17.82],"faces":{"north":{"texture":"#o3","uv":[5.0,1.0,6.0,2.0]},"east":{"texture":"#o3","uv":[5.0,1.0,6.0,2.0]},"south":{"texture":"#o3","uv":[5.0,1.0,6.0,2.0]},"west":{"texture":"#o3","uv":[5.0,1.0,6.0,2.0]},"up":{"texture":"#o3","uv":[5.0,1.0,6.0,2.0]},"down":{"texture":"#o3","uv":[5.0,1.0,6.0,2.0]}},"rotation":{"angle":0.0,"axis":"z","origin":[8.0,5.3,17.01]}},{"from":[7.5,4.90054,16.51],"to":[8.5,5.39946,17.82],"faces":{"north":{"texture":"#o3","uv":[5.0,1.0,6.0,2.0]},"east":{"texture":"#o3","uv":[5.0,1.0,6.0,2.0]},"south":{"texture":"#o3","uv":[5.0,1.0,6.0,2.0]},"west":{"texture":"#o3","uv":[5.0,1.0,6.0,2.0]},"up":{"texture":"#o3","uv":[5.0,1.0,6.0,2.0]}},"rotation":{"angle":0.0,"axis":"z","origin":[8.0,5.3,18.43]}},{"from":[7.5,5.20054,16.1],"to":[8.5,5.39946,16.51],"faces":{"north":{"texture":"#o3","uv":[5.0,1.0,6.0,2.0]},"east":{"texture":"#o3","uv":[5.0,1.0,6.0,2.0]},"west":{"texture":"#o3","uv":[5.0,1.0,6.0,2.0]}},"rotation":{"angle":0.0,"axis":"z","origin":[8.0,5.3,18.43]}},{"from":[7.91049,4.85,4.7],"to":[8.08951,5.75,11.23],"faces":{"up":{"texture":"#o3","uv":[1.0,5.0,2.0,6.0]}},"rotation":{"angle":-45.0,"axis":"z","origin":[8.0,5.3,5.2]}},{"from":[7.91049,4.85,4.7],"to":[8.08951,5.75,11.23],"faces":{"up":{"texture":"#o3","uv":[1.0,5.0,2.0,6.0]}},"rotation":{"angle":-22.5,"axis":"z","origin":[8.0,5.3,5.2]}},{"from":[7.91049,4.85,4.7],"to":[8.08951,5.75,11.23],"faces":{"up":{"texture":"#o3","uv":[1.0,5.0,2.0,6.0]}},"rotation":{"angle":0.0,"axis":"z","origin":[8.0,5.3,5.2]}},{"from":[7.91049,4.85,4.7],"to":[8.08951,5.75,11.23],"faces":{"up":{"texture":"#o3","uv":[1.0,5.0,2.0,6.0]}},"rotation":{"angle":22.5,"axis":"z","origin":[8.0,5.3,5.2]}},{"from":[7.91049,4.85,4.7],"to":[8.08951,5.75,11.23],"faces":{"up":{"texture":"#o3","uv":[1.0,5.0,2.0,6.0]}},"rotation":{"angle":45.0,"axis":"z","origin":[8.0,5.3,5.2]}},{"from":[7.55,5.21049,4.7],"to":[8.45,5.38951,11.23],"faces":{"east":{"texture":"#o3","uv":[1.0,5.0,2.0,6.0]},"west":{"texture":"#o3","uv":[1.0,5.0,2.0,6.0]}},"rotation":{"angle":-22.5,"axis":"z","origin":[8.0,5.3,5.2]}},{"from":[7.55,5.21049,4.7],"to":[8.45,5.38951,11.23],"faces":{"east":{"texture":"#o3","uv":[1.0,5.0,2.0,6.0]},"west":{"texture":"#o3","uv":[1.0,5.0,2.0,6.0]}},"rotation":{"angle":0.0,"axis":"z","origin":[8.0,5.3,5.2]}},{"from":[7.55,5.21049,4.7],"to":[8.45,5.38951,11.23],"faces":{"east":{"texture":"#o3","uv":[1.0,5.0,2.0,6.0]},"west":{"texture":"#o3","uv":[1.0,5.0,2.0,6.0]}},"rotation":{"angle":22.5,"axis":"z","origin":[8.0,5.3,5.2]}},{"from":[7.88065,4.71,11.4],"to":[8.11935,5.91,13.13],"faces":{"north":{"texture":"#o3","uv":[1.0,5.0,2.0,6.0]},"east":{"texture":"#o3","uv":[1.0,5.0,2.0,6.0]},"south":{"texture":"#o3","uv":[1.0,5.0,2.0,6.0]},"west":{"texture":"#o3","uv":[1.0,5.0,2.0,6.0]},"up":{"texture":"#o3","uv":[1.0,5.0,2.0,6.0]},"down":{"texture":"#o3","uv":[1.0,5.0,2.0,6.0]}},"rotation":{"angle":-45.0,"axis":"z","origin":[8.0,5.31,11.9]}},{"from":[7.88065,4.71,11.4],"to":[8.11935,5.91,13.13],"faces":{"north":{"texture":"#o3","uv":[1.0,5.0,2.0,6.0]},"east":{"texture":"#o3","uv":[1.0,5.0,2.0,6.0]},"south":{"texture":"#o3","uv":[1.0,5.0,2.0,6.0]},"west":{"texture":"#o3","uv":[1.0,5.0,2.0,6.0]},"up":{"texture":"#o3","uv":[1.0,5.0,2.0,6.0]},"down":{"texture":"#o3","uv":[1.0,5.0,2.0,6.0]}},"rotation":{"angle":-22.5,"axis":"z","origin":[8.0,5.31,11.9]}},{"from":[7.88065,4.71,11.4],"to":[8.11935,5.91,13.13],"faces":{"north":{"texture":"#o3","uv":[1.0,5.0,2.0,6.0]},"east":{"texture":"#o3","uv":[1.0,5.0,2.0,6.0]},"south":{"texture":"#o3","uv":[1.0,5.0,2.0,6.0]},"west":{"texture":"#o3","uv":[1.0,5.0,2.0,6.0]},"up":{"texture":"#o3","uv":[1.0,5.0,2.0,6.0]},"down":{"texture":"#o3","uv":[1.0,5.0,2.0,6.0]}},"rotation":{"angle":0.0,"axis":"z","origin":[8.0,5.31,11.9]}},{"from":[7.88065,4.71,11.4],"to":[8.11935,5.91,13.13],"faces":{"north":{"texture":"#o3","uv":[1.0,5.0,2.0,6.0]},"east":{"texture":"#o3","uv":[1.0,5.0,2.0,6.0]},"south":{"texture":"#o3","uv":[1.0,5.0,2.0,6.0]},"west":{"texture":"#o3","uv":[1.0,5.0,2.0,6.0]},"up":{"texture":"#o3","uv":[1.0,5.0,2.0,6.0]},"down":{"texture":"#o3","uv":[1.0,5.0,2.0,6.0]}},"rotation":{"angle":22.5,"axis":"z","origin":[8.0,5.31,11.9]}},{"from":[7.88065,4.71,11.4],"to":[8.11935,5.91,13.13],"faces":{"north":{"texture":"#o3","uv":[1.0,5.0,2.0,6.0]},"east":{"texture":"#o3","uv":[1.0,5.0,2.0,6.0]},"south":{"texture":"#o3","uv":[1.0,5.0,2.0,6.0]},"west":{"texture":"#o3","uv":[1.0,5.0,2.0,6.0]},"up":{"texture":"#o3","uv":[1.0,5.0,2.0,6.0]},"down":{"texture":"#o3","uv":[1.0,5.0,2.0,6.0]}},"rotation":{"angle":45.0,"axis":"z","origin":[8.0,5.31,11.9]}},{"from":[7.4,5.19065,11.4],"to":[8.6,5.42935,13.13],"faces":{"north":{"texture":"#o3","uv":[1.0,5.0,2.0,6.0]},"east":{"texture":"#o3","uv":[1.0,5.0,2.0,6.0]},"south":{"texture":"#o3","uv":[1.0,5.0,2.0,6.0]},"west":{"texture":"#o3","uv":[1.0,5.0,2.0,6.0]},"up":{"texture":"#o3","uv":[1.0,5.0,2.0,6.0]},"down":{"texture":"#o3","uv":[1.0,5.0,2.0,6.0]}},"rotation":{"angle":-22.5,"axis":"z","origin":[8.0,5.31,11.9]}},{"from":[7.4,5.19065,11.4],"to":[8.6,5.42935,13.13],"faces":{"north":{"texture":"#o3","uv":[1.0,5.0,2.0,6.0]},"east":{"texture":"#o3","uv":[1.0,5.0,2.0,6.0]},"south":{"texture":"#o3","uv":[1.0,5.0,2.0,6.0]},"west":{"texture":"#o3","uv":[1.0,5.0,2.0,6.0]},"up":{"texture":"#o3","uv":[1.0,5.0,2.0,6.0]},"down":{"texture":"#o3","uv":[1.0,5.0,2.0,6.0]}},"rotation":{"angle":0.0,"axis":"z","origin":[8.0,5.31,11.9]}},{"from":[7.4,5.19065,11.4],"to":[8.6,5.42935,13.13],"faces":{"north":{"texture":"#o3","uv":[1.0,5.0,2.0,6.0]},"east":{"texture":"#o3","uv":[1.0,5.0,2.0,6.0]},"south":{"texture":"#o3","uv":[1.0,5.0,2.0,6.0]},"west":{"texture":"#o3","uv":[1.0,5.0,2.0,6.0]},"up":{"texture":"#o3","uv":[1.0,5.0,2.0,6.0]},"down":{"texture":"#o3","uv":[1.0,5.0,2.0,6.0]}},"rotation":{"angle":22.5,"axis":"z","origin":[8.0,5.31,11.9]}},{"from":[7.31,4.91946,16.4],"to":[7.5,5.32946,17.8],"faces":{"north":{"texture":"#o3","uv":[5.0,1.0,6.0,2.0]},"east":{"texture":"#o3","uv":[5.0,1.0,6.0,2.0]},"south":{"texture":"#o3","uv":[5.0,1.0,6.0,2.0]},"west":{"texture":"#o3","uv":[5.0,1.0,6.0,2.0]},"up":{"texture":"#o3","uv":[5.0,1.0,6.0,2.0]}},"rotation":{"angle":0.0,"axis":"y","origin":[7.77307,5.62922,29.31]}},{"from":[7.91049,4.86,13.1],"to":[8.08951,5.06,15.31],"faces":{"south":{"texture":"#o3","uv":[5.0,1.0,6.0,2.0]},"west":{"texture":"#o3","uv":[5.0,1.0,6.0,2.0]},"up":{"texture":"#o3","uv":[5.0,1.0,6.0,2.0]},"down":{"texture":"#o3","uv":[5.0,1.0,6.0,2.0]}},"rotation":{"angle":-45.0,"axis":"z","origin":[8.0,5.31,13.6]}},{"from":[7.91049,4.86,13.1],"to":[8.08951,5.06,16.11],"faces":{"west":{"texture":"#o3","uv":[5.0,1.0,6.0,2.0]},"up":{"texture":"#o3","uv":[5.0,1.0,6.0,2.0]},"down":{"texture":"#o3","uv":[5.0,1.0,6.0,2.0]}},"rotation":{"angle":-22.5,"axis":"z","origin":[8.0,5.31,13.6]}},{"from":[7.91049,4.86,13.1],"to":[8.08951,5.06,16.11],"faces":{"up":{"texture":"#o3","uv":[5.0,1.0,6.0,2.0]},"down":{"texture":"#o3","uv":[5.0,1.0,6.0,2.0]}},"rotation":{"angle":0.0,"axis":"z","origin":[8.0,5.31,13.6]}},{"from":[7.91049,4.86,13.1],"to":[8.08951,5.06,16.11],"faces":{"up":{"texture":"#o3","uv":[5.0,1.0,6.0,2.0]},"down":{"texture":"#o3","uv":[5.0,1.0,6.0,2.0]}},"rotation":{"angle":22.5,"axis":"z","origin":[8.0,5.31,13.6]}},{"from":[7.91049,4.86,13.1],"to":[8.08951,5.06,16.11],"faces":{"up":{"texture":"#o3","uv":[5.0,1.0,6.0,2.0]},"down":{"texture":"#o3","uv":[5.0,1.0,6.0,2.0]}},"rotation":{"angle":45.0,"axis":"z","origin":[8.0,5.31,13.6]}},{"from":[7.55,5.22049,13.1],"to":[7.75,5.59951,14.91],"faces":{"east":{"texture":"#o3","uv":[5.0,1.0,6.0,2.0]},"south":{"texture":"#o3","uv":[5.0,1.0,6.0,2.0]},"west":{"texture":"#o3","uv":[5.0,1.0,6.0,2.0]},"up":{"texture":"#o3","uv":[5.0,1.0,6.0,2.0]}},"rotation":{"angle":0.0,"axis":"z","origin":[8.0,5.31,13.6]}},{"from":[7.55,5.22049,13.1],"to":[7.75,5.39951,15.12],"faces":{"east":{"texture":"#o3","uv":[5.0,1.0,6.0,2.0]},"south":{"texture":"#o3","uv":[5.0,1.0,6.0,2.0]},"west":{"texture":"#o3","uv":[5.0,1.0,6.0,2.0]},"up":{"texture":"#o3","uv":[5.0,1.0,6.0,2.0]}},"rotation":{"angle":22.5,"axis":"z","origin":[8.0,5.31,13.6]}},{"from":[8.25,5.22049,13.1],"to":[8.45,5.39951,16.11],"faces":{"east":{"texture":"#o3","uv":[5.0,1.0,6.0,2.0]},"west":{"texture":"#o3","uv":[5.0,1.0,6.0,2.0]}},"rotation":{"angle":-22.5,"axis":"z","origin":[8.0,5.31,13.6]}},{"from":[8.25,5.22049,13.1],"to":[8.45,5.29951,16.11],"faces":{"east":{"texture":"#o3","uv":[5.0,1.0,6.0,2.0]},"west":{"texture":"#o3","uv":[5.0,1.0,6.0,2.0]},"up":{"texture":"#o3","uv":[5.0,1.0,6.0,2.0]}},"rotation":{"angle":0.0,"axis":"z","origin":[8.0,5.31,13.6]}},{"from":[7.92044,5.28,-5.5],"to":[8.07956,5.68,-3.7],"faces":{"north":{"texture":"#o3","uv":[1.0,5.0,2.0,6.0]},"south":{"texture":"#o3","uv":[1.0,5.0,2.0,6.0]},"up":{"texture":"#o3","uv":[1.0,5.0,2.0,6.0]}},"rotation":{"angle":-45.0,"axis":"z","origin":[8.0,5.28,-5.0]}},{"from":[7.6,4.44033,-5.5],"to":[8.4,5.35967,-3.7],"faces":{"north":{"texture":"#o3","uv":[1.0,5.0,2.0,6.0]},"east":{"texture":"#o3","uv":[1.0,5.0,2.0,6.0]},"south":{"texture":"#o3","uv":[1.0,5.0,2.0,6.0]},"west":{"texture":"#o3","uv":[1.0,5.0,2.0,6.0]}},"rotation":{"angle":0.0,"axis":"z","origin":[8.0,5.3,-5.0]}},{"from":[7.9,4.48033,-7.05],"to":[8.1,5.35967,-5.5],"faces":{"north":{"texture":"#o3","uv":[5.0,1.0,6.0,2.0]},"east":{"texture":"#o3","uv":[5.0,1.0,6.0,2.0]},"west":{"texture":"#o3","uv":[5.0,1.0,6.0,2.0]},"down":{"texture":"#o3","uv":[5.0,1.0,6.0,2.0]}},"rotation":{"angle":0.0,"axis":"z","origin":[8.0,5.3,-6.8]}},{"from":[7.95,4.50033,-9.66],"to":[8.05,4.62967,-7.05],"faces":{"north":{"texture":"#o3","uv":[5.0,1.0,6.0,2.0]},"east":{"texture":"#o3","uv":[5.0,1.0,6.0,2.0]},"west":{"texture":"#o3","uv":[5.0,1.0,6.0,2.0]},"up":{"texture":"#o3","uv":[5.0,1.0,6.0,2.0]},"down":{"texture":"#o3","uv":[5.0,1.0,6.0,2.0]}},"rotation":{"angle":0.0,"axis":"z","origin":[8.0,5.34,-8.35]}},{"from":[7.92044,5.28,-5.5],"to":[8.07956,5.68,-3.7],"faces":{"north":{"texture":"#o3","uv":[1.0,5.0,2.0,6.0]},"south":{"texture":"#o3","uv":[1.0,5.0,2.0,6.0]},"up":{"texture":"#o3","uv":[1.0,5.0,2.0,6.0]}},"rotation":{"angle":-22.5,"axis":"z","origin":[8.0,5.28,-5.0]}},{"from":[7.92044,5.28,-5.5],"to":[8.07956,5.68,-3.7],"faces":{"north":{"texture":"#o3","uv":[1.0,5.0,2.0,6.0]},"south":{"texture":"#o3","uv":[1.0,5.0,2.0,6.0]},"up":{"texture":"#o3","uv":[1.0,5.0,2.0,6.0]}},"rotation":{"angle":0.0,"axis":"z","origin":[8.0,5.28,-5.0]}},{"from":[7.92044,5.28,-5.5],"to":[8.07956,5.68,-3.7],"faces":{"north":{"texture":"#o3","uv":[1.0,5.0,2.0,6.0]},"south":{"texture":"#o3","uv":[1.0,5.0,2.0,6.0]},"up":{"texture":"#o3","uv":[1.0,5.0,2.0,6.0]}},"rotation":{"angle":22.5,"axis":"z","origin":[8.0,5.28,-5.0]}},{"from":[7.92044,5.28,-5.5],"to":[8.07956,5.68,-3.7],"faces":{"north":{"texture":"#o3","uv":[1.0,5.0,2.0,6.0]},"south":{"texture":"#o3","uv":[1.0,5.0,2.0,6.0]},"up":{"texture":"#o3","uv":[1.0,5.0,2.0,6.0]}},"rotation":{"angle":45.0,"axis":"z","origin":[8.0,5.28,-5.0]}},{"from":[7.6,5.20044,-5.5],"to":[8.0,5.35956,-3.7],"faces":{"north":{"texture":"#o3","uv":[1.0,5.0,2.0,6.0]},"south":{"texture":"#o3","uv":[1.0,5.0,2.0,6.0]},"west":{"texture":"#o3","uv":[1.0,5.0,2.0,6.0]}},"rotation":{"angle":-22.5,"axis":"z","origin":[8.0,5.28,-5.0]}},{"from":[8.0,5.20044,-5.5],"to":[8.4,5.35956,-3.7],"faces":{"north":{"texture":"#o3","uv":[1.0,5.0,2.0,6.0]},"east":{"texture":"#o3","uv":[1.0,5.0,2.0,6.0]},"south":{"texture":"#o3","uv":[1.0,5.0,2.0,6.0]}},"rotation":{"angle":22.5,"axis":"z","origin":[8.0,5.28,-5.0]}},{"from":[7.92044,4.12,-5.5],"to":[8.07956,4.52,-3.7],"faces":{"north":{"texture":"#o3","uv":[1.0,6.0,2.0,5.0]},"south":{"texture":"#o3","uv":[1.0,6.0,2.0,5.0]},"down":{"texture":"#o3","uv":[1.0,6.0,2.0,5.0]}},"rotation":{"angle":22.5,"axis":"z","origin":[8.0,4.52,-5.0]}},{"from":[7.92044,4.12,-5.5],"to":[8.07956,4.52,-3.7],"faces":{"north":{"texture":"#o3","uv":[1.0,6.0,2.0,5.0]},"south":{"texture":"#o3","uv":[1.0,6.0,2.0,5.0]},"down":{"texture":"#o3","uv":[1.0,6.0,2.0,5.0]}},"rotation":{"angle":0.0,"axis":"z","origin":[8.0,4.52,-5.0]}},{"from":[7.92044,4.12,-5.5],"to":[8.07956,4.52,-3.7],"faces":{"north":{"texture":"#o3","uv":[1.0,6.0,2.0,5.0]},"south":{"texture":"#o3","uv":[1.0,6.0,2.0,5.0]},"down":{"texture":"#o3","uv":[1.0,6.0,2.0,5.0]}},"rotation":{"angle":-22.5,"axis":"z","origin":[8.0,4.52,-5.0]}},{"from":[7.92044,4.12,-5.5],"to":[8.07956,4.52,-3.7],"faces":{"north":{"texture":"#o3","uv":[1.0,6.0,2.0,5.0]},"south":{"texture":"#o3","uv":[1.0,6.0,2.0,5.0]},"down":{"texture":"#o3","uv":[1.0,6.0,2.0,5.0]}},"rotation":{"angle":-45.0,"axis":"z","origin":[8.0,4.52,-5.0]}},{"from":[7.6,4.44044,-5.5],"to":[8.0,4.59956,-3.7],"faces":{"north":{"texture":"#o3","uv":[1.0,6.0,2.0,5.0]},"south":{"texture":"#o3","uv":[1.0,6.0,2.0,5.0]},"west":{"texture":"#o3","uv":[1.0,6.0,2.0,5.0]}},"rotation":{"angle":22.5,"axis":"z","origin":[8.0,4.52,-5.0]}},{"from":[8.0,4.44044,-5.5],"to":[8.4,4.59956,-3.7],"faces":{"north":{"texture":"#o3","uv":[1.0,6.0,2.0,5.0]},"east":{"texture":"#o3","uv":[1.0,6.0,2.0,5.0]},"south":{"texture":"#o3","uv":[1.0,6.0,2.0,5.0]}},"rotation":{"angle":-22.5,"axis":"z","origin":[8.0,4.52,-5.0]}},{"from":[7.92044,4.12,-5.5],"to":[8.07956,4.52,-3.7],"faces":{"north":{"texture":"#o3","uv":[1.0,6.0,2.0,5.0]},"south":{"texture":"#o3","uv":[1.0,6.0,2.0,5.0]},"down":{"texture":"#o3","uv":[1.0,6.0,2.0,5.0]}},"rotation":{"angle":45.0,"axis":"z","origin":[8.0,4.52,-5.0]}},{"from":[7.92541,4.145,-3.7],"to":[8.07459,4.595,-0.78],"faces":{"down":{"texture":"#o8","uv":[3.0,11.0,16.0,12.0]}},"rotation":{"angle":-45.0,"axis":"z","origin":[8.0,4.52,-3.2]}},{"from":[7.625,4.4453,-3.7],"to":[8.375,5.3547,-0.78],"faces":{"east":{"texture":"#o8","uv":[3.0,8.0,16.0,14.0]},"west":{"texture":"#o8","uv":[0.0,0.0,13.0,6.0]},"up":{"texture":"#o8","uv":[0.0,3.0,13.0,8.0],"rotation":90}},"rotation":{"angle":0.0,"axis":"z","origin":[8.0,5.3,-3.2]}},{"from":[7.92541,4.145,-3.7],"to":[8.07459,4.595,-0.78],"faces":{"down":{"texture":"#o8","uv":[2.0,11.0,15.0,12.0]}},"rotation":{"angle":-22.5,"axis":"z","origin":[8.0,4.52,-3.2]}},{"from":[7.92541,4.145,-3.7],"to":[8.07459,4.595,-0.78],"faces":{"down":{"texture":"#o8","uv":[3.0,15.0,16.0,16.0]}},"rotation":{"angle":0.0,"axis":"z","origin":[8.0,4.52,-3.2]}},{"from":[7.92541,4.145,-3.7],"to":[8.07459,4.595,-0.78],"faces":{"down":{"texture":"#o8","uv":[3.0,3.0,16.0,4.0]}},"rotation":{"angle":22.5,"axis":"z","origin":[8.0,4.52,-3.2]}},{"from":[7.92541,4.145,-3.7],"to":[8.07459,4.595,-0.78],"faces":{"down":{"texture":"#o8","uv":[3.0,4.0,16.0,5.0]}},"rotation":{"angle":45.0,"axis":"z","origin":[8.0,4.52,-3.2]}},{"from":[7.925,4.44541,-3.7],"to":[8.375,4.59459,-0.78],"faces":{"east":{"texture":"#o8","uv":[1.0,11.0,14.0,12.0]}},"rotation":{"angle":-22.5,"axis":"z","origin":[8.0,4.52,-3.2]}},{"from":[7.625,4.44541,-3.7],"to":[8.075,4.59459,-0.78],"faces":{"west":{"texture":"#o8","uv":[0.0,6.0,13.0,7.0]}},"rotation":{"angle":22.5,"axis":"z","origin":[8.0,4.52,-3.2]}},{"from":[7.625,4.3753,-0.1],"to":[8.375,5.4547,2.1],"faces":{"east":{"texture":"#o8","uv":[7.0,9.0,16.0,15.0]},"west":{"texture":"#o8","uv":[1.0,1.0,10.0,7.0]},"up":{"texture":"#o3","uv":[1.0,1.0,2.0,2.0]},"down":{"texture":"#o3","uv":[1.0,1.0,2.0,2.0]}},"rotation":{"angle":0.0,"axis":"z","origin":[8.0,5.3,0.4]}},{"from":[7.625,4.37541,-0.1],"to":[8.075,4.52459,2.1],"faces":{"north":{"texture":"#o3","uv":[1.0,1.0,2.0,2.0]},"west":{"texture":"#o8","uv":[3.0,12.0,12.0,13.0]}},"rotation":{"angle":22.5,"axis":"z","origin":[8.0,4.45,0.4]}},{"from":[7.92541,4.075,-0.1],"to":[8.07459,4.525,2.1],"faces":{"north":{"texture":"#o3","uv":[1.0,1.0,2.0,2.0]},"down":{"texture":"#o8","uv":[1.0,14.0,10.0,15.0],"rotation":90}},"rotation":{"angle":-45.0,"axis":"z","origin":[8.0,4.45,0.4]}},{"from":[7.92541,4.075,-0.1],"to":[8.07459,4.525,2.1],"faces":{"north":{"texture":"#o3","uv":[1.0,1.0,2.0,2.0]},"down":{"texture":"#o8","uv":[7.0,0.0,16.0,1.0],"rotation":90}},"rotation":{"angle":0.0,"axis":"z","origin":[8.0,4.45,0.4]}},{"from":[7.92541,4.075,-0.1],"to":[8.07459,4.525,2.1],"faces":{"north":{"texture":"#o3","uv":[1.0,1.0,2.0,2.0]},"down":{"texture":"#o8","uv":[1.0,5.0,10.0,6.0],"rotation":90}},"rotation":{"angle":-22.5,"axis":"z","origin":[8.0,4.45,0.4]}},{"from":[7.925,4.37541,-0.1],"to":[8.375,4.52459,2.1],"faces":{"north":{"texture":"#o3","uv":[1.0,1.0,2.0,2.0]},"east":{"texture":"#o8","uv":[7.0,15.0,16.0,16.0]}},"rotation":{"angle":-22.5,"axis":"z","origin":[8.0,4.45,0.4]}},{"from":[7.92541,4.075,-0.1],"to":[8.07459,4.525,2.1],"faces":{"north":{"texture":"#o3","uv":[1.0,1.0,2.0,2.0]},"down":{"texture":"#o8","uv":[0.0,10.0,9.0,11.0],"rotation":90}},"rotation":{"angle":45.0,"axis":"z","origin":[8.0,4.45,0.4]}},{"from":[7.92541,4.075,-0.1],"to":[8.07459,4.525,2.1],"faces":{"north":{"texture":"#o3","uv":[1.0,1.0,2.0,2.0]},"down":{"texture":"#o8","uv":[7.0,13.0,16.0,14.0],"rotation":90}},"rotation":{"angle":22.5,"axis":"z","origin":[8.0,4.45,0.4]}},{"from":[7.925,5.30541,-0.1],"to":[8.375,5.45459,2.1],"faces":{"east":{"texture":"#o8","uv":[7.0,7.0,16.0,8.0]}},"rotation":{"angle":22.5,"axis":"z","origin":[8.0,5.38,0.4]}},{"from":[7.92541,5.305,-0.1],"to":[8.07459,5.755,2.1],"faces":{"up":{"texture":"#o8","uv":[4.0,6.0,13.0,7.0],"rotation":90}},"rotation":{"angle":-45.0,"axis":"z","origin":[8.0,5.38,0.4]}},{"from":[7.92541,5.305,-0.1],"to":[8.07459,5.755,2.1],"faces":{"up":{"texture":"#o8","uv":[7.0,11.0,16.0,12.0],"rotation":90}},"rotation":{"angle":-22.5,"axis":"z","origin":[8.0,5.38,0.4]}},{"from":[7.92541,5.305,-0.1],"to":[8.07459,5.755,2.1],"faces":{"up":{"texture":"#o8","uv":[4.0,13.0,13.0,14.0],"rotation":90}},"rotation":{"angle":0.0,"axis":"z","origin":[8.0,5.38,0.4]}},{"from":[7.92541,5.305,-0.1],"to":[8.07459,5.755,2.1],"faces":{"up":{"texture":"#o8","uv":[5.0,13.0,14.0,14.0],"rotation":90}},"rotation":{"angle":22.5,"axis":"z","origin":[8.0,5.38,0.4]}},{"from":[7.92541,5.305,-0.1],"to":[8.07459,5.755,2.1],"faces":{"up":{"texture":"#o8","uv":[3.0,6.0,12.0,7.0],"rotation":90}},"rotation":{"angle":45.0,"axis":"z","origin":[8.0,5.38,0.4]}},{"from":[7.625,5.30541,-0.1],"to":[8.075,5.45459,2.1],"faces":{"west":{"texture":"#o8","uv":[4.0,6.0,13.0,7.0]}},"rotation":{"angle":-22.5,"axis":"z","origin":[8.0,5.38,0.4]}},{"from":[7.92044,5.39,-0.8],"to":[8.07956,5.79,-0.1],"faces":{"north":{"texture":"#o3","uv":[1.0,5.0,2.0,6.0]},"south":{"texture":"#o3","uv":[1.0,5.0,2.0,6.0]},"up":{"texture":"#o3","uv":[1.0,5.0,2.0,6.0]}},"rotation":{"angle":-45.0,"axis":"z","origin":[8.0,5.39,-0.3]}},{"from":[7.6,4.44033,-0.8],"to":[8.4,5.46967,-0.1],"faces":{"north":{"texture":"#o3","uv":[1.0,5.0,2.0,6.0]},"east":{"texture":"#o3","uv":[1.0,5.0,2.0,6.0]},"south":{"texture":"#o3","uv":[1.0,5.0,2.0,6.0]},"west":{"texture":"#o3","uv":[1.0,5.0,2.0,6.0]}},"rotation":{"angle":0.0,"axis":"z","origin":[8.0,5.3,-0.3]}},{"from":[7.92044,5.39,-0.8],"to":[8.07956,5.79,-0.1],"faces":{"north":{"texture":"#o3","uv":[1.0,5.0,2.0,6.0]},"south":{"texture":"#o3","uv":[1.0,5.0,2.0,6.0]},"up":{"texture":"#o3","uv":[1.0,5.0,2.0,6.0]}},"rotation":{"angle":-22.5,"axis":"z","origin":[8.0,5.39,-0.3]}},{"from":[7.92044,5.39,-0.8],"to":[8.07956,5.79,-0.1],"faces":{"north":{"texture":"#o3","uv":[1.0,5.0,2.0,6.0]},"south":{"texture":"#o3","uv":[1.0,5.0,2.0,6.0]},"up":{"texture":"#o3","uv":[1.0,5.0,2.0,6.0]}},"rotation":{"angle":0.0,"axis":"z","origin":[8.0,5.39,-0.3]}},{"from":[7.92044,5.39,-0.8],"to":[8.07956,5.79,-0.1],"faces":{"north":{"texture":"#o3","uv":[1.0,5.0,2.0,6.0]},"south":{"texture":"#o3","uv":[1.0,5.0,2.0,6.0]},"up":{"texture":"#o3","uv":[1.0,5.0,2.0,6.0]}},"rotation":{"angle":22.5,"axis":"z","origin":[8.0,5.39,-0.3]}},{"from":[7.92044,5.39,-0.8],"to":[8.07956,5.79,-0.1],"faces":{"north":{"texture":"#o3","uv":[1.0,5.0,2.0,6.0]},"south":{"texture":"#o3","uv":[1.0,5.0,2.0,6.0]},"up":{"texture":"#o3","uv":[1.0,5.0,2.0,6.0]}},"rotation":{"angle":45.0,"axis":"z","origin":[8.0,5.39,-0.3]}},{"from":[7.6,5.31044,-0.8],"to":[8.0,5.46956,-0.1],"faces":{"north":{"texture":"#o3","uv":[1.0,5.0,2.0,6.0]},"south":{"texture":"#o3","uv":[1.0,5.0,2.0,6.0]},"west":{"texture":"#o3","uv":[1.0,5.0,2.0,6.0]}},"rotation":{"angle":-22.5,"axis":"z","origin":[8.0,5.39,-0.3]}},{"from":[8.0,5.31044,-0.8],"to":[8.4,5.46956,-0.1],"faces":{"north":{"texture":"#o3","uv":[1.0,5.0,2.0,6.0]},"east":{"texture":"#o3","uv":[1.0,5.0,2.0,6.0]},"south":{"texture":"#o3","uv":[1.0,5.0,2.0,6.0]}},"rotation":{"angle":22.5,"axis":"z","origin":[8.0,5.39,-0.3]}},{"from":[7.92044,4.12,-0.8],"to":[8.07956,4.52,-0.1],"faces":{"north":{"texture":"#o3","uv":[1.0,6.0,2.0,5.0]},"south":{"texture":"#o3","uv":[1.0,6.0,2.0,5.0]},"down":{"texture":"#o3","uv":[1.0,6.0,2.0,5.0]}},"rotation":{"angle":22.5,"axis":"z","origin":[8.0,4.52,-0.3]}},{"from":[7.92044,4.12,-0.8],"to":[8.07956,4.52,-0.1],"faces":{"north":{"texture":"#o3","uv":[1.0,6.0,2.0,5.0]},"south":{"texture":"#o3","uv":[1.0,6.0,2.0,5.0]},"down":{"texture":"#o3","uv":[1.0,6.0,2.0,5.0]}},"rotation":{"angle":0.0,"axis":"z","origin":[8.0,4.52,-0.3]}},{"from":[7.92044,4.12,-0.8],"to":[8.07956,4.52,-0.1],"faces":{"north":{"texture":"#o3","uv":[1.0,6.0,2.0,5.0]},"south":{"texture":"#o3","uv":[1.0,6.0,2.0,5.0]},"down":{"texture":"#o3","uv":[1.0,6.0,2.0,5.0]}},"rotation":{"angle":-22.5,"axis":"z","origin":[8.0,4.52,-0.3]}},{"from":[7.92044,4.12,-0.8],"to":[8.07956,4.52,-0.1],"faces":{"north":{"texture":"#o3","uv":[1.0,6.0,2.0,5.0]},"south":{"texture":"#o3","uv":[1.0,6.0,2.0,5.0]},"down":{"texture":"#o3","uv":[1.0,6.0,2.0,5.0]}},"rotation":{"angle":-45.0,"axis":"z","origin":[8.0,4.52,-0.3]}},{"from":[7.6,4.44044,-0.8],"to":[8.0,4.59956,-0.1],"faces":{"north":{"texture":"#o3","uv":[1.0,6.0,2.0,5.0]},"south":{"texture":"#o3","uv":[1.0,6.0,2.0,5.0]},"west":{"texture":"#o3","uv":[1.0,6.0,2.0,5.0]}},"rotation":{"angle":22.5,"axis":"z","origin":[8.0,4.52,-0.3]}},{"from":[8.0,4.44044,-0.8],"to":[8.4,4.59956,-0.1],"faces":{"north":{"texture":"#o3","uv":[1.0,6.0,2.0,5.0]},"east":{"texture":"#o3","uv":[1.0,6.0,2.0,5.0]},"south":{"texture":"#o3","uv":[1.0,6.0,2.0,5.0]}},"rotation":{"angle":-22.5,"axis":"z","origin":[8.0,4.52,-0.3]}},{"from":[7.92044,4.12,-0.8],"to":[8.07956,4.52,-0.1],"faces":{"north":{"texture":"#o3","uv":[1.0,6.0,2.0,5.0]},"south":{"texture":"#o3","uv":[1.0,6.0,2.0,5.0]},"down":{"texture":"#o3","uv":[1.0,6.0,2.0,5.0]}},"rotation":{"angle":45.0,"axis":"z","origin":[8.0,4.52,-0.3]}},{"from":[7.91049,5.21,2.1],"to":[8.08951,5.81,4.5],"faces":{"north":{"texture":"#o3","uv":[1.0,1.0,2.0,2.0]},"up":{"texture":"#o8","uv":[6.0,15.0,15.0,16.0],"rotation":90}},"rotation":{"angle":-45.0,"axis":"z","origin":[8.0,5.36,2.6]}},{"from":[7.91049,5.21,2.1],"to":[8.08951,5.81,4.5],"faces":{"north":{"texture":"#o3","uv":[1.0,1.0,2.0,2.0]},"up":{"texture":"#o8","uv":[1.0,12.0,10.0,13.0],"rotation":90}},"rotation":{"angle":-22.5,"axis":"z","origin":[8.0,5.36,2.6]}},{"from":[7.91049,5.21,2.1],"to":[8.08951,5.81,4.5],"faces":{"north":{"texture":"#o3","uv":[1.0,1.0,2.0,2.0]},"up":{"texture":"#o8","uv":[5.0,10.0,14.0,11.0],"rotation":90}},"rotation":{"angle":0.0,"axis":"z","origin":[8.0,5.36,2.6]}},{"from":[7.91049,5.21,2.1],"to":[8.08951,5.81,4.5],"faces":{"north":{"texture":"#o3","uv":[1.0,1.0,2.0,2.0]},"up":{"texture":"#o8","uv":[3.0,7.0,12.0,8.0],"rotation":90}},"rotation":{"angle":22.5,"axis":"z","origin":[8.0,5.36,2.6]}},{"from":[7.91049,5.21,2.1],"to":[8.08951,5.81,4.5],"faces":{"north":{"texture":"#o3","uv":[1.0,1.0,2.0,2.0]},"up":{"texture":"#o8","uv":[2.0,4.0,11.0,5.0],"rotation":90}},"rotation":{"angle":45.0,"axis":"z","origin":[8.0,5.36,2.6]}},{"from":[7.55,5.27049,2.1],"to":[7.95,5.44951,4.5],"faces":{"north":{"texture":"#o3","uv":[1.0,1.0,2.0,2.0]},"west":{"texture":"#o8","uv":[7.0,8.0,16.0,9.0]}},"rotation":{"angle":-22.5,"axis":"z","origin":[8.0,5.36,2.6]}},{"from":[7.55,4.30049,2.1],"to":[8.45,5.44951,4.5],"faces":{"north":{"texture":"#o3","uv":[1.0,1.0,2.0,2.0]},"east":{"texture":"#o8","uv":[7.0,9.0,16.0,16.0]},"west":{"texture":"#o8","uv":[3.0,6.0,12.0,13.0]}},"rotation":{"angle":0.0,"axis":"z","origin":[8.0,5.36,2.6]}},{"from":[7.85,5.27049,2.1],"to":[8.45,5.44951,4.5],"faces":{"north":{"texture":"#o3","uv":[1.0,1.0,2.0,2.0]},"east":{"texture":"#o8","uv":[7.0,8.0,16.0,9.0]}},"rotation":{"angle":22.5,"axis":"z","origin":[8.0,5.36,2.6]}},{"from":[7.55,4.30049,2.1],"to":[7.95,4.47951,4.5],"faces":{"north":{"texture":"#o3","uv":[1.0,2.0,2.0,1.0]},"west":{"texture":"#o8","uv":[6.0,12.0,15.0,13.0]}},"rotation":{"angle":22.5,"axis":"z","origin":[8.0,4.39,2.6]}},{"from":[7.91049,3.94,2.1],"to":[8.08951,4.54,4.5],"faces":{"north":{"texture":"#o3","uv":[1.0,2.0,2.0,1.0]},"down":{"texture":"#o8","uv":[4.0,13.0,13.0,14.0],"rotation":90}},"rotation":{"angle":-45.0,"axis":"z","origin":[8.0,4.39,2.6]}},{"from":[7.91049,3.94,2.1],"to":[8.08951,4.54,4.5],"faces":{"north":{"texture":"#o3","uv":[1.0,2.0,2.0,1.0]},"down":{"texture":"#o8","uv":[2.0,13.0,11.0,14.0],"rotation":90}},"rotation":{"angle":-22.5,"axis":"z","origin":[8.0,4.39,2.6]}},{"from":[7.91049,3.94,2.1],"to":[8.08951,4.54,4.5],"faces":{"north":{"texture":"#o3","uv":[1.0,2.0,2.0,1.0]},"down":{"texture":"#o8","uv":[4.0,8.0,13.0,9.0],"rotation":90}},"rotation":{"angle":0.0,"axis":"z","origin":[8.0,4.39,2.6]}},{"from":[7.91049,3.94,2.1],"to":[8.08951,4.54,4.5],"faces":{"north":{"texture":"#o3","uv":[1.0,2.0,2.0,1.0]},"down":{"texture":"#o8","uv":[4.0,7.0,13.0,8.0],"rotation":90}},"rotation":{"angle":22.5,"axis":"z","origin":[8.0,4.39,2.6]}},{"from":[7.91049,3.94,2.1],"to":[8.08951,4.54,4.5],"faces":{"north":{"texture":"#o3","uv":[1.0,2.0,2.0,1.0]},"down":{"texture":"#o8","uv":[3.0,7.0,12.0,8.0],"rotation":90}},"rotation":{"angle":45.0,"axis":"z","origin":[8.0,4.39,2.6]}},{"from":[7.85,4.30049,2.1],"to":[8.45,4.47951,4.5],"faces":{"north":{"texture":"#o3","uv":[1.0,2.0,2.0,1.0]},"east":{"texture":"#o8","uv":[1.0,12.0,10.0,13.0]}},"rotation":{"angle":-22.5,"axis":"z","origin":[8.0,4.39,2.6]}},{"from":[7.8906,5.2,4.5],"to":[8.1094,5.9,5.94],"faces":{"north":{"texture":"#o3","uv":[1.0,1.0,2.0,2.0]},"south":{"texture":"#o3","uv":[1.0,1.0,2.0,2.0]},"up":{"texture":"#o8","uv":[10.0,15.0,16.0,16.0],"rotation":90}},"rotation":{"angle":-45.0,"axis":"z","origin":[8.0,5.35,5.0]}},{"from":[7.8906,5.2,4.5],"to":[8.1094,5.9,5.94],"faces":{"north":{"texture":"#o3","uv":[1.0,1.0,2.0,2.0]},"south":{"texture":"#o3","uv":[1.0,1.0,2.0,2.0]},"up":{"texture":"#o8","uv":[10.0,4.0,16.0,5.0],"rotation":90}},"rotation":{"angle":-22.5,"axis":"z","origin":[8.0,5.35,5.0]}},{"from":[7.8906,5.2,4.5],"to":[8.1094,5.9,5.94],"faces":{"north":{"texture":"#o3","uv":[1.0,1.0,2.0,2.0]},"south":{"texture":"#o3","uv":[1.0,1.0,2.0,2.0]},"up":{"texture":"#o8","uv":[6.0,2.0,12.0,3.0],"rotation":90}},"rotation":{"angle":0.0,"axis":"z","origin":[8.0,5.35,5.0]}},{"from":[7.8906,5.2,4.5],"to":[8.1094,5.9,5.94],"faces":{"north":{"texture":"#o3","uv":[1.0,1.0,2.0,2.0]},"south":{"texture":"#o3","uv":[1.0,1.0,2.0,2.0]},"up":{"texture":"#o8","uv":[5.0,7.0,11.0,8.0],"rotation":90}},"rotation":{"angle":22.5,"axis":"z","origin":[8.0,5.35,5.0]}},{"from":[7.8906,5.2,4.5],"to":[8.1094,5.9,5.94],"faces":{"north":{"texture":"#o3","uv":[1.0,1.0,2.0,2.0]},"south":{"texture":"#o3","uv":[1.0,1.0,2.0,2.0]},"up":{"texture":"#o8","uv":[5.0,7.0,11.0,8.0],"rotation":90}},"rotation":{"angle":45.0,"axis":"z","origin":[8.0,5.35,5.0]}},{"from":[7.45,5.2406,4.5],"to":[8.15,5.4594,5.94],"faces":{"north":{"texture":"#o3","uv":[1.0,1.0,2.0,2.0]},"south":{"texture":"#o3","uv":[1.0,1.0,2.0,2.0]},"west":{"texture":"#o8","uv":[10.0,9.0,16.0,10.0]}},"rotation":{"angle":-22.5,"axis":"z","origin":[8.0,5.35,5.0]}},{"from":[7.45,4.2406,5.94],"to":[8.55,5.1094,9.38],"faces":{"east":{"texture":"#o8","uv":[0.0,9.0,14.0,14.0]},"west":{"texture":"#o8","uv":[0.0,9.0,14.0,14.0]},"up":{"texture":"#o8","uv":[0.0,11.0,14.0,16.0],"rotation":90}},"rotation":{"angle":0.0,"axis":"z","origin":[8.0,5.35,5.0]}},{"from":[7.45,4.2406,4.5],"to":[8.55,5.4594,5.94],"faces":{"north":{"texture":"#o3","uv":[1.0,1.0,2.0,2.0]},"east":{"texture":"#o8","uv":[10.0,0.0,16.0,7.0]},"south":{"texture":"#o3","uv":[1.0,1.0,2.0,2.0]},"west":{"texture":"#o8","uv":[4.0,6.0,10.0,13.0]}},"rotation":{"angle":0.0,"axis":"z","origin":[8.0,5.35,5.0]}},{"from":[7.3,4.2406,9.38],"to":[8.7,5.1094,13.11],"faces":{"north":{"texture":"#o3","uv":[1.0,1.0,2.0,2.0]},"east":{"texture":"#o8","uv":[1.0,11.0,16.0,16.0]},"south":{"texture":"#o8","uv":[1.0,8.0,6.0,13.0]},"west":{"texture":"#o8","uv":[0.0,4.0,15.0,9.0]},"up":{"texture":"#o8","uv":[1.0,8.0,16.0,13.0],"rotation":90},"down":{"texture":"#o3","uv":[1.0,1.0,2.0,2.0]}},"rotation":{"angle":0.0,"axis":"z","origin":[8.0,5.35,5.0]}},{"from":[8.0,3.8606,16.21],"to":[8.7,5.0094,17.16],"faces":{"north":{"texture":"#o3","uv":[1.0,1.0,2.0,2.0]},"east":{"texture":"#o8","uv":[1.0,1.0,5.0,7.0]},"south":{"texture":"#o3","uv":[1.0,1.0,2.0,2.0]},"up":{"texture":"#o8","uv":[1.0,1.0,5.0,7.0],"rotation":90}},"rotation":{"angle":0.0,"axis":"z","origin":[8.0,5.35,5.0]}},{"from":[8.0,3.9606,17.16],"to":[8.7,5.0094,18.95],"faces":{"north":{"texture":"#o3","uv":[1.0,1.0,2.0,2.0]},"east":{"texture":"#o8","uv":[5.0,9.0,16.0,16.0]},"south":{"texture":"#o3","uv":[1.0,1.0,2.0,2.0]},"west":{"texture":"#o3","uv":[1.0,1.0,2.0,2.0]},"up":{"texture":"#o8","uv":[5.0,5.0,12.0,9.0],"rotation":90},"down":{"texture":"#o8","uv":[5.0,5.0,12.0,9.0],"rotation":90}},"rotation":{"angle":0.0,"axis":"z","origin":[8.0,5.35,5.0]}},{"from":[8.0,4.0606,16.1],"to":[8.7,5.0094,16.21],"faces":{"north":{"texture":"#o3","uv":[1.0,1.0,2.0,2.0]},"east":{"texture":"#o8","uv":[1.0,1.0,2.0,5.0]},"up":{"texture":"#o8","uv":[4.0,9.0,6.0,10.0]}},"rotation":{"angle":0.0,"axis":"z","origin":[8.0,5.35,5.0]}},{"from":[8.0,4.0606,15.11],"to":[8.7,4.9094,16.1],"faces":{"east":{"texture":"#o8","uv":[1.0,1.0,5.0,6.0]},"up":{"texture":"#o8","uv":[1.0,1.0,5.0,4.0],"rotation":90}},"rotation":{"angle":0.0,"axis":"z","origin":[8.0,5.35,5.0]}},{"from":[8.0,4.0606,13.11],"to":[8.7,4.9094,15.11],"faces":{"north":{"texture":"#o3","uv":[1.0,1.0,2.0,2.0]},"east":{"texture":"#o8","uv":[1.0,2.0,9.0,7.0]},"up":{"texture":"#o8","uv":[6.0,13.0,14.0,16.0],"rotation":90}},"rotation":{"angle":0.0,"axis":"z","origin":[8.0,5.35,5.0]}},{"from":[7.3,4.0606,13.11],"to":[7.8,5.1094,15.11],"faces":{"north":{"texture":"#o3","uv":[1.0,1.0,2.0,2.0]},"south":{"texture":"#o8","uv":[2.0,6.0,10.0,8.0],"rotation":90},"west":{"texture":"#o8","uv":[1.0,1.0,9.0,7.0]},"up":{"texture":"#o8","uv":[2.0,6.0,10.0,8.0],"rotation":90}},"rotation":{"angle":0.0,"axis":"z","origin":[8.0,5.35,5.0]}},{"from":[7.3,3.8606,17.81],"to":[8.0,5.0094,18.95],"faces":{"north":{"texture":"#o3","uv":[1.0,1.0,2.0,2.0]},"east":{"texture":"#o3","uv":[1.0,1.0,2.0,2.0]},"south":{"texture":"#o3","uv":[1.0,1.0,2.0,2.0]},"west":{"texture":"#o8","uv":[12.0,9.0,16.0,16.0]},"up":{"texture":"#o8","uv":[5.0,5.0,12.0,9.0],"rotation":90},"down":{"texture":"#o3","uv":[1.0,1.0,2.0,2.0]}},"rotation":{"angle":0.0,"axis":"z","origin":[8.0,5.35,5.0]}},{"from":[7.3,3.6906,18.71],"to":[8.7,3.9606,18.95],"faces":{"north":{"texture":"#o3","uv":[1.0,1.0,2.0,2.0]},"east":{"texture":"#o3","uv":[1.0,1.0,2.0,2.0]},"south":{"texture":"#o3","uv":[1.0,1.0,2.0,2.0]},"west":{"texture":"#o3","uv":[1.0,1.0,2.0,2.0]},"up":{"texture":"#o3","uv":[1.0,1.0,2.0,2.0]},"down":{"texture":"#o3","uv":[1.0,1.0,2.0,2.0]}},"rotation":{"angle":0.0,"axis":"z","origin":[8.0,5.35,5.0]}},{"from":[7.3,3.8606,16.21],"to":[8.0,4.9094,17.81],"faces":{"north":{"texture":"#o3","uv":[1.0,1.0,2.0,2.0]},"west":{"texture":"#o8","uv":[1.0,1.0,7.0,7.0]},"up":{"texture":"#o8","uv":[1.0,1.0,7.0,7.0],"rotation":90}},"rotation":{"angle":0.0,"axis":"z","origin":[8.0,5.35,5.0]}},{"from":[7.3,4.0606,15.11],"to":[8.0,4.9094,16.21],"faces":{"west":{"texture":"#o8","uv":[1.0,1.0,5.0,6.0]},"up":{"texture":"#o8","uv":[1.0,1.0,5.0,4.0],"rotation":90}},"rotation":{"angle":0.0,"axis":"z","origin":[8.0,5.35,5.0]}},{"from":[7.85,5.2406,4.5],"to":[8.55,5.4594,5.94],"faces":{"north":{"texture":"#o3","uv":[1.0,1.0,2.0,2.0]},"east":{"texture":"#o8","uv":[10.0,9.0,16.0,10.0]},"south":{"texture":"#o3","uv":[1.0,1.0,2.0,2.0]}},"rotation":{"angle":22.5,"axis":"z","origin":[8.0,5.35,5.0]}},{"from":[7.45,4.2406,4.5],"to":[8.15,4.4594,9.38],"faces":{"north":{"texture":"#o3","uv":[1.0,2.0,2.0,1.0]},"south":{"texture":"#o3","uv":[1.0,2.0,2.0,1.0]},"west":{"texture":"#o8","uv":[0.0,7.0,16.0,8.0]}},"rotation":{"angle":22.5,"axis":"z","origin":[8.0,4.35,5.0]}},{"from":[7.8906,3.8,4.5],"to":[8.1094,4.5,9.38],"faces":{"north":{"texture":"#o3","uv":[1.0,2.0,2.0,1.0]},"down":{"texture":"#o8","uv":[0.0,13.0,16.0,14.0],"rotation":90}},"rotation":{"angle":-45.0,"axis":"z","origin":[8.0,4.35,5.0]}},{"from":[7.8906,3.8,4.5],"to":[8.1094,4.5,9.38],"faces":{"north":{"texture":"#o3","uv":[1.0,2.0,2.0,1.0]},"down":{"texture":"#o8","uv":[0.0,15.0,16.0,16.0],"rotation":90}},"rotation":{"angle":-22.5,"axis":"z","origin":[8.0,4.35,5.0]}},{"from":[7.8906,3.8,4.5],"to":[8.1094,4.5,9.38],"faces":{"north":{"texture":"#o3","uv":[1.0,2.0,2.0,1.0]},"down":{"texture":"#o8","uv":[0.0,12.0,16.0,13.0],"rotation":90}},"rotation":{"angle":0.0,"axis":"z","origin":[8.0,4.35,5.0]}},{"from":[7.8906,3.8,4.5],"to":[8.1094,4.5,9.38],"faces":{"north":{"texture":"#o3","uv":[1.0,2.0,2.0,1.0]},"down":{"texture":"#o8","uv":[0.0,11.0,16.0,12.0],"rotation":90}},"rotation":{"angle":22.5,"axis":"z","origin":[8.0,4.35,5.0]}},{"from":[7.8906,3.8,4.5],"to":[8.1094,4.5,9.38],"faces":{"north":{"texture":"#o3","uv":[1.0,2.0,2.0,1.0]},"down":{"texture":"#o8","uv":[0.0,10.0,16.0,11.0],"rotation":90}},"rotation":{"angle":45.0,"axis":"z","origin":[8.0,4.35,5.0]}},{"from":[7.85,4.2406,4.5],"to":[8.55,4.4594,9.38],"faces":{"north":{"texture":"#o3","uv":[1.0,2.0,2.0,1.0]},"east":{"texture":"#o8","uv":[0.0,4.0,16.0,5.0]},"south":{"texture":"#o3","uv":[1.0,2.0,2.0,1.0]}},"rotation":{"angle":-22.5,"axis":"z","origin":[8.0,4.35,5.0]}},{"from":[7.86076,3.68,9.38],"to":[8.13924,4.38,13.11],"faces":{"north":{"texture":"#o3","uv":[1.0,1.0,2.0,2.0]},"down":{"texture":"#o8","uv":[1.0,9.0,16.0,10.0],"rotation":90}},"rotation":{"angle":-45.0,"axis":"z","origin":[8.0,4.38,9.88]}},{"from":[7.86076,3.68,9.38],"to":[8.13924,4.38,13.11],"faces":{"north":{"texture":"#o3","uv":[1.0,1.0,2.0,2.0]},"down":{"texture":"#o8","uv":[0.0,12.0,15.0,13.0],"rotation":90}},"rotation":{"angle":-22.5,"axis":"z","origin":[8.0,4.38,9.88]}},{"from":[7.86076,3.68,9.38],"to":[8.13924,4.38,13.11],"faces":{"north":{"texture":"#o3","uv":[1.0,1.0,2.0,2.0]},"down":{"texture":"#o8","uv":[1.0,14.0,16.0,15.0],"rotation":90}},"rotation":{"angle":0.0,"axis":"z","origin":[8.0,4.38,9.88]}},{"from":[7.86076,3.68,9.38],"to":[8.13924,4.38,13.11],"faces":{"north":{"texture":"#o3","uv":[1.0,1.0,2.0,2.0]},"down":{"texture":"#o8","uv":[0.0,10.0,15.0,11.0],"rotation":90}},"rotation":{"angle":22.5,"axis":"z","origin":[8.0,4.38,9.88]}},{"from":[7.86076,3.68,9.38],"to":[8.13924,4.38,13.11],"faces":{"north":{"texture":"#o3","uv":[1.0,1.0,2.0,2.0]},"down":{"texture":"#o8","uv":[1.0,7.0,16.0,8.0],"rotation":90}},"rotation":{"angle":45.0,"axis":"z","origin":[8.0,4.38,9.88]}},{"from":[8.0,4.24076,9.38],"to":[8.7,4.51924,13.11],"faces":{"north":{"texture":"#o3","uv":[1.0,1.0,2.0,2.0]},"east":{"texture":"#o8","uv":[0.0,8.0,15.0,9.0]}},"rotation":{"angle":-22.5,"axis":"z","origin":[8.0,4.38,9.88]}},{"from":[7.3,4.24076,9.38],"to":[8.0,4.51924,13.11],"faces":{"north":{"texture":"#o3","uv":[1.0,1.0,2.0,2.0]},"west":{"texture":"#o8","uv":[0.0,8.0,15.0,9.0]}},"rotation":{"angle":22.5,"axis":"z","origin":[8.0,4.38,9.88]}},{"from":[7.86076,3.5,13.11],"to":[8.13924,4.2,16.21],"faces":{"north":{"texture":"#o3","uv":[1.0,1.0,2.0,2.0]},"down":{"texture":"#o8","uv":[4.0,7.0,16.0,8.0],"rotation":90}},"rotation":{"angle":-45.0,"axis":"z","origin":[8.0,4.2,13.61]}},{"from":[7.86076,3.5,13.11],"to":[8.13924,4.2,16.21],"faces":{"north":{"texture":"#o3","uv":[1.0,1.0,2.0,2.0]},"down":{"texture":"#o8","uv":[1.0,1.0,13.0,2.0],"rotation":90}},"rotation":{"angle":45.0,"axis":"z","origin":[8.0,4.2,13.61]}},{"from":[8.0,4.06076,13.11],"to":[8.7,4.33924,16.21],"faces":{"north":{"texture":"#o3","uv":[1.0,1.0,2.0,2.0]},"east":{"texture":"#o8","uv":[3.0,5.0,15.0,6.0]}},"rotation":{"angle":-22.5,"axis":"z","origin":[8.0,4.2,13.61]}},{"from":[7.3,4.06076,13.11],"to":[8.0,4.33924,16.21],"faces":{"north":{"texture":"#o3","uv":[1.0,1.0,2.0,2.0]},"west":{"texture":"#o8","uv":[4.0,9.0,16.0,10.0]}},"rotation":{"angle":22.5,"axis":"z","origin":[8.0,4.2,13.61]}},{"from":[7.3,3.86076,16.21],"to":[8.0,4.13924,18.76],"faces":{"north":{"texture":"#o3","uv":[1.0,1.0,2.0,2.0]},"west":{"texture":"#o8","uv":[2.0,4.0,12.0,5.0]}},"rotation":{"angle":22.5,"axis":"z","origin":[8.0,4.0,16.71]}},{"from":[8.0,3.86076,16.21],"to":[8.7,4.13924,17.16],"faces":{"north":{"texture":"#o3","uv":[1.0,1.0,2.0,2.0]},"east":{"texture":"#o8","uv":[2.0,4.0,6.0,5.0]},"south":{"texture":"#o3","uv":[1.0,1.0,2.0,2.0]}},"rotation":{"angle":-22.5,"axis":"z","origin":[8.0,4.0,16.71]}},{"from":[7.86076,3.3,16.21],"to":[8.13924,4.0,17.16],"faces":{"north":{"texture":"#o3","uv":[1.0,1.0,2.0,2.0]},"south":{"texture":"#o3","uv":[1.0,1.0,2.0,2.0]},"down":{"texture":"#o8","uv":[4.0,7.0,8.0,8.0],"rotation":90}},"rotation":{"angle":45.0,"axis":"z","origin":[8.0,4.0,16.71]}},{"from":[7.86076,3.3,16.21],"to":[8.13924,4.0,18.76],"faces":{"east":{"texture":"#o8","uv":[0.0,8.0,12.0,14.0]},"down":{"texture":"#o8","uv":[4.0,8.0,14.0,9.0],"rotation":90}},"rotation":{"angle":22.5,"axis":"z","origin":[8.0,4.0,16.71]}},{"from":[7.86076,3.3,16.21],"to":[8.13924,4.0,18.76],"faces":{"north":{"texture":"#o3","uv":[1.0,1.0,2.0,2.0]},"down":{"texture":"#o8","uv":[6.0,10.0,16.0,11.0],"rotation":90}},"rotation":{"angle":0.0,"axis":"z","origin":[8.0,4.0,16.71]}},{"from":[7.86076,3.3,16.21],"to":[8.13924,4.0,18.76],"faces":{"north":{"texture":"#o3","uv":[1.0,1.0,2.0,2.0]},"down":{"texture":"#o8","uv":[2.0,4.0,12.0,5.0],"rotation":90}},"rotation":{"angle":-22.5,"axis":"z","origin":[8.0,4.0,16.71]}},{"from":[7.86076,3.3,16.21],"to":[8.13924,4.0,18.76],"faces":{"north":{"texture":"#o3","uv":[1.0,1.0,2.0,2.0]},"down":{"texture":"#o8","uv":[2.0,4.0,12.0,5.0],"rotation":90}},"rotation":{"angle":-45.0,"axis":"z","origin":[8.0,4.0,16.71]}},{"from":[7.3,3.69076,18.71],"to":[8.0,3.96924,18.95],"faces":{"north":{"texture":"#o3","uv":[1.0,1.0,2.0,2.0]},"south":{"texture":"#o3","uv":[1.0,1.0,2.0,2.0]},"west":{"texture":"#o3","uv":[1.0,1.0,2.0,2.0]}},"rotation":{"angle":22.5,"axis":"z","origin":[8.0,3.83,19.21]}},{"from":[8.0,3.69076,18.71],"to":[8.7,3.96924,18.95],"faces":{"north":{"texture":"#o3","uv":[1.0,1.0,2.0,2.0]},"east":{"texture":"#o3","uv":[1.0,1.0,2.0,2.0]},"south":{"texture":"#o3","uv":[1.0,1.0,2.0,2.0]}},"rotation":{"angle":-22.5,"axis":"z","origin":[8.0,3.83,19.21]}},{"from":[7.86076,3.13,18.71],"to":[7.99924,3.83,19.2],"faces":{"north":{"texture":"#o3","uv":[1.0,1.0,2.0,2.0]},"down":{"texture":"#o3","uv":[1.0,1.0,2.0,2.0]}},"rotation":{"angle":45.0,"axis":"z","origin":[8.0,3.83,19.21]}},{"from":[7.99076,3.13,18.71],"to":[8.13924,3.83,18.95],"faces":{"north":{"texture":"#o3","uv":[1.0,1.0,2.0,2.0]},"south":{"texture":"#o3","uv":[1.0,1.0,2.0,2.0]},"down":{"texture":"#o3","uv":[1.0,1.0,2.0,2.0]}},"rotation":{"angle":45.0,"axis":"z","origin":[8.0,3.83,19.21]}},{"from":[7.86076,3.13,18.71],"to":[8.13924,3.83,19.45],"faces":{"north":{"texture":"#o3","uv":[1.0,1.0,2.0,2.0]},"down":{"texture":"#o3","uv":[1.0,1.0,2.0,2.0]}},"rotation":{"angle":22.5,"axis":"z","origin":[8.0,3.83,19.21]}},{"from":[7.86076,3.13,18.71],"to":[8.13924,3.83,19.45],"faces":{"north":{"texture":"#o3","uv":[1.0,1.0,2.0,2.0]},"down":{"texture":"#o3","uv":[1.0,1.0,2.0,2.0]}},"rotation":{"angle":0.0,"axis":"z","origin":[8.0,3.83,19.21]}},{"from":[7.86076,3.13,18.71],"to":[8.13924,3.83,19.45],"faces":{"north":{"texture":"#o3","uv":[1.0,1.0,2.0,2.0]},"down":{"texture":"#o3","uv":[1.0,1.0,2.0,2.0]}},"rotation":{"angle":-22.5,"axis":"z","origin":[8.0,3.83,19.21]}},{"from":[8.00076,3.13,18.71],"to":[8.13924,3.83,19.21],"faces":{"north":{"texture":"#o3","uv":[1.0,1.0,2.0,2.0]},"down":{"texture":"#o3","uv":[1.0,1.0,2.0,2.0]}},"rotation":{"angle":-45.0,"axis":"z","origin":[8.0,3.83,19.21]}},{"from":[7.86076,3.13,18.71],"to":[8.00924,3.83,18.95],"faces":{"north":{"texture":"#o3","uv":[1.0,1.0,2.0,2.0]},"south":{"texture":"#o3","uv":[1.0,1.0,2.0,2.0]},"down":{"texture":"#o3","uv":[1.0,1.0,2.0,2.0]}},"rotation":{"angle":-45.0,"axis":"z","origin":[8.0,3.83,19.21]}},{"from":[7.50076,3.65,18.95],"to":[8.49924,4.75,19.89],"faces":{"east":{"texture":"#o3","uv":[1.0,2.0,2.0,1.0]},"west":{"texture":"#o3","uv":[1.0,2.0,2.0,1.0]},"up":{"texture":"#o3","uv":[1.0,2.0,2.0,1.0]}},"rotation":{"angle":0.0,"axis":"z","origin":[8.0,4.1,19.52]}},{"from":[7.50076,4.38,18.65],"to":[8.49924,4.81,19.59],"faces":{"east":{"texture":"#o3","uv":[1.0,2.0,2.0,1.0]},"west":{"texture":"#o3","uv":[1.0,2.0,2.0,1.0]},"up":{"texture":"#o3","uv":[1.0,2.0,2.0,1.0]}},"rotation":{"angle":22.5,"axis":"x","origin":[8.0,4.16,19.22]}},{"from":[7.50076,3.54923,19.65115],"to":[8.49924,4.84923,22.08115],"faces":{"east":{"texture":"#o3","uv":[1.0,2.0,2.0,1.0]},"west":{"texture":"#o3","uv":[1.0,2.0,2.0,1.0]},"up":{"texture":"#o3","uv":[1.0,2.0,2.0,1.0]}},"rotation":{"angle":22.5,"axis":"x","origin":[8.0,4.19923,19.52115]}},{"from":[7.50076,3.17923,19.11115],"to":[8.49924,3.87923,21.19115],"faces":{"east":{"texture":"#o3","uv":[1.0,2.0,2.0,1.0]},"west":{"texture":"#o3","uv":[1.0,2.0,2.0,1.0]},"down":{"texture":"#o3","uv":[1.0,2.0,2.0,1.0]}},"rotation":{"angle":22.5,"axis":"x","origin":[8.0,4.19923,19.52115]}},{"from":[7.50076,2.68998,21.25864],"to":[8.49924,3.38998,22.71864],"faces":{"east":{"texture":"#o3","uv":[1.0,2.0,2.0,1.0]},"west":{"texture":"#o3","uv":[1.0,2.0,2.0,1.0]},"down":{"texture":"#o3","uv":[1.0,2.0,2.0,1.0]}},"rotation":{"angle":45.0,"axis":"x","origin":[8.0,3.70998,20.94864]}},{"from":[7.50076,1.77814,21.89291],"to":[8.49924,2.47814,22.25291],"faces":{"east":{"texture":"#o3","uv":[1.0,2.0,2.0,1.0]},"west":{"texture":"#o3","uv":[1.0,2.0,2.0,1.0]},"down":{"texture":"#o3","uv":[1.0,2.0,2.0,1.0]}},"rotation":{"angle":22.5,"axis":"x","origin":[8.0,2.79814,21.58291]}},{"from":[7.50076,1.59939,21.81157],"to":[8.49924,3.49939,22.17157],"faces":{"east":{"texture":"#o3","uv":[1.0,2.0,2.0,1.0]},"west":{"texture":"#o3","uv":[1.0,2.0,2.0,1.0]},"down":{"texture":"#o3","uv":[1.0,2.0,2.0,1.0]}},"rotation":{"angle":0.0,"axis":"x","origin":[8.0,2.61939,21.50157]}},{"from":[7.50076,1.40311,21.80483],"to":[8.49924,2.10311,22.26483],"faces":{"east":{"texture":"#o3","uv":[1.0,2.0,2.0,1.0]},"west":{"texture":"#o3","uv":[1.0,2.0,2.0,1.0]},"down":{"texture":"#o3","uv":[1.0,2.0,2.0,1.0]}},"rotation":{"angle":-22.5,"axis":"x","origin":[8.0,2.42311,21.49483]}},{"from":[7.50076,1.75214,21.52868],"to":[8.49924,3.72214,30.58868],"faces":{"east":{"texture":"#o3","uv":[1.0,2.0,2.0,1.0]},"west":{"texture":"#o3","uv":[1.0,2.0,2.0,1.0]},"down":{"texture":"#o3","uv":[1.0,2.0,2.0,1.0]}},"rotation":{"angle":0.0,"axis":"x","origin":[8.0,2.74214,22.01868]}},{"from":[7.50076,3.36088,21.52445],"to":[8.49924,3.95088,22.30445],"faces":{"east":{"texture":"#o3","uv":[1.0,2.0,2.0,1.0]},"west":{"texture":"#o3","uv":[1.0,2.0,2.0,1.0]},"up":{"texture":"#o3","uv":[1.0,2.0,2.0,1.0]}},"rotation":{"angle":0.0,"axis":"x","origin":[8.0,4.35088,21.10445]}},{"from":[7.50076,3.69482,22.99331],"to":[8.49924,4.28482,24.18331],"faces":{"east":{"texture":"#o3","uv":[1.0,2.0,2.0,1.0]},"west":{"texture":"#o3","uv":[1.0,2.0,2.0,1.0]},"up":{"texture":"#o3","uv":[1.0,2.0,2.0,1.0]}},"rotation":{"angle":0.0,"axis":"x","origin":[8.0,4.68482,22.68331]}},{"from":[7.50076,3.78301,24.35998],"to":[8.49924,4.37301,24.74998],"faces":{"east":{"texture":"#o3","uv":[1.0,2.0,2.0,1.0]},"west":{"texture":"#o3","uv":[1.0,2.0,2.0,1.0]},"up":{"texture":"#o3","uv":[1.0,2.0,2.0,1.0]}},"rotation":{"angle":22.5,"axis":"x","origin":[8.0,4.77301,24.04998]}},{"from":[7.50076,3.67867,25.68451],"to":[8.49924,4.26867,26.07451],"faces":{"east":{"texture":"#o3","uv":[1.0,2.0,2.0,1.0]},"west":{"texture":"#o3","uv":[1.0,2.0,2.0,1.0]},"up":{"texture":"#o3","uv":[1.0,2.0,2.0,1.0]}},"rotation":{"angle":22.5,"axis":"x","origin":[8.0,4.66867,25.37451]}},{"from":[7.50076,3.59049,24.31784],"to":[8.49924,4.18049,25.50784],"faces":{"east":{"texture":"#o3","uv":[1.0,2.0,2.0,1.0]},"west":{"texture":"#o3","uv":[1.0,2.0,2.0,1.0]},"up":{"texture":"#o3","uv":[1.0,2.0,2.0,1.0]}},"rotation":{"angle":0.0,"axis":"x","origin":[8.0,4.58049,24.00784]}},{"from":[7.50076,3.48615,25.64236],"to":[8.49924,4.07615,26.83236],"faces":{"east":{"texture":"#o3","uv":[1.0,2.0,2.0,1.0]},"west":{"texture":"#o3","uv":[1.0,2.0,2.0,1.0]},"up":{"texture":"#o3","uv":[1.0,2.0,2.0,1.0]}},"rotation":{"angle":0.0,"axis":"x","origin":[8.0,4.47615,25.33236]}},{"from":[7.50076,3.57434,27.00904],"to":[8.49924,4.16434,27.39904],"faces":{"east":{"texture":"#o3","uv":[1.0,2.0,2.0,1.0]},"west":{"texture":"#o3","uv":[1.0,2.0,2.0,1.0]},"up":{"texture":"#o3","uv":[1.0,2.0,2.0,1.0]}},"rotation":{"angle":22.5,"axis":"x","origin":[8.0,4.56434,26.69904]}},{"from":[7.50076,1.48182,26.56689],"to":[8.49924,3.97182,28.15689],"faces":{"east":{"texture":"#o3","uv":[1.0,2.0,2.0,1.0]},"west":{"texture":"#o3","uv":[1.0,2.0,2.0,1.0]},"up":{"texture":"#o3","uv":[1.0,2.0,2.0,1.0]}},"rotation":{"angle":0.0,"axis":"x","origin":[8.0,4.37182,26.65689]}},{"from":[7.50076,3.47,28.33357],"to":[8.49924,4.06,28.72357],"faces":{"east":{"texture":"#o3","uv":[1.0,2.0,2.0,1.0]},"west":{"texture":"#o3","uv":[1.0,2.0,2.0,1.0]},"up":{"texture":"#o3","uv":[1.0,2.0,2.0,1.0]}},"rotation":{"angle":22.5,"axis":"x","origin":[8.0,4.46,28.02357]}},{"from":[7.40076,2.45368,30.96415],"to":[8.59924,3.95133,31.37262],"faces":{"north":{"texture":"#o3","uv":[5.0,2.0,6.0,1.0]},"east":{"texture":"#o3","uv":[5.0,2.0,6.0,1.0]},"south":{"texture":"#o3","uv":[5.0,2.0,6.0,1.0]},"west":{"texture":"#o3","uv":[5.0,2.0,6.0,1.0]},"up":{"texture":"#o3","uv":[5.0,2.0,6.0,1.0]}},"rotation":{"angle":22.5,"axis":"x","origin":[8.0,4.25133,30.67262]}},{"from":[7.50076,0.18895,27.27402],"to":[8.49924,2.47895,30.26402],"faces":{"east":{"texture":"#o3","uv":[1.0,2.0,2.0,1.0]},"west":{"texture":"#o3","uv":[1.0,2.0,2.0,1.0]}},"rotation":{"angle":0.0,"axis":"x","origin":[8.0,2.87895,29.96402]}},{"from":[7.50076,3.17315,29.61595],"to":[8.49924,3.76315,30.80595],"faces":{"east":{"texture":"#o3","uv":[1.0,2.0,2.0,1.0]},"west":{"texture":"#o3","uv":[1.0,2.0,2.0,1.0]},"up":{"texture":"#o3","uv":[1.0,2.0,2.0,1.0]}},"rotation":{"angle":0.0,"axis":"x","origin":[8.0,4.16315,29.30595]}},{"from":[7.50076,3.36567,29.6581],"to":[8.49924,3.95567,30.0481],"faces":{"east":{"texture":"#o3","uv":[1.0,2.0,2.0,1.0]},"west":{"texture":"#o3","uv":[1.0,2.0,2.0,1.0]},"up":{"texture":"#o3","uv":[1.0,2.0,2.0,1.0]}},"rotation":{"angle":22.5,"axis":"x","origin":[8.0,4.35567,29.3481]}},{"from":[7.50076,3.27748,28.29142],"to":[8.49924,3.86748,29.48142],"faces":{"east":{"texture":"#o3","uv":[1.0,2.0,2.0,1.0]},"west":{"texture":"#o3","uv":[1.0,2.0,2.0,1.0]},"up":{"texture":"#o3","uv":[1.0,2.0,2.0,1.0]}},"rotation":{"angle":0.0,"axis":"x","origin":[8.0,4.26748,27.98142]}},{"from":[7.50076,3.16689,21.94919],"to":[8.49924,3.75689,22.93919],"faces":{"east":{"texture":"#o3","uv":[1.0,2.0,2.0,1.0]},"west":{"texture":"#o3","uv":[1.0,2.0,2.0,1.0]},"up":{"texture":"#o3","uv":[1.0,2.0,2.0,1.0]}},"rotation":{"angle":-22.5,"axis":"x","origin":[8.0,4.15689,21.63919]}},{"from":[7.50076,1.84641,23.03473],"to":[8.49924,3.18325,30.74154],"faces":{"east":{"texture":"#o3","uv":[1.0,2.0,2.0,1.0]},"west":{"texture":"#o3","uv":[1.0,2.0,2.0,1.0]},"down":{"texture":"#o3","uv":[1.0,2.0,2.0,1.0]}},"rotation":{"angle":22.5,"axis":"x","origin":[8.0,2.83641,23.12473]}},{"from":[7.40076,0.18895,30.25402],"to":[8.59924,2.47895,30.64402],"faces":{"north":{"texture":"#o3","uv":[5.0,2.0,6.0,1.0]},"east":{"texture":"#o3","uv":[5.0,2.0,6.0,1.0]},"south":{"texture":"#o3","uv":[5.0,2.0,6.0,1.0]},"west":{"texture":"#o3","uv":[5.0,2.0,6.0,1.0]}},"rotation":{"angle":0.0,"axis":"x","origin":[8.0,2.87895,30.34402]}},{"from":[7.40076,1.6086,30.73077],"to":[8.59924,3.13018,31.09109],"faces":{"north":{"texture":"#o3","uv":[5.0,2.0,6.0,1.0]},"east":{"texture":"#o3","uv":[5.0,2.0,6.0,1.0]},"south":{"texture":"#o3","uv":[5.0,2.0,6.0,1.0]},"west":{"texture":"#o3","uv":[5.0,2.0,6.0,1.0]},"down":{"texture":"#o3","uv":[5.0,2.0,6.0,1.0]}},"rotation":{"angle":22.5,"axis":"x","origin":[8.0,2.78334,23.47428]}},{"from":[7.6,3.39,12.95],"to":[8.4,3.92,13.75],"faces":{"north":{"texture":"#o3","uv":[5.0,1.0,6.0,2.0]},"east":{"texture":"#o3","uv":[5.0,1.0,6.0,2.0]},"west":{"texture":"#o3","uv":[5.0,1.0,6.0,2.0]},"down":{"texture":"#o3","uv":[5.0,1.0,6.0,2.0]}},"rotation":{"angle":0.0,"axis":"x","origin":[7.5,3.42,12.75]}},{"from":[7.6,3.12,15.75],"to":[8.4,3.62,16.75],"faces":{"north":{"texture":"#o3","uv":[5.0,1.0,6.0,2.0]},"east":{"texture":"#o3","uv":[5.0,1.0,6.0,2.0]},"south":{"texture":"#o3","uv":[5.0,1.0,6.0,2.0]},"west":{"texture":"#o3","uv":[5.0,1.0,6.0,2.0]},"down":{"texture":"#o3","uv":[5.0,1.0,6.0,2.0]}},"rotation":{"angle":0.0,"axis":"x","origin":[7.5,3.12,15.75]}},{"from":[7.86,2.94,16.86],"to":[8.14,4.22,17.06],"faces":{"north":{"texture":"#o3","uv":[5.0,1.0,6.0,2.0]},"east":{"texture":"#o3","uv":[5.0,1.0,6.0,2.0]},"west":{"texture":"#o3","uv":[5.0,1.0,6.0,2.0]}},"rotation":{"angle":0.0,"axis":"x","origin":[7.5,3.22,16.86]}},{"from":[7.86,2.64,16.99],"to":[8.14,3.92,17.09],"faces":{"east":{"texture":"#o3","uv":[5.0,1.0,6.0,2.0]},"south":{"texture":"#o3","uv":[5.0,1.0,6.0,2.0]},"west":{"texture":"#o3","uv":[5.0,1.0,6.0,2.0]}},"rotation":{"angle":0.0,"axis":"x","origin":[7.5,2.92,16.89]}},{"from":[7.86,2.84,16.91],"to":[8.14,3.14,17.09],"faces":{"east":{"texture":"#o3","uv":[5.0,1.0,6.0,2.0]},"south":{"texture":"#o3","uv":[5.0,1.0,6.0,2.0]},"west":{"texture":"#o3","uv":[5.0,1.0,6.0,2.0]}},"rotation":{"angle":22.5,"axis":"x","origin":[7.5,2.82,16.89]}},{"from":[7.86,3.12799,16.84265],"to":[8.14,3.76799,17.20265],"faces":{"east":{"texture":"#o3","uv":[5.0,1.0,6.0,2.0]},"south":{"texture":"#o3","uv":[5.0,1.0,6.0,2.0]},"west":{"texture":"#o3","uv":[5.0,1.0,6.0,2.0]}},"rotation":{"angle":45.0,"axis":"x","origin":[7.5,3.10799,17.00265]}},{"from":[7.86,2.47522,16.93654],"to":[8.14,2.95522,17.03654],"faces":{"north":{"texture":"#o3","uv":[5.0,1.0,6.0,2.0]},"east":{"texture":"#o3","uv":[5.0,1.0,6.0,2.0]},"south":{"texture":"#o3","uv":[5.0,1.0,6.0,2.0]},"west":{"texture":"#o3","uv":[5.0,1.0,6.0,2.0]}},"rotation":{"angle":-22.5,"axis":"x","origin":[7.5,2.75522,16.93654]}},{"from":[7.86,2.07512,17.18511],"to":[8.14,2.55512,17.28511],"faces":{"north":{"texture":"#o3","uv":[5.0,1.0,6.0,2.0]},"east":{"texture":"#o3","uv":[5.0,1.0,6.0,2.0]},"south":{"texture":"#o3","uv":[5.0,1.0,6.0,2.0]},"west":{"texture":"#o3","uv":[5.0,1.0,6.0,2.0]}},"rotation":{"angle":-45.0,"axis":"x","origin":[7.5,2.35512,17.18511]}},{"from":[7.86,2.08059,17.36788],"to":[8.14,2.18059,17.84788],"faces":{"east":{"texture":"#o3","uv":[5.0,1.0,6.0,2.0]},"west":{"texture":"#o3","uv":[5.0,1.0,6.0,2.0]},"up":{"texture":"#o3","uv":[5.0,1.0,6.0,2.0]},"down":{"texture":"#o3","uv":[5.0,1.0,6.0,2.0]}},"rotation":{"angle":22.5,"axis":"x","origin":[7.5,2.08059,17.56788]}},{"from":[7.86,1.97344,17.82656],"to":[8.14,2.07344,18.40656],"faces":{"east":{"texture":"#o3","uv":[5.0,1.0,6.0,2.0]},"west":{"texture":"#o3","uv":[5.0,1.0,6.0,2.0]},"up":{"texture":"#o3","uv":[5.0,1.0,6.0,2.0]},"down":{"texture":"#o3","uv":[5.0,1.0,6.0,2.0]}},"rotation":{"angle":0.0,"axis":"x","origin":[7.5,1.97344,18.02656]}},{"from":[7.86,2.04998,18.39134],"to":[8.14,2.14998,18.87134],"faces":{"east":{"texture":"#o3","uv":[5.0,1.0,6.0,2.0]},"west":{"texture":"#o3","uv":[5.0,1.0,6.0,2.0]},"up":{"texture":"#o3","uv":[5.0,1.0,6.0,2.0]},"down":{"texture":"#o3","uv":[5.0,1.0,6.0,2.0]}},"rotation":{"angle":-22.5,"axis":"x","origin":[7.5,2.04998,18.59134]}},{"from":[7.86,2.29855,18.79145],"to":[8.14,2.39855,19.07145],"faces":{"east":{"texture":"#o3","uv":[5.0,1.0,6.0,2.0]},"west":{"texture":"#o3","uv":[5.0,1.0,6.0,2.0]},"up":{"texture":"#o3","uv":[5.0,1.0,6.0,2.0]},"down":{"texture":"#o3","uv":[5.0,1.0,6.0,2.0]}},"rotation":{"angle":-45.0,"axis":"x","origin":[7.5,2.29855,18.99145]}},{"from":[7.86,2.33989,19.02455],"to":[8.14,2.51989,19.12455],"faces":{"north":{"texture":"#o3","uv":[5.0,1.0,6.0,2.0]},"east":{"texture":"#o3","uv":[5.0,1.0,6.0,2.0]},"south":{"texture":"#o3","uv":[5.0,1.0,6.0,2.0]},"west":{"texture":"#o3","uv":[5.0,1.0,6.0,2.0]}},"rotation":{"angle":22.5,"axis":"x","origin":[7.5,2.53989,19.12455]}},{"from":[7.86,2.52141,19.0169],"to":[8.14,3.00141,19.1169],"faces":{"north":{"texture":"#o3","uv":[5.0,1.0,6.0,2.0]},"east":{"texture":"#o3","uv":[5.0,1.0,6.0,2.0]},"south":{"texture":"#o3","uv":[5.0,1.0,6.0,2.0]},"west":{"texture":"#o3","uv":[5.0,1.0,6.0,2.0]}},"rotation":{"angle":0.0,"axis":"x","origin":[7.5,2.72141,19.1169]}},{"from":[7.86,2.60882,18.20726],"to":[8.14,2.89882,18.34726],"faces":{"north":{"texture":"#o3","uv":[5.0,1.0,6.0,2.0]},"east":{"texture":"#o3","uv":[5.0,1.0,6.0,2.0]},"south":{"texture":"#o3","uv":[5.0,1.0,6.0,2.0]},"west":{"texture":"#o3","uv":[5.0,1.0,6.0,2.0]}},"rotation":{"angle":0.0,"axis":"x","origin":[7.5,2.61882,18.34726]}},{"from":[7.86,2.34014,18.11011],"to":[8.14,2.63014,18.24011],"faces":{"north":{"texture":"#o3","uv":[5.0,1.0,6.0,2.0]},"east":{"texture":"#o3","uv":[5.0,1.0,6.0,2.0]},"south":{"texture":"#o3","uv":[5.0,1.0,6.0,2.0]},"west":{"texture":"#o3","uv":[5.0,1.0,6.0,2.0]}},"rotation":{"angle":22.5,"axis":"x","origin":[7.5,2.35014,18.24011]}},{"from":[7.86,2.23291,17.91829],"to":[8.14,2.42291,18.03829],"faces":{"north":{"texture":"#o3","uv":[5.0,1.0,6.0,2.0]},"east":{"texture":"#o3","uv":[5.0,1.0,6.0,2.0]},"south":{"texture":"#o3","uv":[5.0,1.0,6.0,2.0]},"west":{"texture":"#o3","uv":[5.0,1.0,6.0,2.0]},"down":{"texture":"#o3","uv":[5.0,1.0,6.0,2.0]}},"rotation":{"angle":45.0,"axis":"x","origin":[7.5,2.14291,18.03829]}},{"from":[7.86,2.74141,19.0169],"to":[8.14,3.01141,19.1169],"faces":{"north":{"texture":"#o3","uv":[5.0,1.0,6.0,2.0]},"east":{"texture":"#o3","uv":[5.0,1.0,6.0,2.0]},"west":{"texture":"#o3","uv":[5.0,1.0,6.0,2.0]}},"rotation":{"angle":-22.5,"axis":"x","origin":[7.5,2.73141,19.1169]}},{"from":[7.86,2.90263,18.22639],"to":[8.14,3.13263,18.36639],"faces":{"north":{"texture":"#o3","uv":[5.0,1.0,6.0,2.0]},"east":{"texture":"#o3","uv":[5.0,1.0,6.0,2.0]},"south":{"texture":"#o3","uv":[5.0,1.0,6.0,2.0]},"west":{"texture":"#o3","uv":[5.0,1.0,6.0,2.0]}},"rotation":{"angle":-22.5,"axis":"x","origin":[7.5,2.85263,18.36639]}},{"from":[7.86,2.97303,18.91682],"to":[8.14,3.30303,19.16682],"faces":{"north":{"texture":"#o3","uv":[5.0,1.0,6.0,2.0]},"east":{"texture":"#o3","uv":[5.0,1.0,6.0,2.0]},"west":{"texture":"#o3","uv":[5.0,1.0,6.0,2.0]}},"rotation":{"angle":-45.0,"axis":"x","origin":[7.5,2.98303,19.01682]}},{"from":[7.86,3.07303,18.11682],"to":[8.14,3.50303,18.26682],"faces":{"north":{"texture":"#o3","uv":[5.0,1.0,6.0,2.0]},"east":{"texture":"#o3","uv":[5.0,1.0,6.0,2.0]},"south":{"texture":"#o3","uv":[5.0,1.0,6.0,2.0]},"west":{"texture":"#o3","uv":[5.0,1.0,6.0,2.0]}},"rotation":{"angle":-45.0,"axis":"x","origin":[7.5,3.08303,18.21682]}},{"from":[7.86,2.94792,18.94582],"to":[8.14,3.32792,19.18582],"faces":{"east":{"texture":"#o3","uv":[5.0,1.0,6.0,2.0]},"south":{"texture":"#o3","uv":[5.0,1.0,6.0,2.0]},"west":{"texture":"#o3","uv":[5.0,1.0,6.0,2.0]}},"rotation":{"angle":22.5,"axis":"x","origin":[7.5,3.14792,19.18582]}},{"from":[7.6,3.22,14.75],"to":[8.4,3.72,15.75],"faces":{"north":{"texture":"#o3","uv":[5.0,1.0,6.0,2.0]},"east":{"texture":"#o3","uv":[5.0,1.0,6.0,2.0]},"west":{"texture":"#o3","uv":[5.0,1.0,6.0,2.0]},"down":{"texture":"#o3","uv":[5.0,1.0,6.0,2.0]}},"rotation":{"angle":0.0,"axis":"x","origin":[7.5,3.22,14.75]}},{"from":[7.6,3.32,13.75],"to":[8.4,3.82,14.75],"faces":{"north":{"texture":"#o3","uv":[5.0,1.0,6.0,2.0]},"east":{"texture":"#o3","uv":[5.0,1.0,6.0,2.0]},"west":{"texture":"#o3","uv":[5.0,1.0,6.0,2.0]},"down":{"texture":"#o3","uv":[5.0,1.0,6.0,2.0]}},"rotation":{"angle":0.0,"axis":"x","origin":[7.5,3.32,13.75]}},{"from":[7.95027,6.27,-9.99],"to":[8.04973,6.33,-9.15],"faces":{"north":{"texture":"#o3","uv":[5.0,1.0,6.0,2.0]},"south":{"texture":"#o3","uv":[5.0,1.0,6.0,2.0]},"up":{"texture":"#o3","uv":[5.0,1.0,6.0,2.0]},"down":{"texture":"#o3","uv":[5.0,1.0,6.0,2.0]}},"rotation":{"angle":-45.0,"axis":"z","origin":[8.0,6.08,-9.65]}},{"from":[7.95027,6.27,-9.99],"to":[8.04973,6.33,-9.15],"faces":{"north":{"texture":"#o3","uv":[5.0,1.0,6.0,2.0]},"south":{"texture":"#o3","uv":[5.0,1.0,6.0,2.0]},"up":{"texture":"#o3","uv":[5.0,1.0,6.0,2.0]},"down":{"texture":"#o3","uv":[5.0,1.0,6.0,2.0]}},"rotation":{"angle":-22.5,"axis":"z","origin":[8.0,6.08,-9.65]}},{"from":[7.95027,6.27,-9.99],"to":[8.04973,6.33,-9.15],"faces":{"north":{"texture":"#o3","uv":[5.0,1.0,6.0,2.0]},"south":{"texture":"#o3","uv":[5.0,1.0,6.0,2.0]},"up":{"texture":"#o3","uv":[5.0,1.0,6.0,2.0]},"down":{"texture":"#o3","uv":[5.0,1.0,6.0,2.0]}},"rotation":{"angle":0.0,"axis":"z","origin":[8.0,6.08,-9.65]}},{"from":[7.95027,6.27,-9.99],"to":[8.04973,6.33,-9.15],"faces":{"north":{"texture":"#o3","uv":[5.0,1.0,6.0,2.0]},"south":{"texture":"#o3","uv":[5.0,1.0,6.0,2.0]},"up":{"texture":"#o3","uv":[5.0,1.0,6.0,2.0]},"down":{"texture":"#o3","uv":[5.0,1.0,6.0,2.0]}},"rotation":{"angle":22.5,"axis":"z","origin":[8.0,6.08,-9.65]}},{"from":[7.95027,6.27,-9.99],"to":[8.04973,6.33,-9.15],"faces":{"north":{"texture":"#o3","uv":[5.0,1.0,6.0,2.0]},"south":{"texture":"#o3","uv":[5.0,1.0,6.0,2.0]},"up":{"texture":"#o3","uv":[5.0,1.0,6.0,2.0]},"down":{"texture":"#o3","uv":[5.0,1.0,6.0,2.0]}},"rotation":{"angle":45.0,"axis":"z","origin":[8.0,6.08,-9.65]}},{"from":[7.75,6.03027,-9.99],"to":[7.81,6.12973,-9.15],"faces":{"north":{"texture":"#o3","uv":[5.0,1.0,6.0,2.0]},"east":{"texture":"#o3","uv":[5.0,1.0,6.0,2.0]},"south":{"texture":"#o3","uv":[5.0,1.0,6.0,2.0]},"west":{"texture":"#o3","uv":[5.0,1.0,6.0,2.0]}},"rotation":{"angle":-22.5,"axis":"z","origin":[8.0,6.08,-9.65]}},{"from":[7.75,5.83027,-9.99],"to":[7.81,6.12973,-9.15],"faces":{"north":{"texture":"#o3","uv":[5.0,1.0,6.0,2.0]},"east":{"texture":"#o3","uv":[5.0,1.0,6.0,2.0]},"south":{"texture":"#o3","uv":[5.0,1.0,6.0,2.0]},"west":{"texture":"#o3","uv":[5.0,1.0,6.0,2.0]}},"rotation":{"angle":0.0,"axis":"z","origin":[8.0,6.18,-9.65]}},{"from":[7.75,5.77027,-9.99],"to":[8.25,5.82973,-9.15],"faces":{"north":{"texture":"#o3","uv":[5.0,1.0,6.0,2.0]},"east":{"texture":"#o3","uv":[5.0,1.0,6.0,2.0]},"south":{"texture":"#o3","uv":[5.0,1.0,6.0,2.0]},"west":{"texture":"#o3","uv":[5.0,1.0,6.0,2.0]},"up":{"texture":"#o3","uv":[5.0,1.0,6.0,2.0]},"down":{"texture":"#o3","uv":[5.0,1.0,6.0,2.0]}},"rotation":{"angle":0.0,"axis":"z","origin":[8.0,6.18,-9.65]}},{"from":[7.9,5.51027,-9.89],"to":[8.1,5.86973,-9.15],"faces":{"north":{"texture":"#o3","uv":[5.0,1.0,6.0,2.0]},"east":{"texture":"#o3","uv":[5.0,1.0,6.0,2.0]},"south":{"texture":"#o3","uv":[5.0,1.0,6.0,2.0]},"west":{"texture":"#o3","uv":[5.0,1.0,6.0,2.0]}},"rotation":{"angle":0.0,"axis":"z","origin":[8.0,6.08,-9.65]}},{"from":[7.9,5.87027,-9.89],"to":[8.1,5.99984,-9.46412],"faces":{"north":{"texture":"#o3","uv":[5.0,1.0,6.0,2.0]},"east":{"texture":"#o3","uv":[5.0,1.0,6.0,2.0]},"west":{"texture":"#o3","uv":[5.0,1.0,6.0,2.0]},"up":{"texture":"#o3","uv":[5.0,1.0,6.0,2.0]}},"rotation":{"angle":0.0,"axis":"z","origin":[8.0,6.18,-9.65]}},{"from":[7.98,5.94027,-9.68],"to":[8.01,6.06984,-9.46412],"faces":{"north":{"texture":"#o3","uv":[5.0,1.0,6.0,2.0]},"south":{"texture":"#o3","uv":[5.0,1.0,6.0,2.0]},"west":{"texture":"#o3","uv":[5.0,1.0,6.0,2.0]}},"rotation":{"angle":-22.5,"axis":"z","origin":[8.08,6.07,-9.45]}},{"from":[7.98755,5.99855,-9.68],"to":[8.01245,6.10812,-9.46412],"faces":{"north":{"texture":"#o3","uv":[5.0,1.0,6.0,2.0]},"south":{"texture":"#o3","uv":[5.0,1.0,6.0,2.0]},"up":{"texture":"#o3","uv":[5.0,1.0,6.0,2.0]}},"rotation":{"angle":0.0,"axis":"z","origin":[8.08755,6.10828,-9.45]}},{"from":[7.96755,5.99855,-9.68],"to":[8.03245,6.05812,-9.46412],"faces":{"north":{"texture":"#o3","uv":[5.0,1.0,6.0,2.0]},"south":{"texture":"#o3","uv":[5.0,1.0,6.0,2.0]}},"rotation":{"angle":0.0,"axis":"z","origin":[8.08755,6.10828,-9.45]}},{"from":[7.99,5.94027,-9.68],"to":[8.02,6.06984,-9.46412],"faces":{"north":{"texture":"#o3","uv":[6.0,1.0,5.0,2.0]},"east":{"texture":"#o3","uv":[6.0,1.0,5.0,2.0]},"south":{"texture":"#o3","uv":[6.0,1.0,5.0,2.0]}},"rotation":{"angle":22.5,"axis":"z","origin":[7.92,6.07,-9.45]}},{"from":[7.9,5.7371,-9.42488],"to":[8.1,5.89656,-9.08488],"faces":{"east":{"texture":"#o3","uv":[5.0,1.0,6.0,2.0]},"west":{"texture":"#o3","uv":[5.0,1.0,6.0,2.0]},"up":{"texture":"#o3","uv":[5.0,1.0,6.0,2.0]}},"rotation":{"angle":22.5,"axis":"x","origin":[8.0,6.04683,-9.18488]}},{"from":[8.19,5.83027,-9.99],"to":[8.25,6.12973,-9.15],"faces":{"north":{"texture":"#o3","uv":[5.0,1.0,6.0,2.0]},"east":{"texture":"#o3","uv":[5.0,1.0,6.0,2.0]},"south":{"texture":"#o3","uv":[5.0,1.0,6.0,2.0]},"west":{"texture":"#o3","uv":[5.0,1.0,6.0,2.0]}},"rotation":{"angle":0.0,"axis":"z","origin":[8.0,6.18,-9.65]}},{"from":[8.19,6.03027,-9.99],"to":[8.25,6.12973,-9.15],"faces":{"north":{"texture":"#o3","uv":[5.0,1.0,6.0,2.0]},"east":{"texture":"#o3","uv":[5.0,1.0,6.0,2.0]},"south":{"texture":"#o3","uv":[5.0,1.0,6.0,2.0]},"west":{"texture":"#o3","uv":[5.0,1.0,6.0,2.0]}},"rotation":{"angle":22.5,"axis":"z","origin":[8.0,6.08,-9.65]}},{"from":[7.6,5.05,6.1],"to":[8.4,5.93,9.3],"faces":{"north":{"texture":"#o3","uv":[5.0,1.0,6.0,2.0]},"east":{"texture":"#o3","uv":[5.0,1.0,6.0,2.0]},"south":{"texture":"#o3","uv":[5.0,1.0,6.0,2.0]},"west":{"texture":"#o3","uv":[5.0,1.0,6.0,2.0]},"up":{"texture":"#o3","uv":[5.0,1.0,6.0,2.0]}},"rotation":{"angle":0.0,"axis":"y","origin":[7.5,5.05,6.1]}},{"from":[7.90054,5.2,17.82],"to":[8.09946,5.8,17.93],"faces":{"north":{"texture":"#o3","uv":[9.0,1.0,10.0,2.0]},"south":{"texture":"#o3","uv":[9.0,1.0,10.0,2.0]},"up":{"texture":"#o3","uv":[9.0,1.0,10.0,2.0]}},"rotation":{"angle":-45.0,"axis":"z","origin":[8.0,5.3,18.32]}},{"from":[7.90054,5.2,17.82],"to":[8.09946,5.8,17.93],"faces":{"north":{"texture":"#o3","uv":[9.0,1.0,10.0,2.0]},"south":{"texture":"#o3","uv":[9.0,1.0,10.0,2.0]},"up":{"texture":"#o3","uv":[9.0,1.0,10.0,2.0]}},"rotation":{"angle":-22.5,"axis":"z","origin":[8.0,5.3,18.32]}},{"from":[7.90054,5.2,17.82],"to":[8.09946,5.8,17.93],"faces":{"north":{"texture":"#o3","uv":[9.0,1.0,10.0,2.0]},"south":{"texture":"#o3","uv":[9.0,1.0,10.0,2.0]},"up":{"texture":"#o3","uv":[9.0,1.0,10.0,2.0]}},"rotation":{"angle":0.0,"axis":"z","origin":[8.0,5.3,18.32]}},{"from":[7.90054,5.2,17.82],"to":[8.09946,5.8,17.93],"faces":{"north":{"texture":"#o3","uv":[9.0,1.0,10.0,2.0]},"south":{"texture":"#o3","uv":[9.0,1.0,10.0,2.0]},"up":{"texture":"#o3","uv":[9.0,1.0,10.0,2.0]}},"rotation":{"angle":22.5,"axis":"z","origin":[8.0,5.3,18.32]}},{"from":[7.90054,5.6,17.82],"to":[8.09946,5.8,17.93],"faces":{"north":{"texture":"#o3","uv":[9.0,1.0,10.0,2.0]},"south":{"texture":"#o3","uv":[9.0,1.0,10.0,2.0]},"up":{"texture":"#o3","uv":[9.0,1.0,10.0,2.0]}},"rotation":{"angle":45.0,"axis":"z","origin":[8.0,5.3,18.32]}},{"from":[7.8,5.20054,17.82],"to":[8.5,5.39946,17.93],"faces":{"north":{"texture":"#o3","uv":[9.0,1.0,10.0,2.0]},"east":{"texture":"#o3","uv":[9.0,1.0,10.0,2.0]},"south":{"texture":"#o3","uv":[9.0,1.0,10.0,2.0]}},"rotation":{"angle":22.5,"axis":"z","origin":[8.0,5.3,18.32]}},{"from":[7.95027,5.05,12.9],"to":[8.04973,5.55,19.14],"faces":{"north":{"texture":"#o3","uv":[13.0,1.0,14.0,2.0]},"south":{"texture":"#o3","uv":[13.0,1.0,14.0,2.0]},"up":{"texture":"#o3","uv":[13.0,1.0,14.0,2.0]},"down":{"texture":"#o3","uv":[13.0,1.0,14.0,2.0]}},"rotation":{"angle":-45.0,"axis":"z","origin":[8.0,5.3,13.6]}},{"from":[7.95027,5.05,12.9],"to":[8.04973,5.55,19.14],"faces":{"north":{"texture":"#o3","uv":[13.0,1.0,14.0,2.0]},"south":{"texture":"#o3","uv":[13.0,1.0,14.0,2.0]},"up":{"texture":"#o3","uv":[13.0,1.0,14.0,2.0]},"down":{"texture":"#o3","uv":[13.0,1.0,14.0,2.0]}},"rotation":{"angle":-22.5,"axis":"z","origin":[8.0,5.3,13.6]}},{"from":[7.95027,5.05,12.9],"to":[8.04973,5.55,19.14],"faces":{"north":{"texture":"#o3","uv":[13.0,1.0,14.0,2.0]},"south":{"texture":"#o3","uv":[13.0,1.0,14.0,2.0]},"up":{"texture":"#o3","uv":[13.0,1.0,14.0,2.0]},"down":{"texture":"#o3","uv":[13.0,1.0,14.0,2.0]}},"rotation":{"angle":0.0,"axis":"z","origin":[8.0,5.3,13.6]}},{"from":[7.95027,5.05,12.9],"to":[8.04973,5.55,19.14],"faces":{"north":{"texture":"#o3","uv":[13.0,1.0,14.0,2.0]},"south":{"texture":"#o3","uv":[13.0,1.0,14.0,2.0]},"up":{"texture":"#o3","uv":[13.0,1.0,14.0,2.0]},"down":{"texture":"#o3","uv":[13.0,1.0,14.0,2.0]}},"rotation":{"angle":22.5,"axis":"z","origin":[8.0,5.3,13.6]}},{"from":[7.95027,5.05,12.9],"to":[8.04973,5.55,19.14],"faces":{"north":{"texture":"#o3","uv":[13.0,1.0,14.0,2.0]},"south":{"texture":"#o3","uv":[13.0,1.0,14.0,2.0]},"up":{"texture":"#o3","uv":[13.0,1.0,14.0,2.0]},"down":{"texture":"#o3","uv":[13.0,1.0,14.0,2.0]}},"rotation":{"angle":45.0,"axis":"z","origin":[8.0,5.3,13.6]}},{"from":[7.75,5.25027,12.9],"to":[8.25,5.34973,19.14],"faces":{"north":{"texture":"#o3","uv":[13.0,1.0,14.0,2.0]},"east":{"texture":"#o3","uv":[13.0,1.0,14.0,2.0]},"south":{"texture":"#o3","uv":[13.0,1.0,14.0,2.0]},"west":{"texture":"#o3","uv":[13.0,1.0,14.0,2.0]}},"rotation":{"angle":-22.5,"axis":"z","origin":[8.0,5.3,13.6]}},{"from":[7.75,5.25027,12.9],"to":[8.25,5.34973,19.14],"faces":{"north":{"texture":"#o3","uv":[13.0,1.0,14.0,2.0]},"east":{"texture":"#o3","uv":[13.0,1.0,14.0,2.0]},"south":{"texture":"#o3","uv":[13.0,1.0,14.0,2.0]},"west":{"texture":"#o3","uv":[13.0,1.0,14.0,2.0]}},"rotation":{"angle":0.0,"axis":"z","origin":[8.0,5.3,13.6]}},{"from":[7.75,5.25027,12.9],"to":[8.25,5.34973,19.14],"faces":{"north":{"texture":"#o3","uv":[13.0,1.0,14.0,2.0]},"east":{"texture":"#o3","uv":[13.0,1.0,14.0,2.0]},"south":{"texture":"#o3","uv":[13.0,1.0,14.0,2.0]},"west":{"texture":"#o3","uv":[13.0,1.0,14.0,2.0]}},"rotation":{"angle":22.5,"axis":"z","origin":[8.0,5.3,13.6]}},{"from":[7.53436,5.56,18.45],"to":[8.10436,5.73,18.88],"faces":{"north":{"texture":"#o3","uv":[13.0,1.0,14.0,2.0]},"east":{"texture":"#o3","uv":[13.0,1.0,14.0,2.0]},"south":{"texture":"#o3","uv":[13.0,1.0,14.0,2.0]},"west":{"texture":"#o3","uv":[13.0,1.0,14.0,2.0]},"up":{"texture":"#o3","uv":[13.0,1.0,14.0,2.0]},"down":{"texture":"#o3","uv":[13.0,1.0,14.0,2.0]}},"rotation":{"angle":0.0,"axis":"y","origin":[7.74743,5.55976,28.18]}},{"from":[7.97215,5.51,17.9],"to":[8.02785,5.79,18.85],"faces":{"up":{"texture":"#o3","uv":[9.0,1.0,10.0,2.0]}},"rotation":{"angle":-45.0,"axis":"z","origin":[8.0,5.65,18.4]}},{"from":[7.97215,5.51,17.9],"to":[8.02785,5.79,18.85],"faces":{"up":{"texture":"#o3","uv":[9.0,1.0,10.0,2.0]}},"rotation":{"angle":-22.5,"axis":"z","origin":[8.0,5.65,18.4]}},{"from":[7.97215,5.51,17.9],"to":[8.02785,5.79,18.85],"faces":{"up":{"texture":"#o3","uv":[9.0,1.0,10.0,2.0]}},"rotation":{"angle":0.0,"axis":"z","origin":[8.0,5.65,18.4]}},{"from":[7.97215,5.51,17.9],"to":[8.02785,5.79,18.85],"faces":{"up":{"texture":"#o3","uv":[9.0,1.0,10.0,2.0]}},"rotation":{"angle":22.5,"axis":"z","origin":[8.0,5.65,18.4]}},{"from":[7.47215,5.51,17.9],"to":[8.02785,5.79,18.79],"faces":{"up":{"texture":"#o3","uv":[9.0,1.0,10.0,2.0]},"down":{"texture":"#o3","uv":[9.0,1.0,10.0,2.0]}},"rotation":{"angle":45.0,"axis":"z","origin":[8.0,5.65,18.4]}},{"from":[7.86,5.62215,17.9],"to":[8.14,5.67785,18.85],"faces":{"east":{"texture":"#o3","uv":[9.0,1.0,10.0,2.0]},"west":{"texture":"#o3","uv":[9.0,1.0,10.0,2.0]}},"rotation":{"angle":-22.5,"axis":"z","origin":[8.0,5.65,18.4]}},{"from":[8.18913,5.3119,17.9],"to":[8.30193,5.39245,18.93],"faces":{"south":{"texture":"#o3","uv":[9.0,1.0,10.0,2.0]},"up":{"texture":"#o3","uv":[9.0,1.0,10.0,2.0]}},"rotation":{"angle":-45.0,"axis":"z","origin":[8.30663,5.35218,18.375]}},{"from":[7.86,5.62215,17.9],"to":[8.14,5.67785,18.85],"faces":{"east":{"texture":"#o3","uv":[9.0,1.0,10.0,2.0]}},"rotation":{"angle":0.0,"axis":"z","origin":[8.0,5.65,18.4]}},{"from":[8.11869,5.3707,17.9],"to":[8.25869,5.62639,18.35],"faces":{"south":{"texture":"#o3","uv":[9.0,1.0,10.0,2.0]},"up":{"texture":"#o3","uv":[9.0,1.0,10.0,2.0]}},"rotation":{"angle":-22.5,"axis":"z","origin":[8.25869,5.59854,18.4]}},{"from":[8.20865,5.27774,17.9],"to":[8.34865,5.53343,18.35],"faces":{"south":{"texture":"#o3","uv":[9.0,1.0,10.0,2.0]},"up":{"texture":"#o3","uv":[9.0,1.0,10.0,2.0]}},"rotation":{"angle":-45.0,"axis":"z","origin":[8.34865,5.50559,18.4]}},{"from":[8.16834,5.38528,17.9],"to":[8.42403,5.52528,18.35],"faces":{"east":{"texture":"#o3","uv":[9.0,1.0,10.0,2.0],"rotation":90},"south":{"texture":"#o3","uv":[9.0,1.0,10.0,2.0],"rotation":90}},"rotation":{"angle":22.5,"axis":"z","origin":[8.39619,5.38528,18.4]}},{"from":[7.86,5.62215,17.9],"to":[8.14,5.67785,18.85],"faces":{"east":{"texture":"#o3","uv":[9.0,1.0,10.0,2.0]}},"rotation":{"angle":22.5,"axis":"z","origin":[8.0,5.65,18.4]}},{"from":[7.97016,5.5,18.62],"to":[8.02984,5.8,18.86],"faces":{"north":{"texture":"#o3","uv":[9.0,1.0,10.0,2.0]},"south":{"texture":"#o3","uv":[9.0,1.0,10.0,2.0]},"up":{"texture":"#o3","uv":[9.0,1.0,10.0,2.0]},"down":{"texture":"#o3","uv":[9.0,1.0,10.0,2.0]}},"rotation":{"angle":-45.0,"axis":"z","origin":[8.0,5.65,18.66]}},{"from":[7.97016,5.5,18.62],"to":[8.02984,5.8,18.86],"faces":{"north":{"texture":"#o3","uv":[9.0,1.0,10.0,2.0]},"south":{"texture":"#o3","uv":[9.0,1.0,10.0,2.0]},"up":{"texture":"#o3","uv":[9.0,1.0,10.0,2.0]},"down":{"texture":"#o3","uv":[9.0,1.0,10.0,2.0]}},"rotation":{"angle":-22.5,"axis":"z","origin":[8.0,5.65,18.66]}},{"from":[7.97016,5.5,18.62],"to":[8.02984,5.8,18.86],"faces":{"north":{"texture":"#o3","uv":[9.0,1.0,10.0,2.0]},"south":{"texture":"#o3","uv":[9.0,1.0,10.0,2.0]},"up":{"texture":"#o3","uv":[9.0,1.0,10.0,2.0]},"down":{"texture":"#o3","uv":[9.0,1.0,10.0,2.0]}},"rotation":{"angle":0.0,"axis":"z","origin":[8.0,5.65,18.66]}},{"from":[7.97016,5.5,18.62],"to":[8.02984,5.8,18.86],"faces":{"north":{"texture":"#o3","uv":[9.0,1.0,10.0,2.0]},"south":{"texture":"#o3","uv":[9.0,1.0,10.0,2.0]},"up":{"texture":"#o3","uv":[9.0,1.0,10.0,2.0]},"down":{"texture":"#o3","uv":[9.0,1.0,10.0,2.0]}},"rotation":{"angle":22.5,"axis":"z","origin":[8.0,5.65,18.66]}},{"from":[7.97016,5.5,18.62],"to":[8.02984,5.8,18.86],"faces":{"north":{"texture":"#o3","uv":[9.0,1.0,10.0,2.0]},"south":{"texture":"#o3","uv":[9.0,1.0,10.0,2.0]},"up":{"texture":"#o3","uv":[9.0,1.0,10.0,2.0]},"down":{"texture":"#o3","uv":[9.0,1.0,10.0,2.0]}},"rotation":{"angle":45.0,"axis":"z","origin":[8.0,5.65,18.66]}},{"from":[7.85,5.62016,18.62],"to":[8.15,5.67984,18.86],"faces":{"north":{"texture":"#o3","uv":[9.0,1.0,10.0,2.0]},"east":{"texture":"#o3","uv":[9.0,1.0,10.0,2.0]},"south":{"texture":"#o3","uv":[9.0,1.0,10.0,2.0]},"west":{"texture":"#o3","uv":[9.0,1.0,10.0,2.0]}},"rotation":{"angle":-22.5,"axis":"z","origin":[8.0,5.65,18.66]}},{"from":[7.85,5.62016,18.62],"to":[8.15,5.67984,18.86],"faces":{"north":{"texture":"#o3","uv":[9.0,1.0,10.0,2.0]},"east":{"texture":"#o3","uv":[9.0,1.0,10.0,2.0]},"south":{"texture":"#o3","uv":[9.0,1.0,10.0,2.0]},"west":{"texture":"#o3","uv":[9.0,1.0,10.0,2.0]}},"rotation":{"angle":0.0,"axis":"z","origin":[8.0,5.65,18.66]}},{"from":[7.85,5.62016,18.62],"to":[8.15,5.67984,18.86],"faces":{"north":{"texture":"#o3","uv":[9.0,1.0,10.0,2.0]},"east":{"texture":"#o3","uv":[9.0,1.0,10.0,2.0]},"south":{"texture":"#o3","uv":[9.0,1.0,10.0,2.0]},"west":{"texture":"#o3","uv":[9.0,1.0,10.0,2.0]}},"rotation":{"angle":22.5,"axis":"z","origin":[8.0,5.65,18.66]}},{"from":[7.5,5.00054,17.82],"to":[8.3,5.39946,18.93],"faces":{"south":{"texture":"#o3","uv":[9.0,1.0,10.0,2.0]},"west":{"texture":"#o3","uv":[9.0,1.0,10.0,2.0]},"up":{"texture":"#o3","uv":[9.0,1.0,10.0,2.0]}},"rotation":{"angle":0.0,"axis":"z","origin":[8.0,5.3,18.43]}},{"from":[7.5,5.20054,17.82],"to":[8.2,5.39946,17.93],"faces":{"north":{"texture":"#o3","uv":[9.0,1.0,10.0,2.0]},"south":{"texture":"#o3","uv":[9.0,1.0,10.0,2.0]},"west":{"texture":"#o3","uv":[9.0,1.0,10.0,2.0]}},"rotation":{"angle":-22.5,"axis":"z","origin":[8.0,5.3,18.32]}},{"from":[7.8,5.20054,17.93],"to":[8.1,5.39946,18.94],"faces":{"north":{"texture":"#o3","uv":[5.0,1.0,6.0,2.0]},"east":{"texture":"#o3","uv":[5.0,1.0,6.0,2.0]},"south":{"texture":"#o3","uv":[5.0,1.0,6.0,2.0]},"west":{"texture":"#o3","uv":[5.0,1.0,6.0,2.0]},"up":{"texture":"#o3","uv":[5.0,1.0,6.0,2.0]},"down":{"texture":"#o3","uv":[5.0,1.0,6.0,2.0]}},"rotation":{"angle":-22.5,"axis":"z","origin":[8.0,5.3,18.43]}},{"from":[8.0,5.00054,17.82],"to":[8.5,5.39946,17.93],"faces":{"east":{"texture":"#o3","uv":[9.0,1.0,10.0,2.0]},"south":{"texture":"#o3","uv":[9.0,1.0,10.0,2.0]}},"rotation":{"angle":0.0,"axis":"z","origin":[8.5,5.3,18.43]}},{"from":[8.16622,4.95593,17.9],"to":[8.42191,5.39593,18.35],"faces":{"east":{"texture":"#o3","uv":[9.0,1.0,10.0,2.0],"rotation":90},"south":{"texture":"#o3","uv":[9.0,1.0,10.0,2.0],"rotation":90}},"rotation":{"angle":0.0,"axis":"z","origin":[8.39407,5.25593,18.4]}},{"from":[8.08905,5.53341,17.9],"to":[8.28645,5.61395,18.93],"faces":{"south":{"texture":"#o3","uv":[9.0,1.0,10.0,2.0]},"up":{"texture":"#o3","uv":[9.0,1.0,10.0,2.0]}},"rotation":{"angle":-22.5,"axis":"z","origin":[7.89165,5.62538,18.4]}},{"from":[8.29926,5.26471,17.9],"to":[8.37981,5.37751,18.93],"faces":{"east":{"texture":"#o3","uv":[9.0,1.0,10.0,2.0],"rotation":90},"south":{"texture":"#o3","uv":[9.0,1.0,10.0,2.0],"rotation":90}},"rotation":{"angle":22.5,"axis":"z","origin":[8.33954,5.26001,18.375]}},{"from":[8.2944,4.97897,17.9],"to":[8.37495,5.27977,18.93],"faces":{"east":{"texture":"#o3","uv":[9.0,1.0,10.0,2.0],"rotation":90},"south":{"texture":"#o3","uv":[9.0,1.0,10.0,2.0],"rotation":90}},"rotation":{"angle":0.0,"axis":"z","origin":[8.33467,5.16227,18.375]}},{"from":[7.47215,5.51,18.79],"to":[7.89785,5.79,18.91],"faces":{"east":{"texture":"#o3","uv":[9.0,1.0,10.0,2.0]},"south":{"texture":"#o3","uv":[9.0,1.0,10.0,2.0]},"up":{"texture":"#o3","uv":[9.0,1.0,10.0,2.0]}},"rotation":{"angle":45.0,"axis":"z","origin":[8.0,5.65,19.29]}},{"from":[8.03436,5.21,17.62],"to":[8.55564,5.48,17.81],"faces":{"north":{"texture":"#o3","uv":[13.0,1.0,14.0,2.0]},"south":{"texture":"#o3","uv":[13.0,1.0,14.0,2.0]},"up":{"texture":"#o3","uv":[13.0,1.0,14.0,2.0]},"down":{"texture":"#o3","uv":[13.0,1.0,14.0,2.0]}},"rotation":{"angle":0.0,"axis":"z","origin":[8.5,5.2,17.31]}},{"from":[8.20662,5.00811,17.62],"to":[8.80861,5.23882,17.81],"faces":{"north":{"texture":"#o3","uv":[13.0,1.0,14.0,2.0]},"south":{"texture":"#o3","uv":[13.0,1.0,14.0,2.0]},"up":{"texture":"#o3","uv":[13.0,1.0,14.0,2.0]},"down":{"texture":"#o3","uv":[13.0,1.0,14.0,2.0]}},"rotation":{"angle":-45.0,"axis":"z","origin":[8.67226,4.93811,17.31]}},{"from":[8.72131,3.82305,17.62],"to":[8.98131,5.05433,17.81],"faces":{"north":{"texture":"#o3","uv":[13.0,1.0,14.0,2.0],"rotation":90},"east":{"texture":"#o3","uv":[13.0,1.0,14.0,2.0],"rotation":90},"south":{"texture":"#o3","uv":[13.0,1.0,14.0,2.0],"rotation":90},"west":{"texture":"#o3","uv":[13.0,1.0,14.0,2.0],"rotation":90}},"rotation":{"angle":0.0,"axis":"z","origin":[8.65131,4.58869,17.31]}},{"from":[8.52131,3.25305,17.42],"to":[9.08131,3.82433,18.01],"faces":{"north":{"texture":"#o3","uv":[13.0,1.0,14.0,2.0],"rotation":90},"east":{"texture":"#o3","uv":[13.0,1.0,14.0,2.0],"rotation":90},"south":{"texture":"#o3","uv":[13.0,1.0,14.0,2.0],"rotation":90},"west":{"texture":"#o3","uv":[13.0,1.0,14.0,2.0],"rotation":90},"up":{"texture":"#o3","uv":[13.0,1.0,14.0,2.0],"rotation":90},"down":{"texture":"#o3","uv":[13.0,1.0,14.0,2.0],"rotation":90}},"rotation":{"angle":0.0,"axis":"z","origin":[8.65131,3.98869,17.31]}},{"from":[7.8,5.65,9.3],"to":[8.21,5.94,9.4],"faces":{"south":{"texture":"#o3","uv":[5.0,1.0,6.0,2.0]}},"rotation":{"angle":0.0,"axis":"y","origin":[7.71,5.15,6.2]}},{"from":[8.21,5.65,8.9],"to":[8.5,6.05,9.4],"faces":{"north":{"texture":"#o3","uv":[5.0,1.0,6.0,2.0]},"east":{"texture":"#o3","uv":[5.0,1.0,6.0,2.0]},"south":{"texture":"#o3","uv":[5.0,1.0,6.0,2.0]},"west":{"texture":"#o3","uv":[5.0,1.0,6.0,2.0]},"up":{"texture":"#o3","uv":[5.0,1.0,6.0,2.0]},"down":{"texture":"#o3","uv":[5.0,1.0,6.0,2.0]}},"rotation":{"angle":0.0,"axis":"y","origin":[8.0,5.15,6.2]}},{"from":[7.5,5.65,8.9],"to":[7.8,6.05,9.4],"faces":{"north":{"texture":"#o3","uv":[5.0,1.0,6.0,2.0]},"east":{"texture":"#o3","uv":[5.0,1.0,6.0,2.0]},"south":{"texture":"#o3","uv":[5.0,1.0,6.0,2.0]},"west":{"texture":"#o3","uv":[5.0,1.0,6.0,2.0]},"up":{"texture":"#o3","uv":[5.0,1.0,6.0,2.0]},"down":{"texture":"#o3","uv":[5.0,1.0,6.0,2.0]}},"rotation":{"angle":0.0,"axis":"y","origin":[7.3,5.15,6.2]}},{"from":[7.8,5.94,9.3],"to":[7.9,6.05,9.4],"faces":{"north":{"texture":"#o3","uv":[5.0,1.0,6.0,2.0]},"south":{"texture":"#o3","uv":[5.0,1.0,6.0,2.0]},"up":{"texture":"#o3","uv":[5.0,1.0,6.0,2.0]}},"rotation":{"angle":0.0,"axis":"y","origin":[7.7,5.45,6.2]}},{"from":[7.87929,5.87,9.3],"to":[7.97929,6.04142,9.4],"faces":{"north":{"texture":"#o3","uv":[5.0,1.0,6.0,2.0]},"east":{"texture":"#o3","uv":[5.0,1.0,6.0,2.0]},"south":{"texture":"#o3","uv":[5.0,1.0,6.0,2.0]}},"rotation":{"angle":45.0,"axis":"z","origin":[7.92929,5.95,9.35]}},{"from":[8.11,5.94,9.3],"to":[8.21,6.05,9.4],"faces":{"north":{"texture":"#o3","uv":[5.0,1.0,6.0,2.0]},"south":{"texture":"#o3","uv":[5.0,1.0,6.0,2.0]},"up":{"texture":"#o3","uv":[5.0,1.0,6.0,2.0]}},"rotation":{"angle":0.0,"axis":"y","origin":[8.01,5.45,6.2]}},{"from":[7.99858,5.92929,9.3],"to":[8.16,6.02929,9.4],"faces":{"north":{"texture":"#o3","uv":[5.0,1.0,6.0,2.0],"rotation":270},"south":{"texture":"#o3","uv":[5.0,1.0,6.0,2.0],"rotation":270},"up":{"texture":"#o3","uv":[5.0,1.0,6.0,2.0],"rotation":270}},"rotation":{"angle":45.0,"axis":"z","origin":[8.11,5.97929,9.35]}}],"textures":{"o0":"raincoat:generated/7","o1":"raincoat:generated/8","o2":"raincoat:generated/2","o3":"raincoat:generated/49","o4":"skin/player_skin_slim","o5":"skin/player_skin","o6":"raincoat:generated/2e","o7":"raincoat:generated/a","o8":"raincoat:generated/4a","o9":"raincoat:generated/d","o10":"raincoat:generated/d"},"gui_light":"front","display":{"thirdperson_lefthand":{"scale":[0.0,0.0,0.0]},"thirdperson_righthand":{"translation":[0.0,3.5,-6.5],"scale":[0.7,0.7,0.7]},"firstperson_lefthand":{"scale":[0.0,0.0,0.0]},"firstperson_righthand":{"scale":[0.0,0.0,0.0]},"head":{"rotation":[0.0,-90.0,-90.0],"translation":[-1.25,-42.0,4.5],"scale":[1.8,1.8,1.8]},"gui":{"rotation":[0.0,90.0,0.0],"translation":[-55.25,30.5,80.0],"scale":[3.0,3.0,3.0]},"ground":{"rotation":[0.0,0.0,90.0],"translation":[-2.75,0.0,-3.5],"scale":[0.8,0.8,0.8]}}}