{"parent":"raincoat:generated/31f5d84edbade5ea3834457d7f5ae9738f7e812a","display":{"thirdperson_lefthand":{"scale":[0.0,0.0,0.0]},"thirdperson_righthand":{"scale":[0.0,0.0,0.0]},"firstperson_lefthand":{"scale":[0.0,0.0,0.0]},"firstperson_righthand":{"rotation":[0.0,65.0,0.0],"translation":[-11.5,9.6,-0.5]},"head":{"rotation":[0.0,-90.0,-90.0],"translation":[-1.75,-42.0,0.25],"scale":[0.6,0.6,0.6]},"gui":{"rotation":[0.0,-180.0,0.0],"scale":[0.33333334,0.33333334,0.33333334]},"ground":{"rotation":[0.0,0.0,-90.0],"translation":[0.5,0.75,-2.0],"scale":[0.6,0.6,0.6]},"fixed":{"rotation":[90.0,-45.0,90.0],"translation":[0.0,0.0,-1.5],"scale":[0.6,0.6,0.6]}}}