{"parent":"item/generated","textures":{"layer0":"item/music_disc_13"},"overrides":[{"predicate":{"custom_model_data":1},"model":"generated/bbb7b99d7d983fe8692b0326eb49a729459f913ea60ee4c097e2e119367385f1"},{"predicate":{"custom_model_data":2},"model":"generated/09631bd52c330838c5ddc99bf6387f2353c9ac12c5a0717182dc9c2eca49b788"},{"predicate":{"custom_model_data":3},"model":"generated/e20c2704d74932cd092d0778a6ef25a061723a7c533616aeb3c68ca96dc27f5e"},{"predicate":{"custom_model_data":4},"model":"generated/02728d5f7bd41dc866a422cbeac2235f28f90c8d805554d8d74658a44cf6afd2"},{"predicate":{"custom_model_data":5},"model":"generated/34260c417a72287f44e47af73c6d4aec47d1ba3d8272e1d8dcbd43f216306d41"},{"predicate":{"custom_model_data":6},"model":"generated/f4fa0a2a76faaf44b9e98d1d492db2fc025e194f8b5f59dd9266dbc567051d37"},{"predicate":{"custom_model_data":7},"model":"generated/d828d7e4d9df9dfb0c3b0125fbb95074b82bd986a52afdaebdd422b5b5cebf6e"},{"predicate":{"custom_model_data":8},"model":"generated/844f693803c85802041c060caf61e311647818c9f3dbe5c1e03992174eb03675"}]}