{"parent":"item/generated","textures":{"layer0":"item/white_dye"},"overrides":[{"predicate":{"custom_model_data":1.0},"model":"raincoat:generated/6f1a891c1d2b02569c59c7666b56c06c631f5770d0309a5a90a3ec6876c365f6"},{"predicate":{"custom_model_data":2.0},"model":"raincoat:generated/2417122bfd638f2c1a007db362a39b0f58cd023963f13284533be5662b5111db"},{"predicate":{"custom_model_data":3.0},"model":"raincoat:generated/4e0b169959200e2438d606c569751dfa6debe69e33e415ea19864c1a2ae6afb6"},{"predicate":{"custom_model_data":4.0},"model":"raincoat:generated/21f5f56fd1592618ffc26d7aafc51fe92a88426eceedb2ba5366ac2934e59404"},{"predicate":{"custom_model_data":5.0},"model":"raincoat:generated/5ea62d57cad7b80a6c44e9bee5474b56e4fbc8a4e5e184b48ad118fa7841f015"},{"predicate":{"custom_model_data":6.0},"model":"raincoat:generated/e79ce53634cf517bafc68230077c932f33ccaa46a3872dc5ea141a55a6eb7ae6"},{"predicate":{"custom_model_data":7.0},"model":"raincoat:generated/21a6ee35b8c7808235447dfb48198f7a7b6a4eb9a111101607c0fc3e53a27779"},{"predicate":{"custom_model_data":8.0},"model":"raincoat:generated/924a6d6271fe57b393843df61e9616837f34f776eed88a6f198d3ac4062ec7a9"},{"predicate":{"custom_model_data":9.0},"model":"raincoat:generated/56d5759c9271dd293eb48384d8679925df454f82fd6d4b205303165004eeb779"},{"predicate":{"custom_model_data":10.0},"model":"raincoat:generated/2013de4359fa005710ccf29f9746b4afad7086fb75e62015ff891717ca1f20c7"},{"predicate":{"custom_model_data":11.0},"model":"raincoat:generated/7eed54f8981a69b0fe096213c534df7c4f1cd3903f72cc9e0cdbb2168a964493"},{"predicate":{"custom_model_data":12.0},"model":"raincoat:generated/3f20ef46e2123426071b9c3400841f419706ec8119c07d795923b42fd8449ca2"},{"predicate":{"custom_model_data":13.0},"model":"raincoat:generated/dd768b50765e7aa06a07337b492b992865b34c006be32d931093c05a94cd113e"},{"predicate":{"custom_model_data":14.0},"model":"raincoat:generated/fbe023af211eb451a33f17f6f8d1999f0d9b9c8c1423766229ef2fb4fdedf0cb"},{"predicate":{"custom_model_data":15.0},"model":"raincoat:generated/ac0c88a3be53a1bf13b91f5a92d260e956e6c0f4a44f4f4f2a0182ac75821bd9"},{"predicate":{"custom_model_data":16.0},"model":"raincoat:generated/506952290363a3fb3acb944330586c650d86cc59720529ef550ec9d3343f0c8e"},{"predicate":{"custom_model_data":17.0},"model":"raincoat:generated/c9c6767560f801d6fad930bf5c1cf60b4960e470eff33d41a3092323772d7fcb"},{"predicate":{"custom_model_data":18.0},"model":"raincoat:generated/3fc032c6bf1f65a057d47f386b04d3597a293ff9d2e99c338656cf3960257763"},{"predicate":{"custom_model_data":19.0},"model":"raincoat:generated/00252820be280837cdfae3f86b5254e3380208f951f20780ce914654d0bd1311"},{"predicate":{"custom_model_data":20.0},"model":"raincoat:generated/a8056b90634c1902536c9cb3bad0707fd859f6152448e9af3e1aa9626b322720"},{"predicate":{"custom_model_data":21.0},"model":"raincoat:generated/ff8308790fcafd9e487fff75cf60d36fc44113ddfd5edfb2fd6dfb4e8b6ce489"},{"predicate":{"custom_model_data":22.0},"model":"raincoat:generated/6c85d5bed2661df723f848f465e29eb7941f3ca28baf69ce4817c874c270dfdb"}]}