{"elements":[{"from":[7.41152,6.61,4.77792],"to":[8.48848,6.90924,6.1],"faces":{"north":{"texture":"#o0","uv":[0.875,5.25,1.875,6.25]},"east":{"texture":"#o0","uv":[0.875,5.25,1.875,6.25]},"south":{"texture":"#o0","uv":[0.875,5.25,1.875,6.25]},"west":{"texture":"#o0","uv":[0.875,5.25,1.875,6.25]},"up":{"texture":"#o0","uv":[0.875,5.25,1.875,6.25]},"down":{"texture":"#o0","uv":[0.875,5.25,1.875,6.25]}},"rotation":{"angle":0.0,"axis":"z","origin":[7.95,7.91,5.6]},"name":"octagon"},{"from":[7.41152,8.91,4.2],"to":[8.48848,9.21,6.1],"faces":{"north":{"texture":"#o0","uv":[0.875,5.25,1.875,6.25]},"east":{"texture":"#o0","uv":[0.875,5.25,1.875,6.25]},"south":{"texture":"#o0","uv":[0.875,5.25,1.875,6.25]},"west":{"texture":"#o0","uv":[0.875,5.25,1.875,6.25]},"up":{"texture":"#o0","uv":[0.875,5.25,1.875,6.25]},"down":{"texture":"#o0","uv":[0.875,5.25,1.875,6.25]}},"rotation":{"angle":45.0,"axis":"z","origin":[7.95,7.91,5.6]},"name":"octagon"},{"from":[7.41152,8.91,4.2],"to":[8.48848,9.21,6.1],"faces":{"north":{"texture":"#o0","uv":[0.875,5.25,1.875,6.25]},"east":{"texture":"#o0","uv":[0.875,5.25,1.875,6.25]},"south":{"texture":"#o0","uv":[0.875,5.25,1.875,6.25]},"west":{"texture":"#o0","uv":[0.875,5.25,1.875,6.25]},"up":{"texture":"#o0","uv":[0.875,5.25,1.875,6.25]},"down":{"texture":"#o0","uv":[0.875,5.25,1.875,6.25]}},"rotation":{"angle":0.0,"axis":"z","origin":[7.95,7.91,5.6]},"name":"octagon"},{"from":[6.64946,7.37152,4.77792],"to":[6.95,8.44794,6.1],"faces":{"north":{"texture":"#o0","uv":[0.875,5.25,1.875,6.25]},"east":{"texture":"#o0","uv":[0.875,5.25,1.875,6.25]},"south":{"texture":"#o0","uv":[0.875,5.25,1.875,6.25]},"west":{"texture":"#o0","uv":[0.875,5.25,1.875,6.25]},"up":{"texture":"#o0","uv":[0.875,5.25,1.875,6.25]},"down":{"texture":"#o0","uv":[0.875,5.25,1.875,6.25]}},"rotation":{"angle":45.0,"axis":"z","origin":[7.95,7.91,5.6]},"name":"octagon"},{"from":[6.65,8.13,4.87276],"to":[6.95,8.98266,5.13848],"faces":{"north":{"texture":"#o0","uv":[0.875,5.25,1.875,6.25],"rotation":180},"east":{"texture":"#o0","uv":[0.875,5.25,1.875,6.25],"rotation":270},"south":{"texture":"#o0","uv":[0.875,5.25,1.875,6.25]},"west":{"texture":"#o0","uv":[0.875,5.25,1.875,6.25],"rotation":90},"up":{"texture":"#o0","uv":[0.875,5.25,1.875,6.25],"rotation":180},"down":{"texture":"#o0","uv":[0.875,5.25,1.875,6.25]}},"rotation":{"angle":-45.0,"axis":"x","origin":[7.95,7.73,5.6]},"name":"octagon"},{"from":[6.65,8.19,4.9374],"to":[6.95,8.8273,5.24848],"faces":{"north":{"texture":"#o0","uv":[0.875,5.25,1.875,6.25],"rotation":180},"east":{"texture":"#o0","uv":[0.875,5.25,1.875,6.25],"rotation":270},"south":{"texture":"#o0","uv":[0.875,5.25,1.875,6.25]},"west":{"texture":"#o0","uv":[0.875,5.25,1.875,6.25],"rotation":90},"up":{"texture":"#o0","uv":[0.875,5.25,1.875,6.25],"rotation":180},"down":{"texture":"#o0","uv":[0.875,5.25,1.875,6.25]}},"rotation":{"angle":-45.0,"axis":"x","origin":[7.95,7.91,5.4]},"name":"octagon"},{"from":[6.65,8.10152,4.2],"to":[6.95,8.44848,6.1],"faces":{"north":{"texture":"#o0","uv":[0.875,5.25,1.875,6.25]},"east":{"texture":"#o0","uv":[0.875,5.25,1.875,6.25]},"south":{"texture":"#o0","uv":[0.875,5.25,1.875,6.25]},"west":{"texture":"#o0","uv":[0.875,5.25,1.875,6.25]},"up":{"texture":"#o0","uv":[0.875,5.25,1.875,6.25]},"down":{"texture":"#o0","uv":[0.875,5.25,1.875,6.25]}},"rotation":{"angle":0.0,"axis":"x","origin":[7.95,7.91,5.6]},"name":"octagon"},{"from":[6.65,7.37076,4.77792],"to":[6.95,8.23152,6.1],"faces":{"north":{"texture":"#o0","uv":[0.875,5.25,1.875,6.25]},"east":{"texture":"#o0","uv":[0.875,5.25,1.875,6.25]},"south":{"texture":"#o0","uv":[0.875,5.25,1.875,6.25]},"west":{"texture":"#o0","uv":[0.875,5.25,1.875,6.25]},"up":{"texture":"#o0","uv":[0.875,5.25,1.875,6.25]},"down":{"texture":"#o0","uv":[0.875,5.25,1.875,6.25]}},"rotation":{"angle":0.0,"axis":"x","origin":[7.95,7.75,5.6]},"name":"octagon"},{"from":[7.41152,8.91,4.2],"to":[8.48848,9.21,6.1],"faces":{"north":{"texture":"#o0","uv":[1.875,5.25,0.875,6.25]},"east":{"texture":"#o0","uv":[1.875,5.25,0.875,6.25]},"south":{"texture":"#o0","uv":[1.875,5.25,0.875,6.25]},"west":{"texture":"#o0","uv":[1.875,5.25,0.875,6.25]},"up":{"texture":"#o0","uv":[1.875,5.25,0.875,6.25]},"down":{"texture":"#o0","uv":[1.875,5.25,0.875,6.25]}},"rotation":{"angle":-45.0,"axis":"z","origin":[7.95,7.91,5.6]},"name":"octagon"},{"from":[8.95,8.10152,4.2],"to":[9.25,8.44848,6.1],"faces":{"north":{"texture":"#o0","uv":[1.875,5.25,0.875,6.25]},"east":{"texture":"#o0","uv":[1.875,5.25,0.875,6.25]},"south":{"texture":"#o0","uv":[1.875,5.25,0.875,6.25]},"west":{"texture":"#o0","uv":[1.875,5.25,0.875,6.25]},"up":{"texture":"#o0","uv":[1.875,5.25,0.875,6.25]},"down":{"texture":"#o0","uv":[1.875,5.25,0.875,6.25]}},"rotation":{"angle":0.0,"axis":"x","origin":[7.95,7.91,5.6]},"name":"octagon"},{"from":[8.95,8.13,4.87276],"to":[9.25,8.98266,5.13848],"faces":{"north":{"texture":"#o0","uv":[1.875,5.25,0.875,6.25],"rotation":180},"east":{"texture":"#o0","uv":[0.875,6.25,1.875,5.25],"rotation":90},"south":{"texture":"#o0","uv":[1.875,5.25,0.875,6.25]},"west":{"texture":"#o0","uv":[0.875,6.25,1.875,5.25],"rotation":270},"up":{"texture":"#o0","uv":[1.875,5.25,0.875,6.25],"rotation":180},"down":{"texture":"#o0","uv":[1.875,5.25,0.875,6.25]}},"rotation":{"angle":-45.0,"axis":"x","origin":[7.95,7.73,5.6]},"name":"octagon"},{"from":[8.95,8.19,4.9374],"to":[9.25,8.8273,5.24848],"faces":{"north":{"texture":"#o0","uv":[1.875,5.25,0.875,6.25],"rotation":180},"east":{"texture":"#o0","uv":[0.875,6.25,1.875,5.25],"rotation":90},"south":{"texture":"#o0","uv":[1.875,5.25,0.875,6.25]},"west":{"texture":"#o0","uv":[0.875,6.25,1.875,5.25],"rotation":270},"up":{"texture":"#o0","uv":[1.875,5.25,0.875,6.25],"rotation":180},"down":{"texture":"#o0","uv":[1.875,5.25,0.875,6.25]}},"rotation":{"angle":-45.0,"axis":"x","origin":[7.95,7.91,5.4]},"name":"octagon"},{"from":[8.95,7.37076,4.77792],"to":[9.25,8.23152,6.1],"faces":{"north":{"texture":"#o0","uv":[1.875,5.25,0.875,6.25]},"east":{"texture":"#o0","uv":[1.875,5.25,0.875,6.25]},"south":{"texture":"#o0","uv":[1.875,5.25,0.875,6.25]},"west":{"texture":"#o0","uv":[1.875,5.25,0.875,6.25]},"up":{"texture":"#o0","uv":[1.875,5.25,0.875,6.25]},"down":{"texture":"#o0","uv":[1.875,5.25,0.875,6.25]}},"rotation":{"angle":0.0,"axis":"x","origin":[7.95,7.75,5.6]},"name":"octagon"},{"from":[8.95,7.37152,4.77792],"to":[9.25054,8.44794,6.1],"faces":{"north":{"texture":"#o0","uv":[1.875,5.25,0.875,6.25]},"east":{"texture":"#o0","uv":[1.875,5.25,0.875,6.25]},"south":{"texture":"#o0","uv":[1.875,5.25,0.875,6.25]},"west":{"texture":"#o0","uv":[1.875,5.25,0.875,6.25]},"up":{"texture":"#o0","uv":[1.875,5.25,0.875,6.25]},"down":{"texture":"#o0","uv":[1.875,5.25,0.875,6.25]}},"rotation":{"angle":-45.0,"axis":"z","origin":[7.95,7.91,5.6]},"name":"octagon"},{"from":[8.88879,7.50308,7.53967],"to":[9.53566,8.30308,8.33967],"faces":{"north":{"texture":"#o0","uv":[0.1,5.1,0.9,5.9]},"east":{"texture":"#o0","uv":[0.1,5.1,0.9,5.9]},"south":{"texture":"#o0","uv":[0.1,5.1,0.9,5.9]},"west":{"texture":"#o0","uv":[0.1,5.1,0.9,5.9]},"up":{"texture":"#o0","uv":[0.1,5.1,0.9,5.9]},"down":{"texture":"#o0","uv":[0.1,5.1,0.9,5.9]}},"rotation":{"angle":0.0,"axis":"y","origin":[8.0,8.0,8.0]},"name":"hexadecagon"},{"from":[6.52879,7.50308,7.53967],"to":[7.13566,8.30308,8.33967],"faces":{"north":{"texture":"#o0","uv":[0.1,5.1,0.9,5.9]},"east":{"texture":"#o0","uv":[0.1,5.1,0.9,5.9]},"south":{"texture":"#o0","uv":[0.1,5.1,0.9,5.9]},"west":{"texture":"#o0","uv":[0.1,5.1,0.9,5.9]},"up":{"texture":"#o0","uv":[0.1,5.1,0.9,5.9]},"down":{"texture":"#o0","uv":[0.1,5.1,0.9,5.9]}},"rotation":{"angle":0.0,"axis":"y","origin":[8.0,8.0,8.0]},"name":"hexadecagon"},{"from":[7.59191,8.82183,7.53967],"to":[8.39191,9.15308,8.33967],"faces":{"north":{"texture":"#o0","uv":[0.1,5.1,0.9,5.9]},"east":{"texture":"#o0","uv":[0.9,5.9,0.1,5.1],"rotation":90},"south":{"texture":"#o0","uv":[0.1,5.1,0.9,5.9]},"west":{"texture":"#o0","uv":[0.9,5.9,0.1,5.1],"rotation":90},"up":{"texture":"#o0","uv":[0.9,5.9,0.1,5.1],"rotation":90}},"rotation":{"angle":0.0,"axis":"y","origin":[8.0,8.0,8.0]},"name":"hexadecagon"},{"from":[6.63998,7.7212,9.92717],"to":[7.03998,8.0912,10.38029],"faces":{"north":{"texture":"#o0","uv":[0.1,5.1,0.9,5.9]},"south":{"texture":"#o0","uv":[0.1,5.1,0.9,5.9]},"west":{"texture":"#o0","uv":[0.1,5.1,0.9,5.9]},"up":{"texture":"#o0","uv":[0.9,5.9,0.1,5.1],"rotation":90},"down":{"texture":"#o0","uv":[0.9,5.9,0.1,5.1],"rotation":270}},"rotation":{"angle":0.0,"axis":"y","origin":[8.0,8.0,8.0]}},{"from":[8.9001,7.7212,9.92717],"to":[9.3001,8.0912,10.38029],"faces":{"north":{"texture":"#o0","uv":[0.1,5.1,0.9,5.9]},"east":{"texture":"#o0","uv":[0.1,5.1,0.9,5.9]},"south":{"texture":"#o0","uv":[0.1,5.1,0.9,5.9]},"up":{"texture":"#o0","uv":[0.9,5.9,0.1,5.1],"rotation":90},"down":{"texture":"#o0","uv":[0.9,5.9,0.1,5.1],"rotation":270}},"rotation":{"angle":0.0,"axis":"y","origin":[8.0,8.0,8.0]}},{"from":[6.77549,8.74948,8.3678],"to":[9.07549,8.96948,9.17718],"faces":{"north":{"texture":"#o0","uv":[0.1,5.1,0.9,5.9]},"east":{"texture":"#o0","uv":[0.9,5.9,0.1,5.1],"rotation":90},"south":{"texture":"#o0","uv":[0.1,5.1,0.9,5.9]},"west":{"texture":"#o0","uv":[0.9,5.9,0.1,5.1],"rotation":90},"up":{"texture":"#o0","uv":[0.9,5.9,0.1,5.1],"rotation":90},"down":{"texture":"#o0","uv":[0.9,5.9,0.1,5.1],"rotation":90}},"rotation":{"angle":0.0,"axis":"y","origin":[8.0,8.0,8.0]}},{"from":[6.77549,6.87198,8.3678],"to":[9.07549,7.06198,9.17718],"faces":{"north":{"texture":"#o0","uv":[0.1,5.1,0.9,5.9]},"east":{"texture":"#o0","uv":[0.9,5.9,0.1,5.1],"rotation":270},"south":{"texture":"#o0","uv":[0.1,5.1,0.9,5.9]},"west":{"texture":"#o0","uv":[0.9,5.9,0.1,5.1],"rotation":270},"up":{"texture":"#o0","uv":[0.9,5.9,0.1,5.1],"rotation":270},"down":{"texture":"#o0","uv":[0.9,5.9,0.1,5.1],"rotation":270}},"rotation":{"angle":0.0,"axis":"y","origin":[8.0,8.0,8.0]}},{"from":[8.88368,6.89378,9.16467],"to":[9.03368,7.04488,9.26467],"faces":{"east":{"texture":"#o0","uv":[0.1,15.1,0.9,15.9]},"south":{"texture":"#o0","uv":[0.1,15.1,0.9,15.9]},"west":{"texture":"#o0","uv":[0.1,15.1,0.9,15.9]},"up":{"texture":"#o0","uv":[0.9,15.9,0.1,15.1],"rotation":90},"down":{"texture":"#o0","uv":[0.9,15.9,0.1,15.1],"rotation":270}},"rotation":{"angle":0.0,"axis":"y","origin":[8.0,8.0,8.0]},"name":"hexadecagon"},{"from":[6.84368,6.89378,9.16467],"to":[6.99368,7.04488,9.26467],"faces":{"east":{"texture":"#o0","uv":[0.1,15.1,0.9,15.9]},"south":{"texture":"#o0","uv":[0.1,15.1,0.9,15.9]},"west":{"texture":"#o0","uv":[0.1,15.1,0.9,15.9]},"up":{"texture":"#o0","uv":[0.9,15.9,0.1,15.1],"rotation":90},"down":{"texture":"#o0","uv":[0.9,15.9,0.1,15.1],"rotation":270}},"rotation":{"angle":0.0,"axis":"y","origin":[8.0,8.0,8.0]},"name":"hexadecagon"},{"from":[8.88368,8.78378,9.16467],"to":[9.03368,8.93488,9.26467],"faces":{"east":{"texture":"#o0","uv":[0.1,15.1,0.9,15.9]},"south":{"texture":"#o0","uv":[0.1,15.1,0.9,15.9]},"west":{"texture":"#o0","uv":[0.1,15.1,0.9,15.9]},"up":{"texture":"#o0","uv":[0.9,15.9,0.1,15.1],"rotation":90},"down":{"texture":"#o0","uv":[0.9,15.9,0.1,15.1],"rotation":270}},"rotation":{"angle":0.0,"axis":"y","origin":[8.0,8.0,8.0]},"name":"hexadecagon"},{"from":[6.84368,8.78378,9.16467],"to":[6.99368,8.93488,9.26467],"faces":{"east":{"texture":"#o0","uv":[0.1,15.1,0.9,15.9]},"south":{"texture":"#o0","uv":[0.1,15.1,0.9,15.9]},"west":{"texture":"#o0","uv":[0.1,15.1,0.9,15.9]},"up":{"texture":"#o0","uv":[0.9,15.9,0.1,15.1],"rotation":90},"down":{"texture":"#o0","uv":[0.9,15.9,0.1,15.1],"rotation":270}},"rotation":{"angle":0.0,"axis":"y","origin":[8.0,8.0,8.0]},"name":"hexadecagon"},{"from":[6.90866,7.74879,6.9303],"to":[7.07866,8.14879,10.61718],"faces":{"north":{"texture":"#o0","uv":[0.1,5.1,0.9,5.9]},"east":{"texture":"#o0","uv":[0.1,5.1,0.9,5.9]},"south":{"texture":"#o0","uv":[0.1,5.1,0.9,5.9]},"west":{"texture":"#o0","uv":[0.1,5.1,0.9,5.9]}},"rotation":{"angle":45.0,"axis":"z","origin":[8.0,8.0,8.0]},"name":"hexadecagon"},{"from":[6.9348,7.71983,6.9303],"to":[7.1048,8.11983,10.61718],"faces":{"north":{"texture":"#o0","uv":[0.1,5.1,0.9,5.9]},"east":{"texture":"#o0","uv":[0.1,5.1,0.9,5.9]},"south":{"texture":"#o0","uv":[0.1,5.1,0.9,5.9]},"west":{"texture":"#o0","uv":[0.1,5.1,0.9,5.9]}},"rotation":{"angle":22.5,"axis":"z","origin":[8.0,8.0,8.0]},"name":"hexadecagon"},{"from":[6.97002,7.70307,6.9303],"to":[7.14002,8.10307,10.61718],"faces":{"north":{"texture":"#o0","uv":[0.1,5.1,0.9,5.9]},"east":{"texture":"#o0","uv":[0.1,5.1,0.9,5.9]},"south":{"texture":"#o0","uv":[0.1,5.1,0.9,5.9]},"west":{"texture":"#o0","uv":[0.1,5.1,0.9,5.9]}},"rotation":{"angle":0.0,"axis":"y","origin":[8.0,8.0,8.0]},"name":"hexadecagon"},{"from":[7.00898,7.70107,6.9303],"to":[7.17898,8.10107,10.61718],"faces":{"north":{"texture":"#o0","uv":[0.1,5.1,0.9,5.9]},"east":{"texture":"#o0","uv":[0.1,5.1,0.1,5.1]},"south":{"texture":"#o0","uv":[0.1,5.1,0.9,5.9]},"west":{"texture":"#o0","uv":[0.1,5.1,0.9,5.9]}},"rotation":{"angle":-22.5,"axis":"z","origin":[8.0,8.0,8.0]},"name":"hexadecagon"},{"from":[7.04574,7.71413,6.9303],"to":[7.21574,8.11413,10.61718],"faces":{"north":{"texture":"#o0","uv":[0.1,5.1,0.9,5.9]},"east":{"texture":"#o0","uv":[0.1,5.1,0.9,5.9]},"south":{"texture":"#o0","uv":[0.1,5.1,0.9,5.9]},"west":{"texture":"#o0","uv":[0.1,5.1,0.9,5.9]}},"rotation":{"angle":-45.0,"axis":"z","origin":[8.0,8.0,8.0]},"name":"hexadecagon"},{"from":[8.7496,7.74879,6.9303],"to":[8.9196,8.14879,10.61718],"faces":{"north":{"texture":"#o0","uv":[0.1,5.1,0.9,5.9]},"east":{"texture":"#o0","uv":[0.1,5.1,0.9,5.9]},"south":{"texture":"#o0","uv":[0.1,5.1,0.9,5.9]},"west":{"texture":"#o0","uv":[0.1,5.1,0.9,5.9]}},"rotation":{"angle":45.0,"axis":"z","origin":[8.0,8.0,8.0]},"name":"hexadecagon"},{"from":[8.77573,7.71982,6.9303],"to":[8.94573,8.11982,10.61718],"faces":{"north":{"texture":"#o0","uv":[0.1,5.1,0.9,5.9]},"east":{"texture":"#o0","uv":[0.1,5.1,0.9,5.9]},"south":{"texture":"#o0","uv":[0.1,5.1,0.9,5.9]},"west":{"texture":"#o0","uv":[0.1,5.1,0.9,5.9]}},"rotation":{"angle":22.5,"axis":"z","origin":[8.0,8.0,8.0]},"name":"hexadecagon"},{"from":[8.81096,7.70307,6.9303],"to":[8.98096,8.10307,10.61718],"faces":{"north":{"texture":"#o0","uv":[0.1,5.1,0.9,5.9]},"east":{"texture":"#o0","uv":[0.1,5.1,0.9,5.9]},"south":{"texture":"#o0","uv":[0.1,5.1,0.9,5.9]},"west":{"texture":"#o0","uv":[0.1,5.1,0.9,5.9]}},"rotation":{"angle":0.0,"axis":"y","origin":[8.0,8.0,8.0]},"name":"hexadecagon"},{"from":[8.84992,7.70107,6.9303],"to":[9.01992,8.10107,10.61718],"faces":{"north":{"texture":"#o0","uv":[0.1,5.1,0.9,5.9]},"east":{"texture":"#o0","uv":[0.1,5.1,0.9,5.9]},"south":{"texture":"#o0","uv":[0.1,5.1,0.9,5.9]},"west":{"texture":"#o0","uv":[0.1,5.1,0.9,5.9]}},"rotation":{"angle":-22.5,"axis":"z","origin":[8.0,8.0,8.0]},"name":"hexadecagon"},{"from":[8.88668,7.71413,6.9303],"to":[9.05668,8.11413,10.61718],"faces":{"north":{"texture":"#o0","uv":[0.1,5.1,0.9,5.9]},"east":{"texture":"#o0","uv":[0.1,5.1,0.9,5.9]},"south":{"texture":"#o0","uv":[0.1,5.1,0.9,5.9]},"west":{"texture":"#o0","uv":[0.1,5.1,0.9,5.9]}},"rotation":{"angle":-45.0,"axis":"z","origin":[8.0,8.0,8.0]},"name":"hexadecagon"},{"from":[7.74026,6.91436,6.9303],"to":[8.14026,7.08436,10.61718],"faces":{"north":{"texture":"#o0","uv":[0.1,5.1,0.9,5.9]},"south":{"texture":"#o0","uv":[0.1,5.1,0.9,5.9]},"up":{"texture":"#o0","uv":[0.9,5.9,0.1,5.1],"rotation":90},"down":{"texture":"#o0","uv":[0.9,5.9,0.1,5.1],"rotation":270}},"rotation":{"angle":22.5,"axis":"z","origin":[8.0,8.0,8.0]},"name":"hexadecagon"},{"from":[7.77549,6.89761,6.9303],"to":[8.17549,7.06761,10.61718],"faces":{"north":{"texture":"#o0","uv":[0.1,5.1,0.9,5.9]},"south":{"texture":"#o0","uv":[0.1,5.1,0.9,5.9]},"up":{"texture":"#o0","uv":[0.9,5.9,0.1,5.1],"rotation":90},"down":{"texture":"#o0","uv":[0.9,5.9,0.1,5.1],"rotation":270}},"rotation":{"angle":0.0,"axis":"y","origin":[8.0,8.0,8.0]},"name":"hexadecagon"},{"from":[7.81445,6.89561,6.9303],"to":[8.21445,7.06561,10.61718],"faces":{"north":{"texture":"#o0","uv":[0.1,5.1,0.9,5.9]},"south":{"texture":"#o0","uv":[0.1,5.1,0.9,5.9]},"up":{"texture":"#o0","uv":[0.9,5.9,0.1,5.1],"rotation":90},"down":{"texture":"#o0","uv":[0.9,5.9,0.1,5.1],"rotation":270}},"rotation":{"angle":-22.5,"axis":"z","origin":[8.0,8.0,8.0]},"name":"hexadecagon"},{"from":[7.74026,8.75529,6.9303],"to":[8.14026,8.92529,10.61718],"faces":{"north":{"texture":"#o0","uv":[0.1,5.1,0.9,5.9]},"south":{"texture":"#o0","uv":[0.1,5.1,0.9,5.9]},"up":{"texture":"#o0","uv":[0.9,5.9,0.1,5.1],"rotation":90},"down":{"texture":"#o0","uv":[0.9,5.9,0.1,5.1],"rotation":270}},"rotation":{"angle":22.5,"axis":"z","origin":[8.0,8.0,8.0]},"name":"hexadecagon"},{"from":[7.77549,8.73854,6.9303],"to":[8.17549,8.90854,10.61718],"faces":{"north":{"texture":"#o0","uv":[0.1,5.1,0.9,5.9]},"south":{"texture":"#o0","uv":[0.1,5.1,0.9,5.9]},"up":{"texture":"#o0","uv":[0.9,5.9,0.1,5.1],"rotation":90},"down":{"texture":"#o0","uv":[0.9,5.9,0.1,5.1],"rotation":270}},"rotation":{"angle":0.0,"axis":"y","origin":[8.0,8.0,8.0]},"name":"hexadecagon"},{"from":[7.81445,8.73654,6.9303],"to":[8.21445,8.90654,10.61718],"faces":{"north":{"texture":"#o0","uv":[0.1,5.1,0.9,5.9]},"south":{"texture":"#o0","uv":[0.1,5.1,0.9,5.9]},"up":{"texture":"#o0","uv":[0.9,5.9,0.1,5.1],"rotation":90},"down":{"texture":"#o0","uv":[0.9,5.9,0.1,5.1],"rotation":270}},"rotation":{"angle":-22.5,"axis":"z","origin":[8.0,8.0,8.0]},"name":"hexadecagon"},{"from":[6.97002,7.7187,10.3678],"to":[7.13252,8.1187,10.61468],"faces":{"north":{"texture":"#o0","uv":[0.1,5.1,0.9,5.9]},"east":{"texture":"#o0","uv":[0.1,5.1,0.9,5.9]},"south":{"texture":"#o0","uv":[0.1,5.1,0.9,5.9]},"west":{"texture":"#o0","uv":[0.1,5.1,0.9,5.9]}},"rotation":{"angle":0.0,"axis":"y","origin":[8.0,8.0,8.0]},"name":"hexadecagon"},{"from":[6.69002,7.72949,8.3678],"to":[6.91014,8.08574,9.17718],"faces":{"north":{"texture":"#o0","uv":[0.1,5.1,0.9,5.9]},"south":{"texture":"#o0","uv":[0.1,5.1,0.9,5.9]}},"rotation":{"angle":45.0,"axis":"z","origin":[8.0,8.0,8.0]}},{"from":[7.37844,6.77343,8.3678],"to":[8.18293,7.22343,9.17718],"faces":{"north":{"texture":"#o0","uv":[0.1,5.1,0.9,5.9]},"south":{"texture":"#o0","uv":[0.1,5.1,0.9,5.9]},"down":{"texture":"#o0","uv":[0.9,5.9,0.1,5.1],"rotation":270}},"rotation":{"angle":-45.0,"axis":"z","origin":[7.88347,8.28133,8.0]}},{"from":[6.46011,7.57219,8.3678],"to":[7.01011,8.22927,9.17718],"faces":{"north":{"texture":"#o0","uv":[0.1,5.1,0.9,5.9]},"south":{"texture":"#o0","uv":[0.1,5.1,0.9,5.9]},"west":{"texture":"#o0","uv":[0.1,5.1,0.9,5.9],"rotation":180}},"rotation":{"angle":0.0,"axis":"y","origin":[8.0,8.0,8.0]}},{"from":[7.23805,8.62619,8.3678],"to":[8.04254,9.08619,9.17718],"faces":{"north":{"texture":"#o0","uv":[0.1,5.1,0.9,5.9]},"south":{"texture":"#o0","uv":[0.1,5.1,0.9,5.9]},"up":{"texture":"#o0","uv":[0.9,5.9,0.1,5.1],"rotation":90}},"rotation":{"angle":45.0,"axis":"z","origin":[7.88347,7.71868,8.0]}},{"from":[6.8009,7.78139,8.3678],"to":[7.14539,8.13764,9.17718],"faces":{"north":{"texture":"#o0","uv":[0.1,5.1,0.9,5.9]},"south":{"texture":"#o0","uv":[0.1,5.1,0.9,5.9]}},"rotation":{"angle":-45.0,"axis":"z","origin":[8.0,8.0,8.0]}},{"from":[8.98449,7.62412,8.3678],"to":[9.20461,7.98037,9.17718],"faces":{"north":{"texture":"#o0","uv":[0.9,5.1,0.1,5.9]},"south":{"texture":"#o0","uv":[0.9,5.1,0.1,5.9]}},"rotation":{"angle":-45.0,"axis":"z","origin":[8.0,8.0,8.0]}},{"from":[7.7117,6.8788,8.3678],"to":[8.51619,7.25068,9.17718],"faces":{"north":{"texture":"#o0","uv":[0.1,5.1,0.9,5.9]},"south":{"texture":"#o0","uv":[0.1,5.1,0.9,5.9]},"down":{"texture":"#o0","uv":[0.9,5.9,0.1,5.1],"rotation":270}},"rotation":{"angle":45.0,"axis":"z","origin":[8.11653,8.28133,8.0]}},{"from":[8.88774,7.57219,8.3678],"to":[9.39087,8.22927,9.17718],"faces":{"north":{"texture":"#o0","uv":[0.1,5.1,0.9,5.9]},"east":{"texture":"#o0","uv":[0.1,5.1,0.9,5.9]},"south":{"texture":"#o0","uv":[0.1,5.1,0.9,5.9]}},"rotation":{"angle":0.0,"axis":"y","origin":[8.0,8.0,8.0]}},{"from":[7.65209,8.60894,8.3678],"to":[8.65658,8.98082,9.17718],"faces":{"north":{"texture":"#o0","uv":[0.1,4.1,0.9,4.9]},"south":{"texture":"#o0","uv":[0.1,4.1,0.9,4.9]},"up":{"texture":"#o0","uv":[0.9,4.9,0.1,4.1],"rotation":90}},"rotation":{"angle":-45.0,"axis":"z","origin":[8.11653,7.71868,8.0]}},{"from":[6.7494,7.72412,5.99604],"to":[6.94116,8.18359,6.93204],"faces":{"east":{"texture":"#o0","uv":[0.1,5.1,0.9,5.9]},"south":{"texture":"#o0","uv":[0.1,5.1,0.9,5.9]},"west":{"texture":"#o0","uv":[0.1,5.1,0.9,5.9]}},"rotation":{"angle":45.0,"axis":"z","origin":[7.9976,7.99398,8.34]},"name":"hexadecagon"},{"from":[7.7303,6.74472,5.99604],"to":[8.18978,6.93648,6.93204],"faces":{"south":{"texture":"#o0","uv":[0.1,5.1,0.9,5.9]},"up":{"texture":"#o0","uv":[0.9,5.9,0.1,5.1],"rotation":90},"down":{"texture":"#o0","uv":[0.9,5.9,0.1,5.1],"rotation":270}},"rotation":{"angle":0.0,"axis":"y","origin":[7.9976,7.99398,8.34]},"name":"hexadecagon"},{"from":[7.76926,6.73753,5.99604],"to":[8.22873,6.92929,6.93204],"faces":{"south":{"texture":"#o0","uv":[0.1,5.1,0.9,5.9]},"up":{"texture":"#o0","uv":[0.9,5.9,0.1,5.1],"rotation":90},"down":{"texture":"#o0","uv":[0.9,5.9,0.1,5.1],"rotation":270}},"rotation":{"angle":-22.5,"axis":"z","origin":[7.9976,7.99398,8.34]},"name":"hexadecagon"},{"from":[6.77186,7.69149,5.99604],"to":[6.96362,8.15096,6.93204],"faces":{"east":{"texture":"#o0","uv":[0.1,5.1,0.9,5.9]},"south":{"texture":"#o0","uv":[0.1,5.1,0.9,5.9]},"west":{"texture":"#o0","uv":[0.1,5.1,0.9,5.9]}},"rotation":{"angle":22.5,"axis":"z","origin":[7.9976,7.99398,8.34]},"name":"hexadecagon"},{"from":[6.80509,7.66994,5.99604],"to":[6.99685,8.12942,6.93204],"faces":{"east":{"texture":"#o0","uv":[0.1,5.1,0.9,5.9]},"south":{"texture":"#o0","uv":[0.1,5.1,0.9,5.9]},"west":{"texture":"#o0","uv":[0.1,5.1,0.9,5.9]}},"rotation":{"angle":0.0,"axis":"y","origin":[7.9976,7.99398,8.34]},"name":"hexadecagon"},{"from":[6.84403,7.66274,5.99604],"to":[7.03579,8.12222,6.93204],"faces":{"east":{"texture":"#o0","uv":[0.1,5.1,0.9,5.9]},"south":{"texture":"#o0","uv":[0.1,5.1,0.9,5.9]},"west":{"texture":"#o0","uv":[0.1,5.1,0.9,5.9]}},"rotation":{"angle":-22.5,"axis":"z","origin":[7.9976,7.99398,8.34]},"name":"hexadecagon"},{"from":[6.88277,7.67101,5.99604],"to":[7.07453,8.13048,6.93204],"faces":{"east":{"texture":"#o0","uv":[0.1,5.1,0.9,5.9]},"south":{"texture":"#o0","uv":[0.1,5.1,0.9,5.9]},"west":{"texture":"#o0","uv":[0.1,5.1,0.9,5.9]}},"rotation":{"angle":-45.0,"axis":"z","origin":[7.9976,7.99398,8.34]},"name":"hexadecagon"},{"from":[7.69708,8.88442,5.99604],"to":[8.15655,9.07619,6.93204],"faces":{"south":{"texture":"#o0","uv":[0.1,5.1,0.9,5.9]},"up":{"texture":"#o0","uv":[0.9,5.9,0.1,5.1],"rotation":90},"down":{"texture":"#o0","uv":[0.9,5.9,0.1,5.1],"rotation":270}},"rotation":{"angle":22.5,"axis":"z","origin":[7.9976,7.99398,8.34]},"name":"hexadecagon"},{"from":[7.7303,8.86287,5.99604],"to":[8.18978,9.05464,6.93204],"faces":{"south":{"texture":"#o0","uv":[0.1,5.1,0.9,5.9]},"up":{"texture":"#o0","uv":[0.9,5.9,0.1,5.1],"rotation":90},"down":{"texture":"#o0","uv":[0.9,5.9,0.1,5.1],"rotation":270}},"rotation":{"angle":0.0,"axis":"y","origin":[7.9976,7.99398,8.34]},"name":"hexadecagon"},{"from":[7.76926,8.85568,5.99604],"to":[8.22873,9.04745,6.93204],"faces":{"south":{"texture":"#o0","uv":[0.1,5.1,0.9,5.9]},"up":{"texture":"#o0","uv":[0.9,5.9,0.1,5.1],"rotation":90},"down":{"texture":"#o0","uv":[0.9,5.9,0.1,5.1],"rotation":270}},"rotation":{"angle":-22.5,"axis":"z","origin":[7.9976,7.99398,8.34]},"name":"hexadecagon"},{"from":[8.86755,7.72412,5.99604],"to":[9.05931,8.18359,6.93204],"faces":{"east":{"texture":"#o0","uv":[0.1,5.1,0.9,5.9]},"south":{"texture":"#o0","uv":[0.1,5.1,0.9,5.9]},"west":{"texture":"#o0","uv":[0.1,5.1,0.9,5.9]}},"rotation":{"angle":45.0,"axis":"z","origin":[7.9976,7.99398,8.34]},"name":"hexadecagon"},{"from":[8.89001,7.69149,5.99604],"to":[9.08177,8.15096,6.93204],"faces":{"east":{"texture":"#o0","uv":[0.1,5.1,0.9,5.9]},"south":{"texture":"#o0","uv":[0.1,5.1,0.9,5.9]},"west":{"texture":"#o0","uv":[0.1,5.1,0.9,5.9]}},"rotation":{"angle":22.5,"axis":"z","origin":[7.9976,7.99398,8.34]},"name":"hexadecagon"},{"from":[8.92324,7.66994,5.99604],"to":[9.115,8.12942,6.93204],"faces":{"east":{"texture":"#o0","uv":[0.1,5.1,0.9,5.9]},"south":{"texture":"#o0","uv":[0.1,5.1,0.9,5.9]},"west":{"texture":"#o0","uv":[0.1,5.1,0.9,5.9]}},"rotation":{"angle":0.0,"axis":"y","origin":[7.9976,7.99398,8.34]},"name":"hexadecagon"},{"from":[8.96218,7.66274,5.99604],"to":[9.15394,8.12222,6.93204],"faces":{"east":{"texture":"#o0","uv":[0.1,5.1,0.9,5.9]},"south":{"texture":"#o0","uv":[0.1,5.1,0.9,5.9]},"west":{"texture":"#o0","uv":[0.1,5.1,0.9,5.9]}},"rotation":{"angle":-22.5,"axis":"z","origin":[7.9976,7.99398,8.34]},"name":"hexadecagon"},{"from":[9.00092,7.67101,5.99604],"to":[9.19268,8.13048,6.93204],"faces":{"east":{"texture":"#o0","uv":[0.1,5.1,0.9,5.9]},"south":{"texture":"#o0","uv":[0.1,5.1,0.9,5.9]},"west":{"texture":"#o0","uv":[0.1,5.1,0.9,5.9]}},"rotation":{"angle":-45.0,"axis":"z","origin":[7.9976,7.99398,8.34]},"name":"hexadecagon"},{"from":[7.69708,6.76627,5.99604],"to":[8.15655,6.95803,6.93204],"faces":{"south":{"texture":"#o0","uv":[0.1,5.1,0.9,5.9]},"up":{"texture":"#o0","uv":[0.9,5.9,0.1,5.1],"rotation":90},"down":{"texture":"#o0","uv":[0.9,5.9,0.1,5.1],"rotation":270}},"rotation":{"angle":22.5,"axis":"z","origin":[7.9976,7.99398,8.34]},"name":"hexadecagon"},{"from":[6.82067,7.6869,5.05717],"to":[9.02566,8.1255,5.05717],"faces":{"north":{"texture":"#o0","uv":[5.1,5.1,5.9,5.9]}},"rotation":{"angle":0.0,"axis":"y","origin":[7.98924,7.98687,6.9688]},"name":"hexadecagon"},{"from":[6.78298,7.75724,5.05717],"to":[8.98798,8.19584,5.05717],"faces":{"north":{"texture":"#o0","uv":[5.1,5.1,5.9,5.9]}},"rotation":{"angle":45.0,"axis":"z","origin":[7.98924,7.98687,6.9688]},"name":"hexadecagon"},{"from":[7.70387,6.80371,5.05717],"to":[8.14247,9.0087,5.05717],"faces":{"north":{"texture":"#o0","uv":[5.1,5.1,5.9,5.9]}},"rotation":{"angle":0.0,"axis":"y","origin":[7.98924,7.98687,6.9688]},"name":"hexadecagon"},{"from":[6.89706,7.6638,5.05717],"to":[9.10206,8.1024,5.05717],"faces":{"north":{"texture":"#o0","uv":[5.1,5.1,5.9,5.9]}},"rotation":{"angle":-45.0,"axis":"z","origin":[7.98924,7.98687,6.9688]},"name":"hexadecagon"},{"from":[7.67804,6.83513,5.05717],"to":[8.11664,9.04013,5.05717],"faces":{"north":{"texture":"#o0","uv":[5.1,5.1,5.9,5.9]}},"rotation":{"angle":22.5,"axis":"z","origin":[7.98924,7.98687,6.9688]},"name":"hexadecagon"},{"from":[6.85656,7.66776,5.05717],"to":[9.06156,8.10636,5.05717],"faces":{"north":{"texture":"#o0","uv":[5.1,5.1,5.9,5.9]}},"rotation":{"angle":-22.5,"axis":"z","origin":[7.98924,7.98687,6.9688]},"name":"hexadecagon"},{"from":[7.73977,6.78456,5.05717],"to":[8.17837,8.98956,5.05717],"faces":{"north":{"texture":"#o0","uv":[5.1,5.1,5.9,5.9]}},"rotation":{"angle":-22.5,"axis":"z","origin":[7.98924,7.98687,6.9688]},"name":"hexadecagon"},{"from":[6.79483,7.71832,5.05717],"to":[8.99983,8.15692,5.05717],"faces":{"north":{"texture":"#o0","uv":[5.1,5.1,5.9,5.9]}},"rotation":{"angle":22.5,"axis":"z","origin":[7.98924,7.98687,6.9688]},"name":"hexadecagon"},{"from":[8.02546,9.19644,5.00406],"to":[8.1883,9.37644,5.47406],"faces":{"north":{"texture":"#o0","uv":[5.0,0.0,6.0,1.0]},"east":{"texture":"#o0","uv":[5.0,0.0,6.0,1.0]},"south":{"texture":"#o0","uv":[5.0,0.0,6.0,1.0]},"west":{"texture":"#o0","uv":[5.0,0.0,6.0,1.0]},"up":{"texture":"#o0","uv":[5.0,0.0,6.0,1.0]},"down":{"texture":"#o0","uv":[5.0,0.0,6.0,1.0]}},"rotation":{"angle":0.0,"axis":"x","origin":[8.01414,8.007,7.63206]},"name":"octagon"},{"from":[8.15546,9.20644,5.53063],"to":[8.3183,9.37644,6.02063],"faces":{"north":{"texture":"#o0","uv":[5.0,0.0,6.0,1.0]},"east":{"texture":"#o0","uv":[5.0,0.0,6.0,1.0]},"south":{"texture":"#o0","uv":[5.0,0.0,6.0,1.0]},"west":{"texture":"#o0","uv":[5.0,0.0,6.0,1.0]},"up":{"texture":"#o0","uv":[5.0,0.0,6.0,1.0]},"down":{"texture":"#o0","uv":[5.0,0.0,6.0,1.0]}},"rotation":{"angle":0.0,"axis":"x","origin":[7.90414,8.197,7.42863]},"name":"octagon"},{"from":[8.15546,9.05213,5.95903],"to":[8.3183,9.21749,6.59439],"faces":{"north":{"texture":"#o0","uv":[5.0,0.0,6.0,1.0]},"east":{"texture":"#o0","uv":[5.0,0.0,6.0,1.0]},"south":{"texture":"#o0","uv":[5.0,0.0,6.0,1.0]},"west":{"texture":"#o0","uv":[5.0,0.0,6.0,1.0]},"up":{"texture":"#o0","uv":[5.0,0.0,6.0,1.0]},"down":{"texture":"#o0","uv":[5.0,0.0,6.0,1.0]}},"rotation":{"angle":22.5,"axis":"x","origin":[8.23688,9.14213,6.38939]},"name":"octagon"},{"from":[8.15546,8.98053,6.54434],"to":[8.3183,9.16053,6.68434],"faces":{"north":{"texture":"#o0","uv":[5.0,0.0,6.0,1.0]},"east":{"texture":"#o0","uv":[5.0,0.0,6.0,1.0]},"south":{"texture":"#o0","uv":[5.0,0.0,6.0,1.0]},"west":{"texture":"#o0","uv":[5.0,0.0,6.0,1.0]},"up":{"texture":"#o0","uv":[5.0,0.0,6.0,1.0]},"down":{"texture":"#o0","uv":[5.0,0.0,6.0,1.0]}},"rotation":{"angle":0.0,"axis":"x","origin":[8.23688,9.07053,6.73434]},"name":"octagon"},{"from":[8.24494,8.98053,6.63415],"to":[8.40778,9.16053,6.82415],"faces":{"north":{"texture":"#o0","uv":[5.0,0.0,6.0,1.0]},"east":{"texture":"#o0","uv":[5.0,0.0,6.0,1.0]},"south":{"texture":"#o0","uv":[5.0,0.0,6.0,1.0]},"west":{"texture":"#o0","uv":[5.0,0.0,6.0,1.0]},"up":{"texture":"#o0","uv":[5.0,0.0,6.0,1.0]},"down":{"texture":"#o0","uv":[5.0,0.0,6.0,1.0]}},"rotation":{"angle":22.5,"axis":"y","origin":[8.32636,9.07053,6.88415]},"name":"octagon"},{"from":[8.38285,8.84116,7.23082],"to":[8.54569,9.02116,7.55082],"faces":{"north":{"texture":"#o0","uv":[5.0,0.0,6.0,1.0]},"east":{"texture":"#o0","uv":[5.0,0.0,6.0,1.0]},"south":{"texture":"#o0","uv":[5.0,0.0,6.0,1.0]},"west":{"texture":"#o0","uv":[5.0,0.0,6.0,1.0]},"up":{"texture":"#o0","uv":[5.0,0.0,6.0,1.0]},"down":{"texture":"#o0","uv":[5.0,0.0,6.0,1.0]}},"rotation":{"angle":45.0,"axis":"y","origin":[8.46427,8.93116,7.50082]},"name":"octagon"},{"from":[8.39436,8.84116,7.4786],"to":[8.5572,9.02116,7.7986],"faces":{"north":{"texture":"#o0","uv":[5.0,0.0,6.0,1.0]},"east":{"texture":"#o0","uv":[5.0,0.0,6.0,1.0]},"south":{"texture":"#o0","uv":[5.0,0.0,6.0,1.0]},"west":{"texture":"#o0","uv":[5.0,0.0,6.0,1.0]},"up":{"texture":"#o0","uv":[5.0,0.0,6.0,1.0]},"down":{"texture":"#o0","uv":[5.0,0.0,6.0,1.0]}},"rotation":{"angle":0.0,"axis":"y","origin":[8.47578,8.93116,7.8086]},"name":"octagon"},{"from":[8.39436,8.79061,7.75274],"to":[8.5572,8.97061,8.06274],"faces":{"north":{"texture":"#o0","uv":[5.0,0.0,6.0,1.0]},"east":{"texture":"#o0","uv":[5.0,0.0,6.0,1.0]},"south":{"texture":"#o0","uv":[5.0,0.0,6.0,1.0]},"west":{"texture":"#o0","uv":[5.0,0.0,6.0,1.0]},"up":{"texture":"#o0","uv":[5.0,0.0,6.0,1.0]},"down":{"texture":"#o0","uv":[5.0,0.0,6.0,1.0]}},"rotation":{"angle":22.5,"axis":"x","origin":[8.47578,8.88061,7.90274]},"name":"octagon"},{"from":[8.21578,8.84116,7.23823],"to":[8.3748,9.02116,7.36747],"faces":{"north":{"texture":"#o0","uv":[5.0,0.0,6.0,1.0]},"east":{"texture":"#o0","uv":[5.0,0.0,6.0,1.0]},"south":{"texture":"#o0","uv":[5.0,0.0,6.0,1.0]},"west":{"texture":"#o0","uv":[5.0,0.0,6.0,1.0]},"up":{"texture":"#o0","uv":[5.0,0.0,6.0,1.0]},"down":{"texture":"#o0","uv":[5.0,0.0,6.0,1.0]}},"rotation":{"angle":0.0,"axis":"x","origin":[7.81064,8.02172,7.78623]},"name":"octagon"},{"from":[8.21578,8.98053,6.79756],"to":[8.37862,9.16053,6.93756],"faces":{"north":{"texture":"#o0","uv":[5.0,0.0,6.0,1.0]},"east":{"texture":"#o0","uv":[5.0,0.0,6.0,1.0]},"south":{"texture":"#o0","uv":[5.0,0.0,6.0,1.0]},"west":{"texture":"#o0","uv":[5.0,0.0,6.0,1.0]},"up":{"texture":"#o0","uv":[5.0,0.0,6.0,1.0]},"down":{"texture":"#o0","uv":[5.0,0.0,6.0,1.0]}},"rotation":{"angle":0.0,"axis":"x","origin":[7.81446,8.16109,7.62556]},"name":"octagon"},{"from":[8.21578,8.96059,6.89779],"to":[8.37862,9.14059,7.29779],"faces":{"north":{"texture":"#o0","uv":[5.0,0.0,6.0,1.0]},"east":{"texture":"#o0","uv":[5.0,0.0,6.0,1.0]},"south":{"texture":"#o0","uv":[5.0,0.0,6.0,1.0]},"west":{"texture":"#o0","uv":[5.0,0.0,6.0,1.0]},"up":{"texture":"#o0","uv":[5.0,0.0,6.0,1.0]},"down":{"texture":"#o0","uv":[5.0,0.0,6.0,1.0]}},"rotation":{"angle":22.5,"axis":"x","origin":[8.2972,9.05059,6.96779]},"name":"octagon"},{"from":[8.39436,8.73215,8.00525],"to":[8.5572,8.91215,8.37525],"faces":{"north":{"texture":"#o0","uv":[5.0,0.0,6.0,1.0]},"east":{"texture":"#o0","uv":[5.0,0.0,6.0,1.0]},"south":{"texture":"#o0","uv":[5.0,0.0,6.0,1.0]},"west":{"texture":"#o0","uv":[5.0,0.0,6.0,1.0]},"up":{"texture":"#o0","uv":[5.0,0.0,6.0,1.0]},"down":{"texture":"#o0","uv":[5.0,0.0,6.0,1.0]}},"rotation":{"angle":0.0,"axis":"x","origin":[7.99304,8.01271,7.86325]},"name":"octagon"},{"from":[7.88132,9.19644,4.26335],"to":[8.04416,9.37644,4.93335],"faces":{"north":{"texture":"#o0","uv":[5.0,0.0,6.0,1.0]},"east":{"texture":"#o0","uv":[5.0,0.0,6.0,1.0]},"south":{"texture":"#o0","uv":[5.0,0.0,6.0,1.0]},"west":{"texture":"#o0","uv":[5.0,0.0,6.0,1.0]},"up":{"texture":"#o0","uv":[5.0,0.0,6.0,1.0]},"down":{"texture":"#o0","uv":[5.0,0.0,6.0,1.0]}},"rotation":{"angle":0.0,"axis":"x","origin":[8.0,8.007,7.56135]},"name":"octagon"},{"from":[8.12971,9.19644,4.76301],"to":[8.29678,9.37644,5.03008],"faces":{"north":{"texture":"#o0","uv":[5.0,0.0,6.0,1.0]},"east":{"texture":"#o0","uv":[5.0,0.0,6.0,1.0]},"south":{"texture":"#o0","uv":[5.0,0.0,6.0,1.0]},"west":{"texture":"#o0","uv":[5.0,0.0,6.0,1.0]},"up":{"texture":"#o0","uv":[5.0,0.0,6.0,1.0]},"down":{"texture":"#o0","uv":[5.0,0.0,6.0,1.0]}},"rotation":{"angle":45.0,"axis":"y","origin":[8.21113,9.28644,5.14801]},"name":"octagon"},{"from":[8.27385,9.19644,5.30372],"to":[8.44092,9.37644,5.55079],"faces":{"north":{"texture":"#o0","uv":[5.0,0.0,6.0,1.0]},"east":{"texture":"#o0","uv":[5.0,0.0,6.0,1.0]},"south":{"texture":"#o0","uv":[5.0,0.0,6.0,1.0]},"west":{"texture":"#o0","uv":[5.0,0.0,6.0,1.0]},"up":{"texture":"#o0","uv":[5.0,0.0,6.0,1.0]},"down":{"texture":"#o0","uv":[5.0,0.0,6.0,1.0]}},"rotation":{"angle":45.0,"axis":"y","origin":[8.35527,9.28644,5.68872]},"name":"octagon"},{"from":[7.77549,6.58197,7.73434],"to":[8.17549,6.98197,8.13434],"faces":{"north":{"texture":"#o0","uv":[1.0,5.25,1.4,5.65]},"east":{"texture":"#o0","uv":[1.0,5.25,1.4,5.65]},"south":{"texture":"#o0","uv":[1.0,5.25,1.4,5.65]},"west":{"texture":"#o0","uv":[1.0,5.25,1.4,5.65]},"up":{"texture":"#o0","uv":[1.0,5.25,1.4,5.65]},"down":{"texture":"#o0","uv":[1.0,5.25,1.4,5.65]}},"rotation":{"angle":0.0,"axis":"y","origin":[7.77549,6.38197,7.85149]}},{"from":[7.77549,6.17198,4.72493],"to":[8.17549,6.57198,7.9375],"faces":{"north":{"texture":"#o0","uv":[0.1,0.1,0.9,0.9]},"east":{"texture":"#o0","uv":[0.1,0.1,0.9,0.9]},"south":{"texture":"#o0","uv":[0.1,0.1,0.9,0.9]},"west":{"texture":"#o0","uv":[0.1,0.1,0.9,0.9]},"up":{"texture":"#o0","uv":[0.9,0.9,0.1,0.1],"rotation":90}},"rotation":{"angle":0.0,"axis":"y","origin":[8.0,8.0,8.0]}},{"from":[7.93571,6.56489,5.96562],"to":[8.01527,6.87051,7.75312],"faces":{"north":{"texture":"#o0","uv":[0.1,0.1,0.9,0.9]},"east":{"texture":"#o0","uv":[0.1,0.1,0.9,0.9]},"south":{"texture":"#o0","uv":[0.1,0.1,0.9,0.9]},"west":{"texture":"#o0","uv":[0.1,0.1,0.9,0.9]},"up":{"texture":"#o0","uv":[0.9,0.9,0.1,0.1],"rotation":90}},"rotation":{"angle":0.0,"axis":"y","origin":[8.0,8.0,8.0]}},{"from":[8.20674,5.77198,4.62493],"to":[8.30674,5.97198,8.0375],"faces":{"north":{"texture":"#o0","uv":[0.1,0.1,0.9,0.9]},"east":{"texture":"#o0","uv":[0.1,0.1,0.9,0.9]},"south":{"texture":"#o0","uv":[0.1,0.1,0.9,0.9]},"west":{"texture":"#o0","uv":[0.1,0.1,0.9,0.9]},"down":{"texture":"#o0","uv":[0.9,0.9,0.1,0.1],"rotation":270}},"rotation":{"angle":0.0,"axis":"y","origin":[8.0,8.0,8.0]}},{"from":[7.64674,5.97198,4.62493],"to":[8.30674,6.17198,8.0375],"faces":{"north":{"texture":"#o0","uv":[0.1,0.1,0.9,0.9]},"east":{"texture":"#o0","uv":[0.1,0.1,0.9,0.9]},"south":{"texture":"#o0","uv":[0.1,0.1,0.9,0.9]},"west":{"texture":"#o0","uv":[0.1,0.1,0.9,0.9]},"up":{"texture":"#o0","uv":[0.9,0.9,0.1,0.1],"rotation":90},"down":{"texture":"#o0","uv":[0.9,0.9,0.1,0.1],"rotation":270}},"rotation":{"angle":0.0,"axis":"y","origin":[8.0,8.0,8.0]}},{"from":[7.77154,7.1571,7.57882],"to":[8.07154,8.0571,7.57882],"faces":{"south":{"texture":"#o0","uv":[9.75,0.0,15.95,15.975]}},"rotation":{"angle":0.0,"axis":"y","origin":[8.0,8.0,8.0]},"name":"@isAds"},{"from":[7.9772,7.8599,7.37882],"to":[7.9772,7.8599,7.37882],"faces":{"north":{"texture":"#o0","uv":[0.0,5.0,1.0,6.0]}},"rotation":{"angle":0.0,"axis":"y","origin":[8.0,8.0,8.0]},"name":"pos"}],"textures":{"o0":"raincoat:generated/17"},"gui_light":"front","display":{"thirdperson_righthand":{"rotation":[0.0,90.0,0.0],"translation":[1.0,1.75,1.0]},"firstperson_righthand":{"rotation":[0.0,20.0,0.0],"translation":[-4.25,14.85,5.5]},"gui":{"rotation":[25.0,135.0,0.0],"translation":[0.5,1.75,0.0],"scale":[2.5,2.5,2.5]}},"credit":"Made with Blockbench by patch0010","groups":[{"name":"octagon","origin":[8.0,8.0,8.0],"color":0,"children":[0,1,2,3,4,5,6,7,8,9,10,11,12,13]},{"name":"scope","origin":[8.0,8.0,8.0],"color":0,"children":[14,15,16,17,18,19,20,21,22,23,24,25,26,27,28,29,30,31,32,33,34,35,36,37,38,39,40,41,42,43,44,45,46,47,48,49,50,{"name":"group","origin":[8.0,8.0,8.0],"color":0,"children":[]},{"name":"group","origin":[8.0,8.0,8.0],"color":0,"children":[51,52,53,54,55,56,57,58,59,60,61,62,63,64,65,66]},{"name":"group","origin":[8.0,8.0,8.0],"color":0,"children":[67,68,69,70,71,72,73,74]},{"name":"octagon","origin":[8.0,8.0,8.0],"color":0,"children":[75,76,77,78,79,80,81,82,83,84,85,86]},{"name":"octagon","origin":[8.0,8.0,8.0],"color":0,"children":[87,88,89]},{"name":"octagon","origin":[8.0,8.0,8.0],"color":0,"children":[90]}]},91,92,93,94,{"name":"@isAds","origin":[8.0,8.0,8.0],"color":0,"children":[95,96]}]}