{"parent":"item/generated","textures":{"layer0":"item/white_dye"},"overrides":[{"predicate":{"custom_model_data":1},"model":"generated/4d2d2a22d75ccbc6a21d686200509f661bd153b0a34411907f4f43a644ebb5b3"},{"predicate":{"custom_model_data":2},"model":"generated/017a8e6bbdaf9e5a3a167e63d01ba22b8050d6cfa07d47328e4bd52873ced9f5"},{"predicate":{"custom_model_data":3},"model":"generated/b2216263d94f06d3647e265f46808509192fead0145b250e062e0cf9d01d7f9e"},{"predicate":{"custom_model_data":4},"model":"generated/f19d734ca938f985de50161054e39bb570f00a244dafa8915022e0cc50f75650"},{"predicate":{"custom_model_data":5},"model":"generated/7cf11c9ae52e1ce1d280592c7b42a12cc633a22c8521a4bc70908343861f2e79"},{"predicate":{"custom_model_data":6},"model":"generated/1e8126c36782dcf189c7b5fe8df2ddc8c9ba69e19976e824bcc9e1e99a0388a2"},{"predicate":{"custom_model_data":7},"model":"generated/45c32e791bd6331a8333f3609b6601a45cfbca70329bdb2d85fb64585a6721f9"},{"predicate":{"custom_model_data":8},"model":"generated/31580301a510832c0da749c188538e55536eb2689a682840d793061bddcab1f9"},{"predicate":{"custom_model_data":9},"model":"generated/b9a38926deb180effe5153f744a34bd41eaf6cde481a9d2328d46fa8bed20908"},{"predicate":{"custom_model_data":10},"model":"generated/eeb98ed1f280f70a5197d77de84db9af88850a960d8f1c12dad3c979fd93369a"},{"predicate":{"custom_model_data":11},"model":"generated/b19ba76cb45450b5c6ad513d1207dd77bcbdd86a7ffbe8f3bc26f692b6dc9cac"},{"predicate":{"custom_model_data":12},"model":"generated/1765afd5cbb9121ffe5d2d2a17ba03b4c70817cadc8f05ee08e88720909c4772"},{"predicate":{"custom_model_data":13},"model":"generated/f8fc562e5a17a5879977221981a8b1c3ee6549542e5e06d9091c7a70503033a1"},{"predicate":{"custom_model_data":14},"model":"generated/e5669eced98a26d998a46e4a4187cea468e3aa8c0b70bc13157ad909cc6bf40c"},{"predicate":{"custom_model_data":15},"model":"generated/dda9a6f5513736f769428c27d3cfa2fd8157116612a73abd720aa09f7e11a4b9"},{"predicate":{"custom_model_data":16},"model":"generated/f94b5f48513be7edcda54f3c8ed8e0f0258996e3903e8de0e6761c86dad4a12e"},{"predicate":{"custom_model_data":17},"model":"generated/9094e7912e8e0b24adc6aedd0cc5387841b13221bd04f09aea1d4407063f2400"},{"predicate":{"custom_model_data":18},"model":"generated/8b49da60111868c3dbabf63b5eaa604667ed2d8b35591a77473b9a308a44aa5b"},{"predicate":{"custom_model_data":19},"model":"generated/7e6447b9f70277ee5b3002052eab75012533d34ef838911c30aa11d14cbe9d0e"}]}