{"parent":"raincoat:generated/ec94eb6732ed6f66ac58b006d05088dde9d4052f","display":{"thirdperson_lefthand":{"scale":[0.0,0.0,0.0]},"thirdperson_righthand":{"scale":[0.0,0.0,0.0]},"firstperson_lefthand":{"scale":[0.0,0.0,0.0]},"firstperson_righthand":{"rotation":[0.0,155.0,0.0],"translation":[-11.75,11.85,3.5]},"gui":{"rotation":[0.0,-180.0,0.0],"scale":[0.33333334,0.33333334,0.33333334]},"ground":{"rotation":[90.0,0.0,0.0],"translation":[1.0,0.25,0.0]},"fixed":{"rotation":[0.0,0.0,45.0],"translation":[1.25,1.0,0.0],"scale":[0.8,0.8,0.8]}}}