{"parent":"raincoat:generated/dff16ba494aa5618fc8a4e39be70ab01b8844e97","display":{"thirdperson_lefthand":{"scale":[0.0,0.0,0.0]},"thirdperson_righthand":{"scale":[0.0,0.0,0.0]},"firstperson_lefthand":{"scale":[0.0,0.0,0.0]},"firstperson_righthand":{"rotation":[0.0,160.0,0.0],"translation":[-15.5,10.85,-2.25]},"head":{"rotation":[90.0,0.0,0.0],"translation":[3.25,-41.75,1.0],"scale":[1.2,1.2,1.2]},"gui":{"rotation":[0.0,-180.0,0.0],"scale":[0.33333334,0.33333334,0.33333334]},"ground":{"rotation":[90.0,0.0,0.0],"translation":[2.25,0.0,0.5],"scale":[0.7,0.7,0.7]},"fixed":{"rotation":[0.0,0.0,45.0],"translation":[-0.25,0.5,-0.25],"scale":[0.8,0.8,0.8]}}}