{"textures":{"o0":"generated/3","o1":"skin/player_skin","o2":"skin/player_skin_slim","icon_background":"generated/0","icon":"generated/2f"},"elements":[{"from":[7.48463,4.06125,7.99956],"to":[7.81463,10.44355,8.56456],"rotation":{"angle":0.0,"axis":"y","origin":[7.64963,5.06425,7.9991]},"faces":{"north":{"uv":[2.0,7.0,3.0,8.0],"rotation":90,"texture":"#o0"},"east":{"uv":[2.0,7.0,3.0,8.0],"rotation":180,"texture":"#o0","cullface":"down"},"west":{"uv":[2.0,7.0,3.0,8.0],"texture":"#o0"}}},{"from":[7.48463,10.03425,5.94096],"to":[7.81463,10.69425,6.38096],"rotation":{"angle":22.5,"axis":"x","origin":[7.64963,5.06425,7.9991]},"faces":{"north":{"uv":[2.0,7.0,3.0,8.0],"rotation":90,"texture":"#o0"},"east":{"uv":[2.0,7.0,3.0,8.0],"rotation":180,"texture":"#o0","cullface":"down"},"west":{"uv":[2.0,7.0,3.0,8.0],"texture":"#o0"}}},{"from":[7.48463,10.14425,6.38096],"to":[7.81463,10.47425,6.47996],"rotation":{"angle":22.5,"axis":"x","origin":[7.64963,5.06425,7.9991]},"faces":{"east":{"uv":[2.0,7.0,3.0,8.0],"rotation":180,"texture":"#o0","cullface":"down"},"west":{"uv":[2.0,7.0,3.0,8.0],"texture":"#o0"}}},{"from":[7.48463,9.48038,3.94311],"to":[7.81463,9.70268,4.05265],"rotation":{"angle":45.0,"axis":"x","origin":[7.64963,5.06425,7.9991]},"faces":{"north":{"uv":[2.0,7.0,3.0,8.0],"rotation":90,"texture":"#o0"},"east":{"uv":[2.0,7.0,3.0,8.0],"rotation":180,"texture":"#o0","cullface":"down"},"west":{"uv":[2.0,7.0,3.0,8.0],"texture":"#o0"}}},{"from":[7.48463,10.13555,10.73229],"to":[7.81463,10.58655,11.28229],"rotation":{"angle":-22.5,"axis":"x","origin":[7.64963,5.06425,7.9991]},"faces":{"east":{"uv":[2.0,7.0,3.0,8.0],"rotation":180,"texture":"#o0","cullface":"down"},"west":{"uv":[2.0,7.0,3.0,8.0],"texture":"#o0"},"up":{"uv":[2.0,7.0,3.0,8.0],"rotation":270,"texture":"#o0"}}},{"from":[7.48463,10.20587,8.91909],"to":[7.81463,11.4226,9.07274],"rotation":{"angle":0.0,"axis":"y","origin":[7.64963,5.06425,7.9991]},"faces":{"east":{"uv":[2.0,7.0,3.0,8.0],"rotation":180,"texture":"#o0","cullface":"down"},"west":{"uv":[2.0,7.0,3.0,8.0],"texture":"#o0"},"up":{"uv":[2.0,7.0,3.0,8.0],"rotation":270,"texture":"#o0"}}},{"from":[7.48463,9.48038,4.05265],"to":[7.81463,9.81038,4.19565],"rotation":{"angle":45.0,"axis":"x","origin":[7.64963,5.06425,7.9991]},"faces":{"east":{"uv":[2.0,7.0,3.0,8.0],"rotation":180,"texture":"#o0","cullface":"down"},"west":{"uv":[2.0,7.0,3.0,8.0],"texture":"#o0"}}},{"from":[7.48463,9.48038,4.19565],"to":[7.81463,9.70038,4.30565],"rotation":{"angle":45.0,"axis":"x","origin":[7.64963,5.06425,7.9991]},"faces":{"east":{"uv":[2.0,7.0,3.0,8.0],"rotation":180,"texture":"#o0","cullface":"down"},"west":{"uv":[2.0,7.0,3.0,8.0],"texture":"#o0"}}},{"from":[7.48463,4.06125,8.56456],"to":[7.81463,11.25639,8.67456],"rotation":{"angle":0.0,"axis":"y","origin":[7.64963,5.06425,7.9991]},"faces":{"east":{"uv":[2.0,7.0,3.0,8.0],"rotation":180,"texture":"#o0","cullface":"down"},"west":{"uv":[2.0,7.0,3.0,8.0],"texture":"#o0"}}},{"from":[7.48463,3.07125,6.8991],"to":[7.81463,4.06125,9.0991],"rotation":{"angle":0.0,"axis":"y","origin":[7.64963,5.06425,7.9991]},"faces":{"north":{"uv":[2.0,7.0,3.0,8.0],"rotation":90,"texture":"#o0"},"south":{"uv":[2.0,7.0,3.0,8.0],"rotation":270,"texture":"#o0"},"east":{"uv":[2.0,7.0,3.0,8.0],"rotation":180,"texture":"#o0","cullface":"down"},"west":{"uv":[2.0,7.0,3.0,8.0],"texture":"#o0"},"up":{"uv":[2.0,7.0,3.0,8.0],"rotation":270,"texture":"#o0"}}},{"from":[7.48463,4.44855,9.0692],"to":[7.81463,4.55855,9.3992],"rotation":{"angle":22.5,"axis":"x","origin":[7.64963,5.06425,7.9991]},"faces":{"east":{"uv":[2.0,7.0,3.0,8.0],"rotation":180,"texture":"#o0","cullface":"down"},"west":{"uv":[2.0,7.0,3.0,8.0],"texture":"#o0"},"up":{"uv":[2.0,7.0,3.0,8.0],"rotation":270,"texture":"#o0"}}},{"from":[7.48463,5.05831,8.81663],"to":[7.81463,5.16831,9.14663],"rotation":{"angle":22.5,"axis":"x","origin":[7.64963,5.06425,7.9991]},"faces":{"east":{"uv":[2.0,7.0,3.0,8.0],"rotation":180,"texture":"#o0","cullface":"down"},"west":{"uv":[2.0,7.0,3.0,8.0],"texture":"#o0"},"up":{"uv":[2.0,7.0,3.0,8.0],"rotation":270,"texture":"#o0"}}},{"from":[7.48463,5.66806,8.56406],"to":[7.81463,5.77806,8.89406],"rotation":{"angle":22.5,"axis":"x","origin":[7.64963,5.06425,7.9991]},"faces":{"east":{"uv":[2.0,7.0,3.0,8.0],"rotation":180,"texture":"#o0","cullface":"down"},"west":{"uv":[2.0,7.0,3.0,8.0],"texture":"#o0"},"up":{"uv":[2.0,7.0,3.0,8.0],"rotation":270,"texture":"#o0"}}},{"from":[7.48463,6.27783,8.31149],"to":[7.81463,6.38783,8.64149],"rotation":{"angle":22.5,"axis":"x","origin":[7.64963,5.06425,7.9991]},"faces":{"east":{"uv":[2.0,7.0,3.0,8.0],"rotation":180,"texture":"#o0","cullface":"down"},"west":{"uv":[2.0,7.0,3.0,8.0],"texture":"#o0"},"up":{"uv":[2.0,7.0,3.0,8.0],"rotation":270,"texture":"#o0"}}},{"from":[7.48463,6.88759,8.05892],"to":[7.81463,6.99759,8.38892],"rotation":{"angle":22.5,"axis":"x","origin":[7.64963,5.06425,7.9991]},"faces":{"east":{"uv":[2.0,7.0,3.0,8.0],"rotation":180,"texture":"#o0","cullface":"down"},"west":{"uv":[2.0,7.0,3.0,8.0],"texture":"#o0"},"up":{"uv":[2.0,7.0,3.0,8.0],"rotation":270,"texture":"#o0"}}},{"from":[7.48463,7.49735,7.80635],"to":[7.81463,7.60735,8.13635],"rotation":{"angle":22.5,"axis":"x","origin":[7.64963,5.06425,7.9991]},"faces":{"east":{"uv":[2.0,7.0,3.0,8.0],"rotation":180,"texture":"#o0","cullface":"down"},"west":{"uv":[2.0,7.0,3.0,8.0],"texture":"#o0"},"up":{"uv":[2.0,7.0,3.0,8.0],"rotation":270,"texture":"#o0"}}},{"from":[7.48463,8.10711,7.55378],"to":[7.81463,8.21711,7.88378],"rotation":{"angle":22.5,"axis":"x","origin":[7.64963,5.06425,7.9991]},"faces":{"east":{"uv":[2.0,7.0,3.0,8.0],"rotation":180,"texture":"#o0","cullface":"down"},"west":{"uv":[2.0,7.0,3.0,8.0],"texture":"#o0"},"up":{"uv":[2.0,7.0,3.0,8.0],"rotation":270,"texture":"#o0"}}},{"from":[7.48463,4.79493,9.11336],"to":[7.81463,5.01493,9.33336],"rotation":{"angle":45.0,"axis":"x","origin":[7.64963,5.06425,7.9991]},"faces":{"east":{"uv":[2.0,7.0,3.0,8.0],"rotation":180,"texture":"#o0","cullface":"down"},"west":{"uv":[2.0,7.0,3.0,8.0],"texture":"#o0"},"up":{"uv":[2.0,7.0,3.0,8.0],"rotation":270,"texture":"#o0"}}},{"from":[7.48463,5.26163,8.64667],"to":[7.81463,5.48163,8.86667],"rotation":{"angle":45.0,"axis":"x","origin":[7.64963,5.06425,7.9991]},"faces":{"east":{"uv":[2.0,7.0,3.0,8.0],"rotation":180,"texture":"#o0","cullface":"down"},"west":{"uv":[2.0,7.0,3.0,8.0],"texture":"#o0"},"up":{"uv":[2.0,7.0,3.0,8.0],"rotation":270,"texture":"#o0"}}},{"from":[7.48463,5.76131,8.17999],"to":[7.81463,5.94831,8.34499],"rotation":{"angle":45.0,"axis":"x","origin":[7.64963,5.06425,7.9991]},"faces":{"east":{"uv":[2.0,7.0,3.0,8.0],"rotation":180,"texture":"#o0","cullface":"down"},"west":{"uv":[2.0,7.0,3.0,8.0],"texture":"#o0"},"up":{"uv":[2.0,7.0,3.0,8.0],"rotation":270,"texture":"#o0"}}},{"from":[7.48463,6.217,7.71329],"to":[7.81463,6.415,7.91129],"rotation":{"angle":45.0,"axis":"x","origin":[7.64963,5.06425,7.9991]},"faces":{"east":{"uv":[2.0,7.0,3.0,8.0],"rotation":180,"texture":"#o0","cullface":"down"},"west":{"uv":[2.0,7.0,3.0,8.0],"texture":"#o0"},"up":{"uv":[2.0,7.0,3.0,8.0],"rotation":270,"texture":"#o0"}}},{"from":[7.48463,6.67269,7.2466],"to":[7.81463,6.88169,7.4556],"rotation":{"angle":45.0,"axis":"x","origin":[7.64963,5.06425,7.9991]},"faces":{"east":{"uv":[2.0,7.0,3.0,8.0],"rotation":180,"texture":"#o0","cullface":"down"},"west":{"uv":[2.0,7.0,3.0,8.0],"texture":"#o0"},"up":{"uv":[2.0,7.0,3.0,8.0],"rotation":270,"texture":"#o0"}}},{"from":[7.48463,7.16138,6.77991],"to":[7.81463,7.34838,6.96691],"rotation":{"angle":45.0,"axis":"x","origin":[7.64963,5.06425,7.9991]},"faces":{"east":{"uv":[2.0,7.0,3.0,8.0],"rotation":180,"texture":"#o0","cullface":"down"},"west":{"uv":[2.0,7.0,3.0,8.0],"texture":"#o0"},"up":{"uv":[2.0,7.0,3.0,8.0],"rotation":270,"texture":"#o0"}}},{"from":[7.48463,7.60608,6.31322],"to":[7.81463,7.81508,6.48922],"rotation":{"angle":45.0,"axis":"x","origin":[7.64963,5.06425,7.9991]},"faces":{"east":{"uv":[2.0,7.0,3.0,8.0],"rotation":180,"texture":"#o0","cullface":"down"},"west":{"uv":[2.0,7.0,3.0,8.0],"texture":"#o0"},"up":{"uv":[2.0,7.0,3.0,8.0],"rotation":270,"texture":"#o0"}}},{"from":[7.48463,3.97383,8.27833],"to":[7.81463,4.08383,8.38833],"rotation":{"angle":-22.5,"axis":"x","origin":[7.64963,5.06425,7.9991]},"faces":{"south":{"uv":[2.0,7.0,3.0,8.0],"rotation":270,"texture":"#o0"},"east":{"uv":[2.0,7.0,3.0,8.0],"rotation":90,"texture":"#o0","cullface":"down"},"west":{"uv":[2.0,7.0,3.0,8.0],"texture":"#o0"}}},{"from":[7.48463,4.5836,8.5309],"to":[7.81463,4.6936,8.6409],"rotation":{"angle":-22.5,"axis":"x","origin":[7.64963,5.06425,7.9991]},"faces":{"south":{"uv":[2.0,7.0,3.0,8.0],"rotation":270,"texture":"#o0"},"east":{"uv":[2.0,7.0,3.0,8.0],"rotation":90,"texture":"#o0","cullface":"down"},"west":{"uv":[2.0,7.0,3.0,8.0],"texture":"#o0"}}},{"from":[7.48463,5.19336,8.78347],"to":[7.81463,5.30336,8.89347],"rotation":{"angle":-22.5,"axis":"x","origin":[7.64963,5.06425,7.9991]},"faces":{"south":{"uv":[2.0,7.0,3.0,8.0],"rotation":270,"texture":"#o0"},"east":{"uv":[2.0,7.0,3.0,8.0],"rotation":90,"texture":"#o0","cullface":"down"},"west":{"uv":[2.0,7.0,3.0,8.0],"texture":"#o0"}}},{"from":[7.48463,5.80312,9.03604],"to":[7.81463,5.91312,9.14604],"rotation":{"angle":-22.5,"axis":"x","origin":[7.64963,5.06425,7.9991]},"faces":{"south":{"uv":[2.0,7.0,3.0,8.0],"rotation":270,"texture":"#o0"},"east":{"uv":[2.0,7.0,3.0,8.0],"rotation":90,"texture":"#o0","cullface":"down"},"west":{"uv":[2.0,7.0,3.0,8.0],"texture":"#o0"}}},{"from":[7.48463,6.41287,9.28861],"to":[7.81463,6.52287,9.39861],"rotation":{"angle":-22.5,"axis":"x","origin":[7.64963,5.06425,7.9991]},"faces":{"south":{"uv":[2.0,7.0,3.0,8.0],"rotation":270,"texture":"#o0"},"east":{"uv":[2.0,7.0,3.0,8.0],"rotation":90,"texture":"#o0","cullface":"down"},"west":{"uv":[2.0,7.0,3.0,8.0],"texture":"#o0"}}},{"from":[7.48463,7.02264,9.54118],"to":[7.81463,7.13264,9.65118],"rotation":{"angle":-22.5,"axis":"x","origin":[7.64963,5.06425,7.9991]},"faces":{"south":{"uv":[2.0,7.0,3.0,8.0],"rotation":270,"texture":"#o0"},"east":{"uv":[2.0,7.0,3.0,8.0],"rotation":90,"texture":"#o0","cullface":"down"},"west":{"uv":[2.0,7.0,3.0,8.0],"texture":"#o0"}}},{"from":[7.48463,7.6324,9.79375],"to":[7.81463,7.7424,9.90375],"rotation":{"angle":-22.5,"axis":"x","origin":[7.64963,5.06425,7.9991]},"faces":{"south":{"uv":[2.0,7.0,3.0,8.0],"rotation":270,"texture":"#o0"},"east":{"uv":[2.0,7.0,3.0,8.0],"rotation":90,"texture":"#o0","cullface":"down"},"west":{"uv":[2.0,7.0,3.0,8.0],"texture":"#o0"}}},{"from":[7.48463,4.26532,8.63225],"to":[7.81463,4.37532,8.74225],"rotation":{"angle":0.0,"axis":"y","origin":[7.64963,5.06425,7.9991]},"faces":{"south":{"uv":[2.0,7.0,3.0,8.0],"rotation":270,"texture":"#o0"},"east":{"uv":[2.0,7.0,3.0,8.0],"rotation":90,"texture":"#o0","cullface":"down"},"west":{"uv":[2.0,7.0,3.0,8.0],"texture":"#o0"}}},{"from":[7.48463,4.92532,8.63225],"to":[7.81463,5.03532,8.74225],"rotation":{"angle":0.0,"axis":"y","origin":[7.64963,5.06425,7.9991]},"faces":{"south":{"uv":[2.0,7.0,3.0,8.0],"rotation":270,"texture":"#o0"},"east":{"uv":[2.0,7.0,3.0,8.0],"rotation":90,"texture":"#o0","cullface":"down"},"west":{"uv":[2.0,7.0,3.0,8.0],"texture":"#o0"}}},{"from":[7.48463,5.58532,8.63225],"to":[7.81463,5.69532,8.74225],"rotation":{"angle":0.0,"axis":"y","origin":[7.64963,5.06425,7.9991]},"faces":{"south":{"uv":[2.0,7.0,3.0,8.0],"rotation":270,"texture":"#o0"},"east":{"uv":[2.0,7.0,3.0,8.0],"rotation":90,"texture":"#o0","cullface":"down"},"west":{"uv":[2.0,7.0,3.0,8.0],"texture":"#o0"}}},{"from":[7.48463,6.24532,8.63225],"to":[7.81463,6.35532,8.74225],"rotation":{"angle":0.0,"axis":"y","origin":[7.64963,5.06425,7.9991]},"faces":{"south":{"uv":[2.0,7.0,3.0,8.0],"rotation":270,"texture":"#o0"},"east":{"uv":[2.0,7.0,3.0,8.0],"rotation":90,"texture":"#o0","cullface":"down"},"west":{"uv":[2.0,7.0,3.0,8.0],"texture":"#o0"}}},{"from":[7.48463,6.90532,8.63225],"to":[7.81463,7.01532,8.74225],"rotation":{"angle":0.0,"axis":"y","origin":[7.64963,5.06425,7.9991]},"faces":{"south":{"uv":[2.0,7.0,3.0,8.0],"rotation":270,"texture":"#o0"},"east":{"uv":[2.0,7.0,3.0,8.0],"rotation":90,"texture":"#o0","cullface":"down"},"west":{"uv":[2.0,7.0,3.0,8.0],"texture":"#o0"}}},{"from":[7.48463,7.56532,8.63225],"to":[7.81463,7.67532,8.74225],"rotation":{"angle":0.0,"axis":"y","origin":[7.64963,5.06425,7.9991]},"faces":{"south":{"uv":[2.0,7.0,3.0,8.0],"rotation":270,"texture":"#o0"},"east":{"uv":[2.0,7.0,3.0,8.0],"rotation":90,"texture":"#o0","cullface":"down"},"west":{"uv":[2.0,7.0,3.0,8.0],"texture":"#o0"}}},{"from":[7.48463,8.22532,8.63225],"to":[7.81463,8.33532,8.74225],"rotation":{"angle":0.0,"axis":"y","origin":[7.64963,5.06425,7.9991]},"faces":{"south":{"uv":[2.0,7.0,3.0,8.0],"rotation":270,"texture":"#o0"},"east":{"uv":[2.0,7.0,3.0,8.0],"rotation":90,"texture":"#o0","cullface":"down"},"west":{"uv":[2.0,7.0,3.0,8.0],"texture":"#o0"}}},{"from":[7.48463,4.67006,8.8477],"to":[7.81463,4.78006,8.9577],"rotation":{"angle":22.5,"axis":"x","origin":[7.64963,5.06425,7.9991]},"faces":{"south":{"uv":[2.0,7.0,3.0,8.0],"rotation":270,"texture":"#o0"},"east":{"uv":[2.0,7.0,3.0,8.0],"rotation":90,"texture":"#o0","cullface":"down"},"west":{"uv":[2.0,7.0,3.0,8.0],"texture":"#o0"}}},{"from":[7.48463,5.27982,8.59513],"to":[7.81463,5.38982,8.70513],"rotation":{"angle":22.5,"axis":"x","origin":[7.64963,5.06425,7.9991]},"faces":{"south":{"uv":[2.0,7.0,3.0,8.0],"rotation":270,"texture":"#o0"},"east":{"uv":[2.0,7.0,3.0,8.0],"rotation":90,"texture":"#o0","cullface":"down"},"west":{"uv":[2.0,7.0,3.0,8.0],"texture":"#o0"}}},{"from":[7.48463,5.88958,8.34256],"to":[7.81463,5.99958,8.45256],"rotation":{"angle":22.5,"axis":"x","origin":[7.64963,5.06425,7.9991]},"faces":{"south":{"uv":[2.0,7.0,3.0,8.0],"rotation":270,"texture":"#o0"},"east":{"uv":[2.0,7.0,3.0,8.0],"rotation":90,"texture":"#o0","cullface":"down"},"west":{"uv":[2.0,7.0,3.0,8.0],"texture":"#o0"}}},{"from":[7.48463,6.49933,8.08998],"to":[7.81463,6.60933,8.19998],"rotation":{"angle":22.5,"axis":"x","origin":[7.64963,5.06425,7.9991]},"faces":{"south":{"uv":[2.0,7.0,3.0,8.0],"rotation":270,"texture":"#o0"},"east":{"uv":[2.0,7.0,3.0,8.0],"rotation":90,"texture":"#o0","cullface":"down"},"west":{"uv":[2.0,7.0,3.0,8.0],"texture":"#o0"}}},{"from":[7.48463,7.1091,7.83741],"to":[7.81463,7.2191,7.94741],"rotation":{"angle":22.5,"axis":"x","origin":[7.64963,5.06425,7.9991]},"faces":{"south":{"uv":[2.0,7.0,3.0,8.0],"rotation":270,"texture":"#o0"},"east":{"uv":[2.0,7.0,3.0,8.0],"rotation":90,"texture":"#o0","cullface":"down"},"west":{"uv":[2.0,7.0,3.0,8.0],"texture":"#o0"}}},{"from":[7.48463,7.71886,7.58484],"to":[7.81463,7.82886,7.69484],"rotation":{"angle":22.5,"axis":"x","origin":[7.64963,5.06425,7.9991]},"faces":{"south":{"uv":[2.0,7.0,3.0,8.0],"rotation":270,"texture":"#o0"},"east":{"uv":[2.0,7.0,3.0,8.0],"rotation":90,"texture":"#o0","cullface":"down"},"west":{"uv":[2.0,7.0,3.0,8.0],"texture":"#o0"}}},{"from":[7.48463,8.32862,7.33227],"to":[7.81463,8.43862,7.44227],"rotation":{"angle":22.5,"axis":"x","origin":[7.64963,5.06425,7.9991]},"faces":{"south":{"uv":[2.0,7.0,3.0,8.0],"rotation":270,"texture":"#o0"},"east":{"uv":[2.0,7.0,3.0,8.0],"rotation":90,"texture":"#o0","cullface":"down"},"west":{"uv":[2.0,7.0,3.0,8.0],"texture":"#o0"}}},{"from":[7.48463,5.10444,8.86986],"to":[7.81463,5.23644,9.00186],"rotation":{"angle":45.0,"axis":"x","origin":[7.64963,5.06425,7.9991]},"faces":{"south":{"uv":[2.0,7.0,3.0,8.0],"rotation":270,"texture":"#o0"},"east":{"uv":[2.0,7.0,3.0,8.0],"rotation":90,"texture":"#o0","cullface":"down"},"west":{"uv":[2.0,7.0,3.0,8.0],"texture":"#o0"}}},{"from":[7.48463,5.59312,8.40318],"to":[7.81463,5.70312,8.53518],"rotation":{"angle":45.0,"axis":"x","origin":[7.64963,5.06425,7.9991]},"faces":{"south":{"uv":[2.0,7.0,3.0,8.0],"rotation":270,"texture":"#o0"},"east":{"uv":[2.0,7.0,3.0,8.0],"rotation":90,"texture":"#o0","cullface":"down"},"west":{"uv":[2.0,7.0,3.0,8.0],"texture":"#o0"}}},{"from":[7.48463,6.05981,7.94748],"to":[7.81463,6.16981,8.06848],"rotation":{"angle":45.0,"axis":"x","origin":[7.64963,5.06425,7.9991]},"faces":{"south":{"uv":[2.0,7.0,3.0,8.0],"rotation":270,"texture":"#o0"},"east":{"uv":[2.0,7.0,3.0,8.0],"rotation":180,"texture":"#o0","cullface":"down"},"west":{"uv":[2.0,7.0,3.0,8.0],"rotation":90,"texture":"#o0"}}},{"from":[7.48463,6.5265,7.46979],"to":[7.81463,6.6365,7.60179],"rotation":{"angle":45.0,"axis":"x","origin":[7.64963,5.06425,7.9991]},"faces":{"south":{"uv":[2.0,7.0,3.0,8.0],"rotation":270,"texture":"#o0"},"east":{"uv":[2.0,7.0,3.0,8.0],"rotation":180,"texture":"#o0","cullface":"down"},"west":{"uv":[2.0,7.0,3.0,8.0],"rotation":90,"texture":"#o0"}}},{"from":[7.48463,6.99319,7.0031],"to":[7.81463,7.10319,7.1351],"rotation":{"angle":45.0,"axis":"x","origin":[7.64963,5.06425,7.9991]},"faces":{"south":{"uv":[2.0,7.0,3.0,8.0],"rotation":270,"texture":"#o0"},"east":{"uv":[2.0,7.0,3.0,8.0],"rotation":180,"texture":"#o0","cullface":"down"},"west":{"uv":[2.0,7.0,3.0,8.0],"rotation":90,"texture":"#o0"}}},{"from":[7.48463,7.45989,6.54741],"to":[7.81463,7.56989,6.66841],"rotation":{"angle":45.0,"axis":"x","origin":[7.64963,5.06425,7.9991]},"faces":{"south":{"uv":[2.0,7.0,3.0,8.0],"rotation":270,"texture":"#o0"},"east":{"uv":[2.0,7.0,3.0,8.0],"rotation":180,"texture":"#o0","cullface":"down"},"west":{"uv":[2.0,7.0,3.0,8.0],"rotation":90,"texture":"#o0"}}},{"from":[7.48463,7.92657,6.06972],"to":[7.81463,8.03657,6.20172],"rotation":{"angle":45.0,"axis":"x","origin":[7.64963,5.06425,7.9991]},"faces":{"south":{"uv":[2.0,7.0,3.0,8.0],"rotation":270,"texture":"#o0"},"east":{"uv":[2.0,7.0,3.0,8.0],"rotation":180,"texture":"#o0","cullface":"down"},"west":{"uv":[2.0,7.0,3.0,8.0],"rotation":90,"texture":"#o0"}}},{"from":[7.48463,4.19534,8.49982],"to":[7.81463,4.30534,8.60982],"rotation":{"angle":-22.5,"axis":"x","origin":[7.64963,5.06425,7.9991]},"faces":{"east":{"uv":[2.0,7.0,3.0,8.0],"rotation":180,"texture":"#o0","cullface":"down"},"west":{"uv":[2.0,7.0,3.0,8.0],"rotation":180,"texture":"#o0"},"down":{"uv":[2.0,7.0,3.0,8.0],"rotation":270,"texture":"#o0"}}},{"from":[7.48463,4.8051,8.75239],"to":[7.81463,4.9151,8.86239],"rotation":{"angle":-22.5,"axis":"x","origin":[7.64963,5.06425,7.9991]},"faces":{"east":{"uv":[2.0,7.0,3.0,8.0],"rotation":180,"texture":"#o0","cullface":"down"},"west":{"uv":[2.0,7.0,3.0,8.0],"rotation":180,"texture":"#o0"},"down":{"uv":[2.0,7.0,3.0,8.0],"rotation":270,"texture":"#o0"}}},{"from":[7.48463,5.41487,9.00496],"to":[7.81463,5.52487,9.11496],"rotation":{"angle":-22.5,"axis":"x","origin":[7.64963,5.06425,7.9991]},"faces":{"east":{"uv":[2.0,7.0,3.0,8.0],"rotation":180,"texture":"#o0","cullface":"down"},"west":{"uv":[2.0,7.0,3.0,8.0],"rotation":180,"texture":"#o0"},"down":{"uv":[2.0,7.0,3.0,8.0],"rotation":270,"texture":"#o0"}}},{"from":[7.48463,6.02463,9.25754],"to":[7.81463,6.13463,9.36754],"rotation":{"angle":-22.5,"axis":"x","origin":[7.64963,5.06425,7.9991]},"faces":{"east":{"uv":[2.0,7.0,3.0,8.0],"rotation":180,"texture":"#o0","cullface":"down"},"west":{"uv":[2.0,7.0,3.0,8.0],"rotation":180,"texture":"#o0"},"down":{"uv":[2.0,7.0,3.0,8.0],"rotation":270,"texture":"#o0"}}},{"from":[7.48463,6.63438,9.51011],"to":[7.81463,6.74438,9.62011],"rotation":{"angle":-22.5,"axis":"x","origin":[7.64963,5.06425,7.9991]},"faces":{"east":{"uv":[2.0,7.0,3.0,8.0],"rotation":180,"texture":"#o0","cullface":"down"},"west":{"uv":[2.0,7.0,3.0,8.0],"rotation":180,"texture":"#o0"},"down":{"uv":[2.0,7.0,3.0,8.0],"rotation":270,"texture":"#o0"}}},{"from":[7.48463,7.24414,9.76268],"to":[7.81463,7.35414,9.87268],"rotation":{"angle":-22.5,"axis":"x","origin":[7.64963,5.06425,7.9991]},"faces":{"east":{"uv":[2.0,7.0,3.0,8.0],"rotation":180,"texture":"#o0","cullface":"down"},"west":{"uv":[2.0,7.0,3.0,8.0],"rotation":180,"texture":"#o0"},"down":{"uv":[2.0,7.0,3.0,8.0],"rotation":270,"texture":"#o0"}}},{"from":[7.48463,7.85391,10.01525],"to":[7.81463,7.96391,10.12525],"rotation":{"angle":-22.5,"axis":"x","origin":[7.64963,5.06425,7.9991]},"faces":{"east":{"uv":[2.0,7.0,3.0,8.0],"rotation":180,"texture":"#o0","cullface":"down"},"west":{"uv":[2.0,7.0,3.0,8.0],"rotation":180,"texture":"#o0"},"down":{"uv":[2.0,7.0,3.0,8.0],"rotation":270,"texture":"#o0"}}},{"from":[7.48463,4.48682,8.63376],"to":[7.81463,4.70682,9.07376],"rotation":{"angle":0.0,"axis":"y","origin":[7.64963,5.06425,7.9991]},"faces":{"east":{"uv":[2.0,7.0,3.0,8.0],"rotation":180,"texture":"#o0","cullface":"down"},"west":{"uv":[2.0,7.0,3.0,8.0],"rotation":180,"texture":"#o0"},"down":{"uv":[2.0,7.0,3.0,8.0],"rotation":270,"texture":"#o0"}}},{"from":[7.48463,5.14682,8.65576],"to":[7.81463,5.38882,9.04076],"rotation":{"angle":0.0,"axis":"y","origin":[7.64963,5.06425,7.9991]},"faces":{"east":{"uv":[2.0,7.0,3.0,8.0],"rotation":180,"texture":"#o0","cullface":"down"},"west":{"uv":[2.0,7.0,3.0,8.0],"rotation":180,"texture":"#o0"},"down":{"uv":[2.0,7.0,3.0,8.0],"rotation":270,"texture":"#o0"}}},{"from":[7.48463,5.80682,8.65576],"to":[7.81463,6.03782,9.04076],"rotation":{"angle":0.0,"axis":"y","origin":[7.64963,5.06425,7.9991]},"faces":{"east":{"uv":[2.0,7.0,3.0,8.0],"rotation":180,"texture":"#o0","cullface":"down"},"west":{"uv":[2.0,7.0,3.0,8.0],"rotation":180,"texture":"#o0"},"down":{"uv":[2.0,7.0,3.0,8.0],"rotation":270,"texture":"#o0"}}},{"from":[7.48463,6.46682,8.65576],"to":[7.81463,6.69782,9.05176],"rotation":{"angle":0.0,"axis":"y","origin":[7.64963,5.06425,7.9991]},"faces":{"east":{"uv":[2.0,7.0,3.0,8.0],"rotation":180,"texture":"#o0","cullface":"down"},"west":{"uv":[2.0,7.0,3.0,8.0],"rotation":180,"texture":"#o0"},"down":{"uv":[2.0,7.0,3.0,8.0],"rotation":270,"texture":"#o0"}}},{"from":[7.48463,7.12682,8.63376],"to":[7.81463,7.36882,9.04076],"rotation":{"angle":0.0,"axis":"y","origin":[7.64963,5.06425,7.9991]},"faces":{"east":{"uv":[2.0,7.0,3.0,8.0],"rotation":180,"texture":"#o0","cullface":"down"},"west":{"uv":[2.0,7.0,3.0,8.0],"rotation":180,"texture":"#o0"},"down":{"uv":[2.0,7.0,3.0,8.0],"rotation":270,"texture":"#o0"}}},{"from":[7.48463,7.78682,8.66676],"to":[7.81463,8.02882,9.05176],"rotation":{"angle":0.0,"axis":"y","origin":[7.64963,5.06425,7.9991]},"faces":{"east":{"uv":[2.0,7.0,3.0,8.0],"rotation":180,"texture":"#o0","cullface":"down"},"west":{"uv":[2.0,7.0,3.0,8.0],"rotation":180,"texture":"#o0"},"down":{"uv":[2.0,7.0,3.0,8.0],"rotation":270,"texture":"#o0"}}},{"from":[7.48463,8.44682,8.65576],"to":[7.81463,9.45125,9.02329],"rotation":{"angle":0.0,"axis":"y","origin":[7.64963,5.06425,7.9991]},"faces":{"east":{"uv":[2.0,7.0,3.0,8.0],"rotation":180,"texture":"#o0","cullface":"down"},"west":{"uv":[2.0,7.0,3.0,8.0],"rotation":180,"texture":"#o0"},"down":{"uv":[2.0,7.0,3.0,8.0],"rotation":270,"texture":"#o0"}}},{"from":[7.48463,4.4531,9.02329],"to":[7.81463,4.72125,9.0991],"rotation":{"angle":0.0,"axis":"y","origin":[7.64963,5.06425,7.9991]},"faces":{"south":{"uv":[2.0,7.0,3.0,8.0],"rotation":270,"texture":"#o0"},"east":{"uv":[2.0,7.0,3.0,8.0],"rotation":180,"texture":"#o0","cullface":"down"},"west":{"uv":[2.0,7.0,3.0,8.0],"rotation":270,"texture":"#o0"},"down":{"uv":[2.0,7.0,3.0,8.0],"rotation":270,"texture":"#o0"}}},{"from":[7.48463,5.1131,9.02329],"to":[7.81463,5.38125,9.0991],"rotation":{"angle":0.0,"axis":"y","origin":[7.64963,5.06425,7.9991]},"faces":{"south":{"uv":[2.0,7.0,3.0,8.0],"rotation":270,"texture":"#o0"},"east":{"uv":[2.0,7.0,3.0,8.0],"rotation":180,"texture":"#o0","cullface":"down"},"west":{"uv":[2.0,7.0,3.0,8.0],"rotation":270,"texture":"#o0"},"down":{"uv":[2.0,7.0,3.0,8.0],"rotation":270,"texture":"#o0"}}},{"from":[7.48463,5.7731,9.02329],"to":[7.81463,6.04125,9.0991],"rotation":{"angle":0.0,"axis":"y","origin":[7.64963,5.06425,7.9991]},"faces":{"south":{"uv":[2.0,7.0,3.0,8.0],"rotation":270,"texture":"#o0"},"east":{"uv":[2.0,7.0,3.0,8.0],"rotation":180,"texture":"#o0","cullface":"down"},"west":{"uv":[2.0,7.0,3.0,8.0],"rotation":270,"texture":"#o0"},"down":{"uv":[2.0,7.0,3.0,8.0],"rotation":270,"texture":"#o0"}}},{"from":[7.48463,6.4331,9.02329],"to":[7.81463,6.70125,9.0991],"rotation":{"angle":0.0,"axis":"y","origin":[7.64963,5.06425,7.9991]},"faces":{"south":{"uv":[2.0,7.0,3.0,8.0],"rotation":270,"texture":"#o0"},"east":{"uv":[2.0,7.0,3.0,8.0],"rotation":180,"texture":"#o0","cullface":"down"},"west":{"uv":[2.0,7.0,3.0,8.0],"rotation":270,"texture":"#o0"},"down":{"uv":[2.0,7.0,3.0,8.0],"rotation":270,"texture":"#o0"}}},{"from":[7.48463,7.0931,9.02329],"to":[7.81463,7.36125,9.0991],"rotation":{"angle":0.0,"axis":"y","origin":[7.64963,5.06425,7.9991]},"faces":{"south":{"uv":[2.0,7.0,3.0,8.0],"rotation":270,"texture":"#o0"},"east":{"uv":[2.0,7.0,3.0,8.0],"rotation":180,"texture":"#o0","cullface":"down"},"west":{"uv":[2.0,7.0,3.0,8.0],"rotation":270,"texture":"#o0"},"down":{"uv":[2.0,7.0,3.0,8.0],"rotation":270,"texture":"#o0"}}},{"from":[7.48463,7.7531,9.02329],"to":[7.81463,8.02125,9.0991],"rotation":{"angle":0.0,"axis":"y","origin":[7.64963,5.06425,7.9991]},"faces":{"south":{"uv":[2.0,7.0,3.0,8.0],"rotation":270,"texture":"#o0"},"east":{"uv":[2.0,7.0,3.0,8.0],"rotation":180,"texture":"#o0","cullface":"down"},"west":{"uv":[2.0,7.0,3.0,8.0],"rotation":270,"texture":"#o0"},"down":{"uv":[2.0,7.0,3.0,8.0],"rotation":270,"texture":"#o0"}}},{"from":[7.48463,8.4131,9.02329],"to":[7.81463,9.45125,9.0991],"rotation":{"angle":0.0,"axis":"y","origin":[7.64963,5.06425,7.9991]},"faces":{"north":{"uv":[2.0,7.0,3.0,8.0],"rotation":90,"texture":"#o0"},"south":{"uv":[2.0,7.0,3.0,8.0],"rotation":270,"texture":"#o0"},"east":{"uv":[2.0,7.0,3.0,8.0],"rotation":180,"texture":"#o0","cullface":"down"},"west":{"uv":[2.0,7.0,3.0,8.0],"texture":"#o0"},"down":{"uv":[2.0,7.0,3.0,8.0],"rotation":270,"texture":"#o0"}}},{"from":[7.48463,10.07444,9.07274],"to":[7.81463,11.4226,9.0991],"rotation":{"angle":0.0,"axis":"y","origin":[7.64963,5.06425,7.9991]},"faces":{"south":{"uv":[2.0,7.0,3.0,8.0],"rotation":270,"texture":"#o0"},"east":{"uv":[2.0,7.0,3.0,8.0],"rotation":180,"texture":"#o0","cullface":"down"},"west":{"uv":[2.0,7.0,3.0,8.0],"texture":"#o0"},"up":{"uv":[2.0,7.0,3.0,8.0],"rotation":270,"texture":"#o0"},"down":{"uv":[2.0,7.0,3.0,8.0],"rotation":270,"texture":"#o0"}}},{"from":[7.48463,8.69636,10.28839],"to":[7.81463,9.84451,10.6942],"rotation":{"angle":-22.5,"axis":"x","origin":[7.64963,5.06425,7.9991]},"faces":{"south":{"uv":[2.0,7.0,3.0,8.0],"rotation":270,"texture":"#o0"},"east":{"uv":[2.0,7.0,3.0,8.0],"rotation":180,"texture":"#o0","cullface":"down"},"west":{"uv":[2.0,7.0,3.0,8.0],"texture":"#o0"}}},{"from":[7.48463,10.07648,8.75806],"to":[7.81463,10.13564,8.83388],"rotation":{"angle":0.0,"axis":"y","origin":[7.64963,5.06425,7.9991]},"faces":{"south":{"uv":[2.0,7.0,3.0,8.0],"rotation":270,"texture":"#o0"},"east":{"uv":[2.0,7.0,3.0,8.0],"rotation":180,"texture":"#o0","cullface":"down"},"west":{"uv":[2.0,7.0,3.0,8.0],"texture":"#o0"}}},{"from":[7.48463,9.4478,10.6715],"to":[7.81463,10.18362,10.96164],"rotation":{"angle":-22.5,"axis":"x","origin":[7.64963,5.06425,7.9991]},"faces":{"east":{"uv":[2.0,7.0,3.0,8.0],"rotation":180,"texture":"#o0","cullface":"down"},"west":{"uv":[2.0,7.0,3.0,8.0],"texture":"#o0"},"down":{"uv":[2.0,7.0,3.0,8.0],"rotation":270,"texture":"#o0"}}},{"from":[7.48463,9.7778,10.8915],"to":[7.81463,10.18362,11.10464],"rotation":{"angle":-22.5,"axis":"x","origin":[7.64963,5.06425,7.9991]},"faces":{"east":{"uv":[2.0,7.0,3.0,8.0],"rotation":180,"texture":"#o0","cullface":"down"},"west":{"uv":[2.0,7.0,3.0,8.0],"texture":"#o0"}}},{"from":[7.48463,10.04004,6.75955],"to":[7.81463,10.09918,6.83537],"rotation":{"angle":22.5,"axis":"x","origin":[7.64963,5.06425,7.9991]},"faces":{"south":{"uv":[2.0,7.0,3.0,8.0],"rotation":270,"texture":"#o0"},"east":{"uv":[2.0,7.0,3.0,8.0],"rotation":180,"texture":"#o0","cullface":"down"},"west":{"uv":[2.0,7.0,3.0,8.0],"texture":"#o0"}}},{"from":[7.48463,10.18314,8.88733],"to":[7.81463,10.25896,8.95749],"rotation":{"angle":0.0,"axis":"y","origin":[7.64963,5.06425,7.9991]},"faces":{"east":{"uv":[2.0,7.0,3.0,8.0],"rotation":180,"texture":"#o0","cullface":"down"},"west":{"uv":[2.0,7.0,3.0,8.0],"texture":"#o0"},"down":{"uv":[2.0,7.0,3.0,8.0],"rotation":270,"texture":"#o0"}}},{"from":[7.48463,9.24157,4.92712],"to":[7.81463,9.30073,5.00294],"rotation":{"angle":45.0,"axis":"x","origin":[7.64963,5.06425,7.9991]},"faces":{"south":{"uv":[2.0,7.0,3.0,8.0],"rotation":270,"texture":"#o0"},"east":{"uv":[2.0,7.0,3.0,8.0],"rotation":180,"texture":"#o0","cullface":"down"},"west":{"uv":[2.0,7.0,3.0,8.0],"texture":"#o0"}}},{"from":[7.48463,10.15447,6.89661],"to":[7.81463,10.23028,7.04375],"rotation":{"angle":22.5,"axis":"x","origin":[7.64963,5.06425,7.9991]},"faces":{"east":{"uv":[2.0,7.0,3.0,8.0],"rotation":180,"texture":"#o0","cullface":"down"},"west":{"uv":[2.0,7.0,3.0,8.0],"texture":"#o0"},"down":{"uv":[2.0,7.0,3.0,8.0],"rotation":270,"texture":"#o0"}}},{"from":[7.48463,9.36617,5.06837],"to":[7.81463,9.39799,5.21553],"rotation":{"angle":45.0,"axis":"x","origin":[7.64963,5.06425,7.9991]},"faces":{"east":{"uv":[2.0,7.0,3.0,8.0],"rotation":180,"texture":"#o0","cullface":"down"},"west":{"uv":[2.0,7.0,3.0,8.0],"texture":"#o0"},"down":{"uv":[2.0,7.0,3.0,8.0],"rotation":270,"texture":"#o0"}}},{"from":[7.48463,9.38817,5.04637],"to":[7.81463,9.41999,5.19353],"rotation":{"angle":45.0,"axis":"x","origin":[7.64963,5.06425,7.9991]},"faces":{"east":{"uv":[2.0,7.0,3.0,8.0],"rotation":180,"texture":"#o0","cullface":"down"},"west":{"uv":[2.0,7.0,3.0,8.0],"texture":"#o0"}}},{"from":[7.48463,4.89156,9.0692],"to":[7.81463,5.00156,9.1792],"rotation":{"angle":22.5,"axis":"x","origin":[7.64963,5.06425,7.9991]},"faces":{"east":{"uv":[2.0,7.0,3.0,8.0],"rotation":180,"texture":"#o0","cullface":"down"},"west":{"uv":[2.0,7.0,3.0,8.0],"rotation":180,"texture":"#o0"},"down":{"uv":[2.0,7.0,3.0,8.0],"rotation":270,"texture":"#o0"}}},{"from":[7.48463,5.50132,8.81663],"to":[7.81463,5.61132,8.92663],"rotation":{"angle":22.5,"axis":"x","origin":[7.64963,5.06425,7.9991]},"faces":{"east":{"uv":[2.0,7.0,3.0,8.0],"rotation":180,"texture":"#o0","cullface":"down"},"west":{"uv":[2.0,7.0,3.0,8.0],"rotation":180,"texture":"#o0"},"down":{"uv":[2.0,7.0,3.0,8.0],"rotation":270,"texture":"#o0"}}},{"from":[7.48463,6.11108,8.56406],"to":[7.81463,6.22108,8.67406],"rotation":{"angle":22.5,"axis":"x","origin":[7.64963,5.06425,7.9991]},"faces":{"east":{"uv":[2.0,7.0,3.0,8.0],"rotation":180,"texture":"#o0","cullface":"down"},"west":{"uv":[2.0,7.0,3.0,8.0],"rotation":180,"texture":"#o0"},"down":{"uv":[2.0,7.0,3.0,8.0],"rotation":270,"texture":"#o0"}}},{"from":[7.48463,6.72084,8.31149],"to":[7.81463,6.83084,8.42149],"rotation":{"angle":22.5,"axis":"x","origin":[7.64963,5.06425,7.9991]},"faces":{"east":{"uv":[2.0,7.0,3.0,8.0],"rotation":180,"texture":"#o0","cullface":"down"},"west":{"uv":[2.0,7.0,3.0,8.0],"rotation":180,"texture":"#o0"},"down":{"uv":[2.0,7.0,3.0,8.0],"rotation":270,"texture":"#o0"}}},{"from":[7.48463,7.3306,8.05892],"to":[7.81463,7.4406,8.16892],"rotation":{"angle":22.5,"axis":"x","origin":[7.64963,5.06425,7.9991]},"faces":{"east":{"uv":[2.0,7.0,3.0,8.0],"rotation":180,"texture":"#o0","cullface":"down"},"west":{"uv":[2.0,7.0,3.0,8.0],"rotation":180,"texture":"#o0"},"down":{"uv":[2.0,7.0,3.0,8.0],"rotation":270,"texture":"#o0"}}},{"from":[7.48463,7.94037,7.80635],"to":[7.81463,8.05037,7.91635],"rotation":{"angle":22.5,"axis":"x","origin":[7.64963,5.06425,7.9991]},"faces":{"east":{"uv":[2.0,7.0,3.0,8.0],"rotation":180,"texture":"#o0","cullface":"down"},"west":{"uv":[2.0,7.0,3.0,8.0],"rotation":180,"texture":"#o0"},"down":{"uv":[2.0,7.0,3.0,8.0],"rotation":270,"texture":"#o0"}}},{"from":[7.48463,8.55012,7.55378],"to":[7.81463,8.66012,7.66378],"rotation":{"angle":22.5,"axis":"x","origin":[7.64963,5.06425,7.9991]},"faces":{"east":{"uv":[2.0,7.0,3.0,8.0],"rotation":180,"texture":"#o0","cullface":"down"},"west":{"uv":[2.0,7.0,3.0,8.0],"rotation":180,"texture":"#o0"},"down":{"uv":[2.0,7.0,3.0,8.0],"rotation":270,"texture":"#o0"}}},{"from":[6.82463,2.96125,6.4591],"to":[8.47463,3.18125,9.5391],"rotation":{"angle":0.0,"axis":"y","origin":[7.64963,5.06425,7.9991]},"faces":{"east":{"uv":[12.0,2.0,13.0,3.0],"rotation":180,"texture":"#o0","cullface":"down"},"west":{"uv":[11.0,2.0,12.0,3.0],"texture":"#o0"},"up":{"uv":[11.0,2.0,12.0,3.0],"rotation":270,"texture":"#o0"},"down":{"uv":[11.0,2.0,12.0,3.0],"rotation":270,"texture":"#o0"}}},{"from":[6.2981,2.96125,6.67204],"to":[6.8481,3.18125,6.89204],"rotation":{"angle":-22.5,"axis":"y","origin":[7.64963,5.06425,7.9991]},"faces":{"west":{"uv":[11.0,2.0,12.0,3.0],"texture":"#o0"},"up":{"uv":[11.0,2.0,12.0,3.0],"rotation":270,"texture":"#o0"},"down":{"uv":[11.0,2.0,12.0,3.0],"rotation":270,"texture":"#o0"}}},{"from":[6.2981,2.96125,9.10616],"to":[6.8481,3.18125,9.32616],"rotation":{"angle":22.5,"axis":"y","origin":[7.64963,5.06425,7.9991]},"faces":{"west":{"uv":[13.0,2.0,12.0,3.0],"texture":"#o0"},"up":{"uv":[13.0,2.0,12.0,3.0],"rotation":270,"texture":"#o0"},"down":{"uv":[13.0,2.0,12.0,3.0],"rotation":270,"texture":"#o0"}}},{"from":[8.45117,2.96125,6.67204],"to":[9.00117,3.18125,6.89204],"rotation":{"angle":22.5,"axis":"y","origin":[7.64963,5.06425,7.9991]},"faces":{"east":{"uv":[12.0,2.0,13.0,3.0],"rotation":180,"texture":"#o0","cullface":"down"},"up":{"uv":[12.0,3.0,13.0,2.0],"rotation":270,"texture":"#o0","cullface":"down"},"down":{"uv":[12.0,3.0,13.0,2.0],"rotation":270,"texture":"#o0","cullface":"down"}}},{"from":[8.45117,2.96125,9.10616],"to":[9.00117,3.18125,9.32616],"rotation":{"angle":-22.5,"axis":"y","origin":[7.64963,5.06425,7.9991]},"faces":{"east":{"uv":[12.0,2.0,13.0,3.0],"rotation":180,"texture":"#o0","cullface":"down"},"up":{"uv":[12.0,3.0,11.0,2.0],"rotation":270,"texture":"#o0","cullface":"down"},"down":{"uv":[12.0,3.0,11.0,2.0],"rotation":270,"texture":"#o0","cullface":"down"}}},{"from":[5.89314,2.96125,7.07027],"to":[6.44314,3.18125,7.29027],"rotation":{"angle":-45.0,"axis":"y","origin":[7.64963,5.06425,7.9991]},"faces":{"west":{"uv":[11.0,2.0,12.0,3.0],"texture":"#o0"},"up":{"uv":[11.0,2.0,12.0,3.0],"rotation":270,"texture":"#o0"},"down":{"uv":[11.0,2.0,12.0,3.0],"rotation":270,"texture":"#o0"}}},{"from":[5.89314,2.96125,8.70793],"to":[6.44314,3.18125,8.92793],"rotation":{"angle":45.0,"axis":"y","origin":[7.64963,5.06425,7.9991]},"faces":{"west":{"uv":[13.0,2.0,12.0,3.0],"texture":"#o0"},"up":{"uv":[13.0,2.0,12.0,3.0],"rotation":270,"texture":"#o0"},"down":{"uv":[13.0,2.0,12.0,3.0],"rotation":270,"texture":"#o0"}}},{"from":[8.85612,2.96125,7.07027],"to":[9.40612,3.18125,7.29027],"rotation":{"angle":45.0,"axis":"y","origin":[7.64963,5.06425,7.9991]},"faces":{"east":{"uv":[12.0,2.0,13.0,3.0],"rotation":180,"texture":"#o0","cullface":"down"},"up":{"uv":[12.0,3.0,13.0,2.0],"rotation":270,"texture":"#o0","cullface":"down"},"down":{"uv":[12.0,3.0,13.0,2.0],"rotation":270,"texture":"#o0","cullface":"down"}}},{"from":[8.85612,2.96125,8.70793],"to":[9.40612,3.18125,8.92793],"rotation":{"angle":-45.0,"axis":"y","origin":[7.64963,5.06425,7.9991]},"faces":{"east":{"uv":[12.0,2.0,13.0,3.0],"rotation":180,"texture":"#o0","cullface":"down"},"up":{"uv":[12.0,3.0,11.0,2.0],"rotation":270,"texture":"#o0","cullface":"down"},"down":{"uv":[12.0,3.0,11.0,2.0],"rotation":270,"texture":"#o0","cullface":"down"}}},{"from":[7.83559,2.96125,6.02086],"to":[8.05559,3.18125,6.57086],"rotation":{"angle":22.5,"axis":"y","origin":[7.64963,5.06425,7.9991]},"faces":{"north":{"uv":[12.0,2.0,13.0,3.0],"rotation":90,"texture":"#o0"},"up":{"uv":[12.0,2.0,13.0,3.0],"rotation":270,"texture":"#o0"},"down":{"uv":[12.0,2.0,13.0,3.0],"rotation":270,"texture":"#o0"}}},{"from":[7.83559,2.96125,9.42734],"to":[8.05559,3.18125,9.97734],"rotation":{"angle":-22.5,"axis":"y","origin":[7.64963,5.06425,7.9991]},"faces":{"south":{"uv":[11.0,3.0,12.0,2.0],"rotation":270,"texture":"#o0"},"up":{"uv":[11.0,3.0,12.0,2.0],"rotation":270,"texture":"#o0"},"down":{"uv":[11.0,3.0,12.0,2.0],"rotation":270,"texture":"#o0"}}},{"from":[7.24368,2.96125,6.02086],"to":[7.46368,3.18125,6.57086],"rotation":{"angle":-22.5,"axis":"y","origin":[7.64963,5.06425,7.9991]},"faces":{"north":{"uv":[12.0,2.0,11.0,3.0],"rotation":90,"texture":"#o0","cullface":"down"},"up":{"uv":[12.0,2.0,11.0,3.0],"rotation":270,"texture":"#o0","cullface":"down"},"down":{"uv":[12.0,2.0,11.0,3.0],"rotation":270,"texture":"#o0","cullface":"down"}}},{"from":[7.24368,2.96125,9.42734],"to":[7.46368,3.18125,9.97734],"rotation":{"angle":22.5,"axis":"y","origin":[7.64963,5.06425,7.9991]},"faces":{"south":{"uv":[13.0,3.0,12.0,2.0],"rotation":270,"texture":"#o0","cullface":"down"},"up":{"uv":[13.0,3.0,12.0,2.0],"rotation":270,"texture":"#o0","cullface":"down"},"down":{"uv":[13.0,3.0,12.0,2.0],"rotation":270,"texture":"#o0","cullface":"down"}}},{"from":[7.26764,2.96125,6.0161],"to":[8.03163,3.18125,9.98211],"rotation":{"angle":0.0,"axis":"z","origin":[7.64963,5.06425,7.9991]},"faces":{"north":{"uv":[13.0,3.0,12.0,2.0],"rotation":90,"texture":"#o0"},"south":{"uv":[13.0,3.0,12.0,2.0],"rotation":270,"texture":"#o0"},"up":{"uv":[13.0,3.0,12.0,2.0],"rotation":270,"texture":"#o0"},"down":{"uv":[13.0,3.0,12.0,2.0],"rotation":270,"texture":"#o0"}}},{"from":[7.37463,-2.53875,7.2291],"to":[7.92463,2.96125,8.7691],"rotation":{"angle":0.0,"axis":"y","origin":[7.64963,5.06425,7.9991]},"faces":{"east":{"uv":[7.0,2.0,8.0,3.0],"rotation":180,"texture":"#o0","cullface":"down"},"west":{"uv":[7.0,2.0,8.0,3.0],"texture":"#o0"},"down":{"uv":[7.0,2.0,8.0,3.0],"rotation":270,"texture":"#o0","cullface":"south"}}},{"from":[7.26463,2.52125,7.2291],"to":[8.03463,2.96125,8.7691],"rotation":{"angle":0.0,"axis":"y","origin":[7.64963,5.06425,7.9991]},"faces":{"east":{"uv":[2.0,2.0,3.0,3.0],"rotation":180,"texture":"#o0","cullface":"down"},"west":{"uv":[2.0,2.0,3.0,3.0],"texture":"#o0"},"down":{"uv":[2.0,2.0,3.0,3.0],"rotation":270,"texture":"#o0"}}},{"from":[7.26463,1.97125,7.2291],"to":[8.03463,2.41125,8.7691],"rotation":{"angle":0.0,"axis":"y","origin":[7.64963,5.06425,7.9991]},"faces":{"east":{"uv":[2.0,2.0,3.0,3.0],"rotation":180,"texture":"#o0","cullface":"down"},"west":{"uv":[2.0,2.0,3.0,3.0],"texture":"#o0"},"up":{"uv":[2.0,2.0,3.0,3.0],"rotation":270,"texture":"#o0"},"down":{"uv":[2.0,2.0,3.0,3.0],"rotation":270,"texture":"#o0"}}},{"from":[7.26463,1.42125,7.2291],"to":[8.03463,1.86125,8.7691],"rotation":{"angle":0.0,"axis":"y","origin":[7.64963,5.06425,7.9991]},"faces":{"east":{"uv":[2.0,2.0,3.0,3.0],"rotation":180,"texture":"#o0","cullface":"down"},"west":{"uv":[2.0,2.0,3.0,3.0],"texture":"#o0"},"up":{"uv":[2.0,2.0,3.0,3.0],"rotation":270,"texture":"#o0"},"down":{"uv":[2.0,2.0,3.0,3.0],"rotation":270,"texture":"#o0"}}},{"from":[7.26463,0.87125,7.2291],"to":[8.03463,1.31125,8.7691],"rotation":{"angle":0.0,"axis":"y","origin":[7.64963,5.06425,7.9991]},"faces":{"east":{"uv":[2.0,2.0,3.0,3.0],"rotation":180,"texture":"#o0","cullface":"down"},"west":{"uv":[2.0,2.0,3.0,3.0],"texture":"#o0"},"up":{"uv":[2.0,2.0,3.0,3.0],"rotation":270,"texture":"#o0"},"down":{"uv":[2.0,2.0,3.0,3.0],"rotation":270,"texture":"#o0"}}},{"from":[7.26463,0.32125,7.2291],"to":[8.03463,0.76125,8.7691],"rotation":{"angle":0.0,"axis":"y","origin":[7.64963,5.06425,7.9991]},"faces":{"east":{"uv":[2.0,2.0,3.0,3.0],"rotation":180,"texture":"#o0","cullface":"down"},"west":{"uv":[2.0,2.0,3.0,3.0],"texture":"#o0"},"up":{"uv":[2.0,2.0,3.0,3.0],"rotation":270,"texture":"#o0"},"down":{"uv":[2.0,2.0,3.0,3.0],"rotation":270,"texture":"#o0"}}},{"from":[7.26463,-0.22875,7.2291],"to":[8.03463,0.21125,8.7691],"rotation":{"angle":0.0,"axis":"y","origin":[7.64963,5.06425,7.9991]},"faces":{"east":{"uv":[2.0,2.0,3.0,3.0],"rotation":180,"texture":"#o0","cullface":"down"},"west":{"uv":[2.0,2.0,3.0,3.0],"texture":"#o0"},"up":{"uv":[2.0,2.0,3.0,3.0],"rotation":270,"texture":"#o0"},"down":{"uv":[2.0,2.0,3.0,3.0],"rotation":270,"texture":"#o0"}}},{"from":[7.26463,-0.77875,7.2291],"to":[8.03463,-0.33875,8.7691],"rotation":{"angle":0.0,"axis":"y","origin":[7.64963,5.06425,7.9991]},"faces":{"east":{"uv":[2.0,2.0,3.0,3.0],"rotation":180,"texture":"#o0","cullface":"down"},"west":{"uv":[2.0,2.0,3.0,3.0],"texture":"#o0"},"up":{"uv":[2.0,2.0,3.0,3.0],"rotation":270,"texture":"#o0"},"down":{"uv":[2.0,2.0,3.0,3.0],"rotation":270,"texture":"#o0"}}},{"from":[7.26463,-1.32875,7.2291],"to":[8.03463,-0.88875,8.7691],"rotation":{"angle":0.0,"axis":"y","origin":[7.64963,5.06425,7.9991]},"faces":{"east":{"uv":[2.0,2.0,3.0,3.0],"rotation":180,"texture":"#o0","cullface":"down"},"west":{"uv":[2.0,2.0,3.0,3.0],"texture":"#o0"},"up":{"uv":[2.0,2.0,3.0,3.0],"rotation":270,"texture":"#o0"},"down":{"uv":[2.0,2.0,3.0,3.0],"rotation":270,"texture":"#o0"}}},{"from":[7.26463,-1.87875,7.2291],"to":[8.03463,-1.43875,8.7691],"rotation":{"angle":0.0,"axis":"y","origin":[7.64963,5.06425,7.9991]},"faces":{"east":{"uv":[2.0,2.0,3.0,3.0],"rotation":180,"texture":"#o0","cullface":"down"},"west":{"uv":[2.0,2.0,3.0,3.0],"texture":"#o0"},"up":{"uv":[2.0,2.0,3.0,3.0],"rotation":270,"texture":"#o0"},"down":{"uv":[2.0,2.0,3.0,3.0],"rotation":270,"texture":"#o0"}}},{"from":[7.26463,-2.42875,7.2291],"to":[8.03463,-1.98875,8.7691],"rotation":{"angle":0.0,"axis":"y","origin":[7.64963,5.06425,7.9991]},"faces":{"east":{"uv":[2.0,2.0,3.0,3.0],"rotation":180,"texture":"#o0","cullface":"down"},"west":{"uv":[2.0,2.0,3.0,3.0],"texture":"#o0"},"up":{"uv":[2.0,2.0,3.0,3.0],"rotation":270,"texture":"#o0"},"down":{"uv":[2.0,2.0,3.0,3.0],"rotation":270,"texture":"#o0"}}},{"from":[6.99928,2.52125,7.28104],"to":[7.54928,2.96125,7.43504],"rotation":{"angle":-22.5,"axis":"y","origin":[7.64963,5.06425,7.9991]},"faces":{"west":{"uv":[2.0,2.0,3.0,3.0],"texture":"#o0"},"up":{"uv":[2.0,2.0,3.0,3.0],"rotation":270,"texture":"#o0"},"down":{"uv":[2.0,2.0,3.0,3.0],"rotation":270,"texture":"#o0"}}},{"from":[6.99928,1.97125,7.28104],"to":[7.54928,2.41125,7.43504],"rotation":{"angle":-22.5,"axis":"y","origin":[7.64963,5.06425,7.9991]},"faces":{"west":{"uv":[2.0,2.0,3.0,3.0],"texture":"#o0"},"up":{"uv":[2.0,2.0,3.0,3.0],"rotation":270,"texture":"#o0"},"down":{"uv":[2.0,2.0,3.0,3.0],"rotation":270,"texture":"#o0"}}},{"from":[6.99928,1.42125,7.28104],"to":[7.54928,1.86125,7.43504],"rotation":{"angle":-22.5,"axis":"y","origin":[7.64963,5.06425,7.9991]},"faces":{"west":{"uv":[2.0,2.0,3.0,3.0],"texture":"#o0"},"up":{"uv":[2.0,2.0,3.0,3.0],"rotation":270,"texture":"#o0"},"down":{"uv":[2.0,2.0,3.0,3.0],"rotation":270,"texture":"#o0"}}},{"from":[6.99928,0.87125,7.28104],"to":[7.54928,1.31125,7.43504],"rotation":{"angle":-22.5,"axis":"y","origin":[7.64963,5.06425,7.9991]},"faces":{"west":{"uv":[2.0,2.0,3.0,3.0],"texture":"#o0"},"up":{"uv":[2.0,2.0,3.0,3.0],"rotation":270,"texture":"#o0"},"down":{"uv":[2.0,2.0,3.0,3.0],"rotation":270,"texture":"#o0"}}},{"from":[6.99928,0.32125,7.28104],"to":[7.54928,0.76125,7.43504],"rotation":{"angle":-22.5,"axis":"y","origin":[7.64963,5.06425,7.9991]},"faces":{"west":{"uv":[2.0,2.0,3.0,3.0],"texture":"#o0"},"up":{"uv":[2.0,2.0,3.0,3.0],"rotation":270,"texture":"#o0"},"down":{"uv":[2.0,2.0,3.0,3.0],"rotation":270,"texture":"#o0"}}},{"from":[6.99928,-0.22875,7.28104],"to":[7.54928,0.21125,7.43504],"rotation":{"angle":-22.5,"axis":"y","origin":[7.64963,5.06425,7.9991]},"faces":{"west":{"uv":[2.0,2.0,3.0,3.0],"texture":"#o0"},"up":{"uv":[2.0,2.0,3.0,3.0],"rotation":270,"texture":"#o0"},"down":{"uv":[2.0,2.0,3.0,3.0],"rotation":270,"texture":"#o0"}}},{"from":[6.99928,-0.77875,7.28104],"to":[7.54928,-0.33875,7.43504],"rotation":{"angle":-22.5,"axis":"y","origin":[7.64963,5.06425,7.9991]},"faces":{"west":{"uv":[2.0,2.0,3.0,3.0],"texture":"#o0"},"up":{"uv":[2.0,2.0,3.0,3.0],"rotation":270,"texture":"#o0"},"down":{"uv":[2.0,2.0,3.0,3.0],"rotation":270,"texture":"#o0"}}},{"from":[6.99928,-1.32875,7.28104],"to":[7.54928,-0.88875,7.43504],"rotation":{"angle":-22.5,"axis":"y","origin":[7.64963,5.06425,7.9991]},"faces":{"west":{"uv":[2.0,2.0,3.0,3.0],"texture":"#o0"},"up":{"uv":[2.0,2.0,3.0,3.0],"rotation":270,"texture":"#o0"},"down":{"uv":[2.0,2.0,3.0,3.0],"rotation":270,"texture":"#o0"}}},{"from":[6.99928,-1.87875,7.28104],"to":[7.54928,-1.43875,7.43504],"rotation":{"angle":-22.5,"axis":"y","origin":[7.64963,5.06425,7.9991]},"faces":{"west":{"uv":[2.0,2.0,3.0,3.0],"texture":"#o0"},"up":{"uv":[2.0,2.0,3.0,3.0],"rotation":270,"texture":"#o0"},"down":{"uv":[2.0,2.0,3.0,3.0],"rotation":270,"texture":"#o0"}}},{"from":[6.99928,-2.42875,7.28104],"to":[7.54928,-1.98875,7.43504],"rotation":{"angle":-22.5,"axis":"y","origin":[7.64963,5.06425,7.9991]},"faces":{"west":{"uv":[2.0,2.0,3.0,3.0],"texture":"#o0"},"up":{"uv":[2.0,2.0,3.0,3.0],"rotation":270,"texture":"#o0"},"down":{"uv":[2.0,2.0,3.0,3.0],"rotation":270,"texture":"#o0"}}},{"from":[6.99928,2.52125,8.56316],"to":[7.54928,2.96125,8.71716],"rotation":{"angle":22.5,"axis":"y","origin":[7.64963,5.06425,7.9991]},"faces":{"west":{"uv":[2.0,2.0,1.0,3.0],"texture":"#o0"},"up":{"uv":[2.0,2.0,1.0,3.0],"rotation":270,"texture":"#o0"},"down":{"uv":[2.0,2.0,1.0,3.0],"rotation":270,"texture":"#o0"}}},{"from":[6.99928,1.97125,8.56316],"to":[7.54928,2.41125,8.71716],"rotation":{"angle":22.5,"axis":"y","origin":[7.64963,5.06425,7.9991]},"faces":{"west":{"uv":[2.0,2.0,1.0,3.0],"texture":"#o0"},"up":{"uv":[2.0,2.0,1.0,3.0],"rotation":270,"texture":"#o0"},"down":{"uv":[2.0,2.0,1.0,3.0],"rotation":270,"texture":"#o0"}}},{"from":[6.99928,1.42125,8.56316],"to":[7.54928,1.86125,8.71716],"rotation":{"angle":22.5,"axis":"y","origin":[7.64963,5.06425,7.9991]},"faces":{"west":{"uv":[2.0,2.0,1.0,3.0],"texture":"#o0"},"up":{"uv":[2.0,2.0,1.0,3.0],"rotation":270,"texture":"#o0"},"down":{"uv":[2.0,2.0,1.0,3.0],"rotation":270,"texture":"#o0"}}},{"from":[6.99928,0.87125,8.56316],"to":[7.54928,1.31125,8.71716],"rotation":{"angle":22.5,"axis":"y","origin":[7.64963,5.06425,7.9991]},"faces":{"west":{"uv":[2.0,2.0,1.0,3.0],"texture":"#o0"},"up":{"uv":[2.0,2.0,1.0,3.0],"rotation":270,"texture":"#o0"},"down":{"uv":[2.0,2.0,1.0,3.0],"rotation":270,"texture":"#o0"}}},{"from":[6.99928,0.32125,8.56316],"to":[7.54928,0.76125,8.71716],"rotation":{"angle":22.5,"axis":"y","origin":[7.64963,5.06425,7.9991]},"faces":{"west":{"uv":[2.0,2.0,1.0,3.0],"texture":"#o0"},"up":{"uv":[2.0,2.0,1.0,3.0],"rotation":270,"texture":"#o0"},"down":{"uv":[2.0,2.0,1.0,3.0],"rotation":270,"texture":"#o0"}}},{"from":[6.99928,-0.22875,8.56316],"to":[7.54928,0.21125,8.71716],"rotation":{"angle":22.5,"axis":"y","origin":[7.64963,5.06425,7.9991]},"faces":{"west":{"uv":[2.0,2.0,1.0,3.0],"texture":"#o0"},"up":{"uv":[2.0,2.0,1.0,3.0],"rotation":270,"texture":"#o0"},"down":{"uv":[2.0,2.0,1.0,3.0],"rotation":270,"texture":"#o0"}}},{"from":[6.99928,-0.77875,8.56316],"to":[7.54928,-0.33875,8.71716],"rotation":{"angle":22.5,"axis":"y","origin":[7.64963,5.06425,7.9991]},"faces":{"west":{"uv":[2.0,2.0,1.0,3.0],"texture":"#o0"},"up":{"uv":[2.0,2.0,1.0,3.0],"rotation":270,"texture":"#o0"},"down":{"uv":[2.0,2.0,1.0,3.0],"rotation":270,"texture":"#o0"}}},{"from":[6.99928,-1.32875,8.56316],"to":[7.54928,-0.88875,8.71716],"rotation":{"angle":22.5,"axis":"y","origin":[7.64963,5.06425,7.9991]},"faces":{"west":{"uv":[2.0,2.0,1.0,3.0],"texture":"#o0"},"up":{"uv":[2.0,2.0,1.0,3.0],"rotation":270,"texture":"#o0"},"down":{"uv":[2.0,2.0,1.0,3.0],"rotation":270,"texture":"#o0"}}},{"from":[6.99928,-1.87875,8.56316],"to":[7.54928,-1.43875,8.71716],"rotation":{"angle":22.5,"axis":"y","origin":[7.64963,5.06425,7.9991]},"faces":{"west":{"uv":[2.0,2.0,1.0,3.0],"texture":"#o0"},"up":{"uv":[2.0,2.0,1.0,3.0],"rotation":270,"texture":"#o0"},"down":{"uv":[2.0,2.0,1.0,3.0],"rotation":270,"texture":"#o0"}}},{"from":[6.99928,-2.42875,8.56316],"to":[7.54928,-1.98875,8.71716],"rotation":{"angle":22.5,"axis":"y","origin":[7.64963,5.06425,7.9991]},"faces":{"west":{"uv":[2.0,2.0,1.0,3.0],"texture":"#o0"},"up":{"uv":[2.0,2.0,1.0,3.0],"rotation":270,"texture":"#o0"},"down":{"uv":[2.0,2.0,1.0,3.0],"rotation":270,"texture":"#o0"}}},{"from":[7.74999,2.52125,7.28104],"to":[8.29999,2.96125,7.43504],"rotation":{"angle":22.5,"axis":"y","origin":[7.64963,5.06425,7.9991]},"faces":{"east":{"uv":[2.0,3.0,3.0,2.0],"rotation":180,"texture":"#o0","cullface":"down"},"up":{"uv":[2.0,3.0,3.0,2.0],"rotation":270,"texture":"#o0"},"down":{"uv":[2.0,3.0,3.0,2.0],"rotation":270,"texture":"#o0"}}},{"from":[7.74999,1.97125,7.28104],"to":[8.29999,2.41125,7.43504],"rotation":{"angle":22.5,"axis":"y","origin":[7.64963,5.06425,7.9991]},"faces":{"east":{"uv":[2.0,3.0,3.0,2.0],"rotation":180,"texture":"#o0","cullface":"down"},"up":{"uv":[2.0,3.0,3.0,2.0],"rotation":270,"texture":"#o0"},"down":{"uv":[2.0,3.0,3.0,2.0],"rotation":270,"texture":"#o0"}}},{"from":[7.74999,1.42125,7.28104],"to":[8.29999,1.86125,7.43504],"rotation":{"angle":22.5,"axis":"y","origin":[7.64963,5.06425,7.9991]},"faces":{"east":{"uv":[2.0,3.0,3.0,2.0],"rotation":180,"texture":"#o0","cullface":"down"},"up":{"uv":[2.0,3.0,3.0,2.0],"rotation":270,"texture":"#o0"},"down":{"uv":[2.0,3.0,3.0,2.0],"rotation":270,"texture":"#o0"}}},{"from":[7.74999,0.87125,7.28104],"to":[8.29999,1.31125,7.43504],"rotation":{"angle":22.5,"axis":"y","origin":[7.64963,5.06425,7.9991]},"faces":{"east":{"uv":[2.0,3.0,3.0,2.0],"rotation":180,"texture":"#o0","cullface":"down"},"up":{"uv":[2.0,3.0,3.0,2.0],"rotation":270,"texture":"#o0"},"down":{"uv":[2.0,3.0,3.0,2.0],"rotation":270,"texture":"#o0"}}},{"from":[7.74999,0.32125,7.28104],"to":[8.29999,0.76125,7.43504],"rotation":{"angle":22.5,"axis":"y","origin":[7.64963,5.06425,7.9991]},"faces":{"east":{"uv":[2.0,3.0,3.0,2.0],"rotation":180,"texture":"#o0","cullface":"down"},"up":{"uv":[2.0,3.0,3.0,2.0],"rotation":270,"texture":"#o0"},"down":{"uv":[2.0,3.0,3.0,2.0],"rotation":270,"texture":"#o0"}}},{"from":[7.74999,-0.22875,7.28104],"to":[8.29999,0.21125,7.43504],"rotation":{"angle":22.5,"axis":"y","origin":[7.64963,5.06425,7.9991]},"faces":{"east":{"uv":[2.0,3.0,3.0,2.0],"rotation":180,"texture":"#o0","cullface":"down"},"up":{"uv":[2.0,3.0,3.0,2.0],"rotation":270,"texture":"#o0"},"down":{"uv":[2.0,3.0,3.0,2.0],"rotation":270,"texture":"#o0"}}},{"from":[7.74999,-0.77875,7.28104],"to":[8.29999,-0.33875,7.43504],"rotation":{"angle":22.5,"axis":"y","origin":[7.64963,5.06425,7.9991]},"faces":{"east":{"uv":[2.0,3.0,3.0,2.0],"rotation":180,"texture":"#o0","cullface":"down"},"up":{"uv":[2.0,3.0,3.0,2.0],"rotation":270,"texture":"#o0"},"down":{"uv":[2.0,3.0,3.0,2.0],"rotation":270,"texture":"#o0"}}},{"from":[7.74999,-1.32875,7.28104],"to":[8.29999,-0.88875,7.43504],"rotation":{"angle":22.5,"axis":"y","origin":[7.64963,5.06425,7.9991]},"faces":{"east":{"uv":[2.0,3.0,3.0,2.0],"rotation":180,"texture":"#o0","cullface":"down"},"up":{"uv":[2.0,3.0,3.0,2.0],"rotation":270,"texture":"#o0"},"down":{"uv":[2.0,3.0,3.0,2.0],"rotation":270,"texture":"#o0"}}},{"from":[7.74999,-1.87875,7.28104],"to":[8.29999,-1.43875,7.43504],"rotation":{"angle":22.5,"axis":"y","origin":[7.64963,5.06425,7.9991]},"faces":{"east":{"uv":[2.0,3.0,3.0,2.0],"rotation":180,"texture":"#o0","cullface":"down"},"up":{"uv":[2.0,3.0,3.0,2.0],"rotation":270,"texture":"#o0"},"down":{"uv":[2.0,3.0,3.0,2.0],"rotation":270,"texture":"#o0"}}},{"from":[7.74999,-2.42875,7.28104],"to":[8.29999,-1.98875,7.43504],"rotation":{"angle":22.5,"axis":"y","origin":[7.64963,5.06425,7.9991]},"faces":{"east":{"uv":[2.0,3.0,3.0,2.0],"rotation":180,"texture":"#o0","cullface":"down"},"up":{"uv":[2.0,3.0,3.0,2.0],"rotation":270,"texture":"#o0"},"down":{"uv":[2.0,3.0,3.0,2.0],"rotation":270,"texture":"#o0"}}},{"from":[7.74999,2.52125,8.56316],"to":[8.29999,2.96125,8.71716],"rotation":{"angle":-22.5,"axis":"y","origin":[7.64963,5.06425,7.9991]},"faces":{"east":{"uv":[2.0,3.0,1.0,2.0],"rotation":180,"texture":"#o0","cullface":"down"},"up":{"uv":[2.0,3.0,1.0,2.0],"rotation":270,"texture":"#o0"},"down":{"uv":[2.0,3.0,1.0,2.0],"rotation":270,"texture":"#o0"}}},{"from":[7.74999,1.97125,8.56316],"to":[8.29999,2.41125,8.71716],"rotation":{"angle":-22.5,"axis":"y","origin":[7.64963,5.06425,7.9991]},"faces":{"east":{"uv":[2.0,3.0,1.0,2.0],"rotation":180,"texture":"#o0","cullface":"down"},"up":{"uv":[2.0,3.0,1.0,2.0],"rotation":270,"texture":"#o0"},"down":{"uv":[2.0,3.0,1.0,2.0],"rotation":270,"texture":"#o0"}}},{"from":[7.74999,1.42125,8.56316],"to":[8.29999,1.86125,8.71716],"rotation":{"angle":-22.5,"axis":"y","origin":[7.64963,5.06425,7.9991]},"faces":{"east":{"uv":[2.0,3.0,1.0,2.0],"rotation":180,"texture":"#o0","cullface":"down"},"up":{"uv":[2.0,3.0,1.0,2.0],"rotation":270,"texture":"#o0"},"down":{"uv":[2.0,3.0,1.0,2.0],"rotation":270,"texture":"#o0"}}},{"from":[7.74999,0.87125,8.56316],"to":[8.29999,1.31125,8.71716],"rotation":{"angle":-22.5,"axis":"y","origin":[7.64963,5.06425,7.9991]},"faces":{"east":{"uv":[2.0,3.0,1.0,2.0],"rotation":180,"texture":"#o0","cullface":"down"},"up":{"uv":[2.0,3.0,1.0,2.0],"rotation":270,"texture":"#o0"},"down":{"uv":[2.0,3.0,1.0,2.0],"rotation":270,"texture":"#o0"}}},{"from":[7.74999,0.32125,8.56316],"to":[8.29999,0.76125,8.71716],"rotation":{"angle":-22.5,"axis":"y","origin":[7.64963,5.06425,7.9991]},"faces":{"east":{"uv":[2.0,3.0,1.0,2.0],"rotation":180,"texture":"#o0","cullface":"down"},"up":{"uv":[2.0,3.0,1.0,2.0],"rotation":270,"texture":"#o0"},"down":{"uv":[2.0,3.0,1.0,2.0],"rotation":270,"texture":"#o0"}}},{"from":[7.74999,-0.22875,8.56316],"to":[8.29999,0.21125,8.71716],"rotation":{"angle":-22.5,"axis":"y","origin":[7.64963,5.06425,7.9991]},"faces":{"east":{"uv":[2.0,3.0,1.0,2.0],"rotation":180,"texture":"#o0","cullface":"down"},"up":{"uv":[2.0,3.0,1.0,2.0],"rotation":270,"texture":"#o0"},"down":{"uv":[2.0,3.0,1.0,2.0],"rotation":270,"texture":"#o0"}}},{"from":[7.74999,-0.77875,8.56316],"to":[8.29999,-0.33875,8.71716],"rotation":{"angle":-22.5,"axis":"y","origin":[7.64963,5.06425,7.9991]},"faces":{"east":{"uv":[2.0,3.0,1.0,2.0],"rotation":180,"texture":"#o0","cullface":"down"},"up":{"uv":[2.0,3.0,1.0,2.0],"rotation":270,"texture":"#o0"},"down":{"uv":[2.0,3.0,1.0,2.0],"rotation":270,"texture":"#o0"}}},{"from":[7.74999,-1.32875,8.56316],"to":[8.29999,-0.88875,8.71716],"rotation":{"angle":-22.5,"axis":"y","origin":[7.64963,5.06425,7.9991]},"faces":{"east":{"uv":[2.0,3.0,1.0,2.0],"rotation":180,"texture":"#o0","cullface":"down"},"up":{"uv":[2.0,3.0,1.0,2.0],"rotation":270,"texture":"#o0"},"down":{"uv":[2.0,3.0,1.0,2.0],"rotation":270,"texture":"#o0"}}},{"from":[7.74999,-1.87875,8.56316],"to":[8.29999,-1.43875,8.71716],"rotation":{"angle":-22.5,"axis":"y","origin":[7.64963,5.06425,7.9991]},"faces":{"east":{"uv":[2.0,3.0,1.0,2.0],"rotation":180,"texture":"#o0","cullface":"down"},"up":{"uv":[2.0,3.0,1.0,2.0],"rotation":270,"texture":"#o0"},"down":{"uv":[2.0,3.0,1.0,2.0],"rotation":270,"texture":"#o0"}}},{"from":[7.74999,-2.42875,8.56316],"to":[8.29999,-1.98875,8.71716],"rotation":{"angle":-22.5,"axis":"y","origin":[7.64963,5.06425,7.9991]},"faces":{"east":{"uv":[2.0,3.0,1.0,2.0],"rotation":180,"texture":"#o0","cullface":"down"},"up":{"uv":[2.0,3.0,1.0,2.0],"rotation":270,"texture":"#o0"},"down":{"uv":[2.0,3.0,1.0,2.0],"rotation":270,"texture":"#o0"}}},{"from":[6.77399,2.52125,7.43059],"to":[7.32399,2.96125,7.58459],"rotation":{"angle":-45.0,"axis":"y","origin":[7.64963,5.06425,7.9991]},"faces":{"west":{"uv":[2.0,2.0,3.0,3.0],"texture":"#o0"},"up":{"uv":[2.0,2.0,3.0,3.0],"rotation":270,"texture":"#o0"},"down":{"uv":[2.0,2.0,3.0,3.0],"rotation":270,"texture":"#o0"}}},{"from":[6.77399,1.97125,7.43059],"to":[7.32399,2.41125,7.58459],"rotation":{"angle":-45.0,"axis":"y","origin":[7.64963,5.06425,7.9991]},"faces":{"west":{"uv":[2.0,2.0,3.0,3.0],"texture":"#o0"},"up":{"uv":[2.0,2.0,3.0,3.0],"rotation":270,"texture":"#o0"},"down":{"uv":[2.0,2.0,3.0,3.0],"rotation":270,"texture":"#o0"}}},{"from":[6.77399,1.42125,7.43059],"to":[7.32399,1.86125,7.58459],"rotation":{"angle":-45.0,"axis":"y","origin":[7.64963,5.06425,7.9991]},"faces":{"west":{"uv":[2.0,2.0,3.0,3.0],"texture":"#o0"},"up":{"uv":[2.0,2.0,3.0,3.0],"rotation":270,"texture":"#o0"},"down":{"uv":[2.0,2.0,3.0,3.0],"rotation":270,"texture":"#o0"}}},{"from":[6.77399,0.87125,7.43059],"to":[7.32399,1.31125,7.58459],"rotation":{"angle":-45.0,"axis":"y","origin":[7.64963,5.06425,7.9991]},"faces":{"west":{"uv":[2.0,2.0,3.0,3.0],"texture":"#o0"},"up":{"uv":[2.0,2.0,3.0,3.0],"rotation":270,"texture":"#o0"},"down":{"uv":[2.0,2.0,3.0,3.0],"rotation":270,"texture":"#o0"}}},{"from":[6.77399,0.32125,7.43059],"to":[7.32399,0.76125,7.58459],"rotation":{"angle":-45.0,"axis":"y","origin":[7.64963,5.06425,7.9991]},"faces":{"west":{"uv":[2.0,2.0,3.0,3.0],"texture":"#o0"},"up":{"uv":[2.0,2.0,3.0,3.0],"rotation":270,"texture":"#o0"},"down":{"uv":[2.0,2.0,3.0,3.0],"rotation":270,"texture":"#o0"}}},{"from":[6.77399,-0.22875,7.43059],"to":[7.32399,0.21125,7.58459],"rotation":{"angle":-45.0,"axis":"y","origin":[7.64963,5.06425,7.9991]},"faces":{"west":{"uv":[2.0,2.0,3.0,3.0],"texture":"#o0"},"up":{"uv":[2.0,2.0,3.0,3.0],"rotation":270,"texture":"#o0"},"down":{"uv":[2.0,2.0,3.0,3.0],"rotation":270,"texture":"#o0"}}},{"from":[6.77399,-0.77875,7.43059],"to":[7.32399,-0.33875,7.58459],"rotation":{"angle":-45.0,"axis":"y","origin":[7.64963,5.06425,7.9991]},"faces":{"west":{"uv":[2.0,2.0,3.0,3.0],"texture":"#o0"},"up":{"uv":[2.0,2.0,3.0,3.0],"rotation":270,"texture":"#o0"},"down":{"uv":[2.0,2.0,3.0,3.0],"rotation":270,"texture":"#o0"}}},{"from":[6.77399,-1.32875,7.43059],"to":[7.32399,-0.88875,7.58459],"rotation":{"angle":-45.0,"axis":"y","origin":[7.64963,5.06425,7.9991]},"faces":{"west":{"uv":[2.0,2.0,3.0,3.0],"texture":"#o0"},"up":{"uv":[2.0,2.0,3.0,3.0],"rotation":270,"texture":"#o0"},"down":{"uv":[2.0,2.0,3.0,3.0],"rotation":270,"texture":"#o0"}}},{"from":[6.77399,-1.87875,7.43059],"to":[7.32399,-1.43875,7.58459],"rotation":{"angle":-45.0,"axis":"y","origin":[7.64963,5.06425,7.9991]},"faces":{"west":{"uv":[2.0,2.0,3.0,3.0],"texture":"#o0"},"up":{"uv":[2.0,2.0,3.0,3.0],"rotation":270,"texture":"#o0"},"down":{"uv":[2.0,2.0,3.0,3.0],"rotation":270,"texture":"#o0"}}},{"from":[6.77399,-2.42875,7.43059],"to":[7.32399,-1.98875,7.58459],"rotation":{"angle":-45.0,"axis":"y","origin":[7.64963,5.06425,7.9991]},"faces":{"west":{"uv":[2.0,2.0,3.0,3.0],"texture":"#o0"},"up":{"uv":[2.0,2.0,3.0,3.0],"rotation":270,"texture":"#o0"},"down":{"uv":[2.0,2.0,3.0,3.0],"rotation":270,"texture":"#o0"}}},{"from":[6.77399,2.52125,8.41362],"to":[7.32399,2.96125,8.56762],"rotation":{"angle":45.0,"axis":"y","origin":[7.64963,5.06425,7.9991]},"faces":{"west":{"uv":[2.0,2.0,1.0,3.0],"texture":"#o0"},"up":{"uv":[2.0,2.0,1.0,3.0],"rotation":270,"texture":"#o0"},"down":{"uv":[2.0,2.0,1.0,3.0],"rotation":270,"texture":"#o0"}}},{"from":[6.77399,1.97125,8.41362],"to":[7.32399,2.41125,8.56762],"rotation":{"angle":45.0,"axis":"y","origin":[7.64963,5.06425,7.9991]},"faces":{"west":{"uv":[2.0,2.0,1.0,3.0],"texture":"#o0"},"up":{"uv":[2.0,2.0,1.0,3.0],"rotation":270,"texture":"#o0"},"down":{"uv":[2.0,2.0,1.0,3.0],"rotation":270,"texture":"#o0"}}},{"from":[6.77399,1.42125,8.41362],"to":[7.32399,1.86125,8.56762],"rotation":{"angle":45.0,"axis":"y","origin":[7.64963,5.06425,7.9991]},"faces":{"west":{"uv":[2.0,2.0,1.0,3.0],"texture":"#o0"},"up":{"uv":[2.0,2.0,1.0,3.0],"rotation":270,"texture":"#o0"},"down":{"uv":[2.0,2.0,1.0,3.0],"rotation":270,"texture":"#o0"}}},{"from":[6.77399,0.87125,8.41362],"to":[7.32399,1.31125,8.56762],"rotation":{"angle":45.0,"axis":"y","origin":[7.64963,5.06425,7.9991]},"faces":{"west":{"uv":[2.0,2.0,1.0,3.0],"texture":"#o0"},"up":{"uv":[2.0,2.0,1.0,3.0],"rotation":270,"texture":"#o0"},"down":{"uv":[2.0,2.0,1.0,3.0],"rotation":270,"texture":"#o0"}}},{"from":[6.77399,0.32125,8.41362],"to":[7.32399,0.76125,8.56762],"rotation":{"angle":45.0,"axis":"y","origin":[7.64963,5.06425,7.9991]},"faces":{"west":{"uv":[2.0,2.0,1.0,3.0],"texture":"#o0"},"up":{"uv":[2.0,2.0,1.0,3.0],"rotation":270,"texture":"#o0"},"down":{"uv":[2.0,2.0,1.0,3.0],"rotation":270,"texture":"#o0"}}},{"from":[6.77399,-0.22875,8.41362],"to":[7.32399,0.21125,8.56762],"rotation":{"angle":45.0,"axis":"y","origin":[7.64963,5.06425,7.9991]},"faces":{"west":{"uv":[2.0,2.0,1.0,3.0],"texture":"#o0"},"up":{"uv":[2.0,2.0,1.0,3.0],"rotation":270,"texture":"#o0"},"down":{"uv":[2.0,2.0,1.0,3.0],"rotation":270,"texture":"#o0"}}},{"from":[6.77399,-0.77875,8.41362],"to":[7.32399,-0.33875,8.56762],"rotation":{"angle":45.0,"axis":"y","origin":[7.64963,5.06425,7.9991]},"faces":{"west":{"uv":[2.0,2.0,1.0,3.0],"texture":"#o0"},"up":{"uv":[2.0,2.0,1.0,3.0],"rotation":270,"texture":"#o0"},"down":{"uv":[2.0,2.0,1.0,3.0],"rotation":270,"texture":"#o0"}}},{"from":[6.77399,-1.32875,8.41362],"to":[7.32399,-0.88875,8.56762],"rotation":{"angle":45.0,"axis":"y","origin":[7.64963,5.06425,7.9991]},"faces":{"west":{"uv":[2.0,2.0,1.0,3.0],"texture":"#o0"},"up":{"uv":[2.0,2.0,1.0,3.0],"rotation":270,"texture":"#o0"},"down":{"uv":[2.0,2.0,1.0,3.0],"rotation":270,"texture":"#o0"}}},{"from":[6.77399,-1.87875,8.41362],"to":[7.32399,-1.43875,8.56762],"rotation":{"angle":45.0,"axis":"y","origin":[7.64963,5.06425,7.9991]},"faces":{"west":{"uv":[2.0,2.0,1.0,3.0],"texture":"#o0"},"up":{"uv":[2.0,2.0,1.0,3.0],"rotation":270,"texture":"#o0"},"down":{"uv":[2.0,2.0,1.0,3.0],"rotation":270,"texture":"#o0"}}},{"from":[6.77399,-2.42875,8.41362],"to":[7.32399,-1.98875,8.56762],"rotation":{"angle":45.0,"axis":"y","origin":[7.64963,5.06425,7.9991]},"faces":{"west":{"uv":[2.0,2.0,1.0,3.0],"texture":"#o0"},"up":{"uv":[2.0,2.0,1.0,3.0],"rotation":270,"texture":"#o0"},"down":{"uv":[2.0,2.0,1.0,3.0],"rotation":270,"texture":"#o0"}}},{"from":[7.97528,2.52125,7.43059],"to":[8.52528,2.96125,7.58459],"rotation":{"angle":45.0,"axis":"y","origin":[7.64963,5.06425,7.9991]},"faces":{"east":{"uv":[2.0,3.0,3.0,2.0],"rotation":180,"texture":"#o0","cullface":"down"},"up":{"uv":[2.0,3.0,3.0,2.0],"rotation":270,"texture":"#o0"},"down":{"uv":[2.0,3.0,3.0,2.0],"rotation":270,"texture":"#o0"}}},{"from":[7.97528,1.97125,7.43059],"to":[8.52528,2.41125,7.58459],"rotation":{"angle":45.0,"axis":"y","origin":[7.64963,5.06425,7.9991]},"faces":{"east":{"uv":[2.0,3.0,3.0,2.0],"rotation":180,"texture":"#o0","cullface":"down"},"up":{"uv":[2.0,3.0,3.0,2.0],"rotation":270,"texture":"#o0"},"down":{"uv":[2.0,3.0,3.0,2.0],"rotation":270,"texture":"#o0"}}},{"from":[7.97528,1.42125,7.43059],"to":[8.52528,1.86125,7.58459],"rotation":{"angle":45.0,"axis":"y","origin":[7.64963,5.06425,7.9991]},"faces":{"east":{"uv":[2.0,3.0,3.0,2.0],"rotation":180,"texture":"#o0","cullface":"down"},"up":{"uv":[2.0,3.0,3.0,2.0],"rotation":270,"texture":"#o0"},"down":{"uv":[2.0,3.0,3.0,2.0],"rotation":270,"texture":"#o0"}}},{"from":[7.97528,0.87125,7.43059],"to":[8.52528,1.31125,7.58459],"rotation":{"angle":45.0,"axis":"y","origin":[7.64963,5.06425,7.9991]},"faces":{"east":{"uv":[2.0,3.0,3.0,2.0],"rotation":180,"texture":"#o0","cullface":"down"},"up":{"uv":[2.0,3.0,3.0,2.0],"rotation":270,"texture":"#o0"},"down":{"uv":[2.0,3.0,3.0,2.0],"rotation":270,"texture":"#o0"}}},{"from":[7.97528,0.32125,7.43059],"to":[8.52528,0.76125,7.58459],"rotation":{"angle":45.0,"axis":"y","origin":[7.64963,5.06425,7.9991]},"faces":{"east":{"uv":[2.0,3.0,3.0,2.0],"rotation":180,"texture":"#o0","cullface":"down"},"up":{"uv":[2.0,3.0,3.0,2.0],"rotation":270,"texture":"#o0"},"down":{"uv":[2.0,3.0,3.0,2.0],"rotation":270,"texture":"#o0"}}},{"from":[7.97528,-0.22875,7.43059],"to":[8.52528,0.21125,7.58459],"rotation":{"angle":45.0,"axis":"y","origin":[7.64963,5.06425,7.9991]},"faces":{"east":{"uv":[2.0,3.0,3.0,2.0],"rotation":180,"texture":"#o0","cullface":"down"},"up":{"uv":[2.0,3.0,3.0,2.0],"rotation":270,"texture":"#o0"},"down":{"uv":[2.0,3.0,3.0,2.0],"rotation":270,"texture":"#o0"}}},{"from":[7.97528,-0.77875,7.43059],"to":[8.52528,-0.33875,7.58459],"rotation":{"angle":45.0,"axis":"y","origin":[7.64963,5.06425,7.9991]},"faces":{"east":{"uv":[2.0,3.0,3.0,2.0],"rotation":180,"texture":"#o0","cullface":"down"},"up":{"uv":[2.0,3.0,3.0,2.0],"rotation":270,"texture":"#o0"},"down":{"uv":[2.0,3.0,3.0,2.0],"rotation":270,"texture":"#o0"}}},{"from":[7.97528,-1.32875,7.43059],"to":[8.52528,-0.88875,7.58459],"rotation":{"angle":45.0,"axis":"y","origin":[7.64963,5.06425,7.9991]},"faces":{"east":{"uv":[2.0,3.0,3.0,2.0],"rotation":180,"texture":"#o0","cullface":"down"},"up":{"uv":[2.0,3.0,3.0,2.0],"rotation":270,"texture":"#o0"},"down":{"uv":[2.0,3.0,3.0,2.0],"rotation":270,"texture":"#o0"}}},{"from":[7.97528,-1.87875,7.43059],"to":[8.52528,-1.43875,7.58459],"rotation":{"angle":45.0,"axis":"y","origin":[7.64963,5.06425,7.9991]},"faces":{"east":{"uv":[2.0,3.0,3.0,2.0],"rotation":180,"texture":"#o0","cullface":"down"},"up":{"uv":[2.0,3.0,3.0,2.0],"rotation":270,"texture":"#o0"},"down":{"uv":[2.0,3.0,3.0,2.0],"rotation":270,"texture":"#o0"}}},{"from":[7.97528,-2.42875,7.43059],"to":[8.52528,-1.98875,7.58459],"rotation":{"angle":45.0,"axis":"y","origin":[7.64963,5.06425,7.9991]},"faces":{"east":{"uv":[2.0,3.0,3.0,2.0],"rotation":180,"texture":"#o0","cullface":"down"},"up":{"uv":[2.0,3.0,3.0,2.0],"rotation":270,"texture":"#o0"},"down":{"uv":[2.0,3.0,3.0,2.0],"rotation":270,"texture":"#o0"}}},{"from":[7.97528,2.52125,8.41362],"to":[8.52528,2.96125,8.56762],"rotation":{"angle":-45.0,"axis":"y","origin":[7.64963,5.06425,7.9991]},"faces":{"east":{"uv":[2.0,3.0,1.0,2.0],"rotation":180,"texture":"#o0","cullface":"down"},"up":{"uv":[2.0,3.0,1.0,2.0],"rotation":270,"texture":"#o0"},"down":{"uv":[2.0,3.0,1.0,2.0],"rotation":270,"texture":"#o0"}}},{"from":[7.97528,1.97125,8.41362],"to":[8.52528,2.41125,8.56762],"rotation":{"angle":-45.0,"axis":"y","origin":[7.64963,5.06425,7.9991]},"faces":{"east":{"uv":[2.0,3.0,1.0,2.0],"rotation":180,"texture":"#o0","cullface":"down"},"up":{"uv":[2.0,3.0,1.0,2.0],"rotation":270,"texture":"#o0"},"down":{"uv":[2.0,3.0,1.0,2.0],"rotation":270,"texture":"#o0"}}},{"from":[7.97528,1.42125,8.41362],"to":[8.52528,1.86125,8.56762],"rotation":{"angle":-45.0,"axis":"y","origin":[7.64963,5.06425,7.9991]},"faces":{"east":{"uv":[2.0,3.0,1.0,2.0],"rotation":180,"texture":"#o0","cullface":"down"},"up":{"uv":[2.0,3.0,1.0,2.0],"rotation":270,"texture":"#o0"},"down":{"uv":[2.0,3.0,1.0,2.0],"rotation":270,"texture":"#o0"}}},{"from":[7.97528,0.87125,8.41362],"to":[8.52528,1.31125,8.56762],"rotation":{"angle":-45.0,"axis":"y","origin":[7.64963,5.06425,7.9991]},"faces":{"east":{"uv":[2.0,3.0,1.0,2.0],"rotation":180,"texture":"#o0","cullface":"down"},"up":{"uv":[2.0,3.0,1.0,2.0],"rotation":270,"texture":"#o0"},"down":{"uv":[2.0,3.0,1.0,2.0],"rotation":270,"texture":"#o0"}}},{"from":[7.97528,0.32125,8.41362],"to":[8.52528,0.76125,8.56762],"rotation":{"angle":-45.0,"axis":"y","origin":[7.64963,5.06425,7.9991]},"faces":{"east":{"uv":[2.0,3.0,1.0,2.0],"rotation":180,"texture":"#o0","cullface":"down"},"up":{"uv":[2.0,3.0,1.0,2.0],"rotation":270,"texture":"#o0"},"down":{"uv":[2.0,3.0,1.0,2.0],"rotation":270,"texture":"#o0"}}},{"from":[7.97528,-0.22875,8.41362],"to":[8.52528,0.21125,8.56762],"rotation":{"angle":-45.0,"axis":"y","origin":[7.64963,5.06425,7.9991]},"faces":{"east":{"uv":[2.0,3.0,1.0,2.0],"rotation":180,"texture":"#o0","cullface":"down"},"up":{"uv":[2.0,3.0,1.0,2.0],"rotation":270,"texture":"#o0"},"down":{"uv":[2.0,3.0,1.0,2.0],"rotation":270,"texture":"#o0"}}},{"from":[7.97528,-0.77875,8.41362],"to":[8.52528,-0.33875,8.56762],"rotation":{"angle":-45.0,"axis":"y","origin":[7.64963,5.06425,7.9991]},"faces":{"east":{"uv":[2.0,3.0,1.0,2.0],"rotation":180,"texture":"#o0","cullface":"down"},"up":{"uv":[2.0,3.0,1.0,2.0],"rotation":270,"texture":"#o0"},"down":{"uv":[2.0,3.0,1.0,2.0],"rotation":270,"texture":"#o0"}}},{"from":[7.97528,-1.32875,8.41362],"to":[8.52528,-0.88875,8.56762],"rotation":{"angle":-45.0,"axis":"y","origin":[7.64963,5.06425,7.9991]},"faces":{"east":{"uv":[2.0,3.0,1.0,2.0],"rotation":180,"texture":"#o0","cullface":"down"},"up":{"uv":[2.0,3.0,1.0,2.0],"rotation":270,"texture":"#o0"},"down":{"uv":[2.0,3.0,1.0,2.0],"rotation":270,"texture":"#o0"}}},{"from":[7.97528,-1.87875,8.41362],"to":[8.52528,-1.43875,8.56762],"rotation":{"angle":-45.0,"axis":"y","origin":[7.64963,5.06425,7.9991]},"faces":{"east":{"uv":[2.0,3.0,1.0,2.0],"rotation":180,"texture":"#o0","cullface":"down"},"up":{"uv":[2.0,3.0,1.0,2.0],"rotation":270,"texture":"#o0"},"down":{"uv":[2.0,3.0,1.0,2.0],"rotation":270,"texture":"#o0"}}},{"from":[7.97528,-2.42875,8.41362],"to":[8.52528,-1.98875,8.56762],"rotation":{"angle":-45.0,"axis":"y","origin":[7.64963,5.06425,7.9991]},"faces":{"east":{"uv":[2.0,3.0,1.0,2.0],"rotation":180,"texture":"#o0","cullface":"down"},"up":{"uv":[2.0,3.0,1.0,2.0],"rotation":270,"texture":"#o0"},"down":{"uv":[2.0,3.0,1.0,2.0],"rotation":270,"texture":"#o0"}}},{"from":[7.83978,2.52125,6.97255],"to":[7.99378,2.96125,7.52255],"rotation":{"angle":22.5,"axis":"y","origin":[7.64963,5.06425,7.9991]},"faces":{"north":{"uv":[1.0,2.0,2.0,3.0],"texture":"#o0"},"up":{"uv":[1.0,2.0,2.0,3.0],"rotation":270,"texture":"#o0"},"down":{"uv":[1.0,2.0,2.0,3.0],"rotation":270,"texture":"#o0"}}},{"from":[7.83978,1.97125,6.97255],"to":[7.99378,2.41125,7.52255],"rotation":{"angle":22.5,"axis":"y","origin":[7.64963,5.06425,7.9991]},"faces":{"north":{"uv":[1.0,2.0,2.0,3.0],"texture":"#o0"},"up":{"uv":[1.0,2.0,2.0,3.0],"rotation":270,"texture":"#o0"},"down":{"uv":[1.0,2.0,2.0,3.0],"rotation":270,"texture":"#o0"}}},{"from":[7.83978,1.42125,6.97255],"to":[7.99378,1.86125,7.52255],"rotation":{"angle":22.5,"axis":"y","origin":[7.64963,5.06425,7.9991]},"faces":{"north":{"uv":[1.0,2.0,2.0,3.0],"texture":"#o0"},"up":{"uv":[1.0,2.0,2.0,3.0],"rotation":270,"texture":"#o0"},"down":{"uv":[1.0,2.0,2.0,3.0],"rotation":270,"texture":"#o0"}}},{"from":[7.83978,0.87125,6.97255],"to":[7.99378,1.31125,7.52255],"rotation":{"angle":22.5,"axis":"y","origin":[7.64963,5.06425,7.9991]},"faces":{"north":{"uv":[1.0,2.0,2.0,3.0],"texture":"#o0"},"up":{"uv":[1.0,2.0,2.0,3.0],"rotation":270,"texture":"#o0"},"down":{"uv":[1.0,2.0,2.0,3.0],"rotation":270,"texture":"#o0"}}},{"from":[7.83978,0.32125,6.97255],"to":[7.99378,0.76125,7.52255],"rotation":{"angle":22.5,"axis":"y","origin":[7.64963,5.06425,7.9991]},"faces":{"north":{"uv":[1.0,2.0,2.0,3.0],"texture":"#o0"},"up":{"uv":[1.0,2.0,2.0,3.0],"rotation":270,"texture":"#o0"},"down":{"uv":[1.0,2.0,2.0,3.0],"rotation":270,"texture":"#o0"}}},{"from":[7.83978,-0.22875,6.97255],"to":[7.99378,0.21125,7.52255],"rotation":{"angle":22.5,"axis":"y","origin":[7.64963,5.06425,7.9991]},"faces":{"north":{"uv":[1.0,2.0,2.0,3.0],"texture":"#o0"},"up":{"uv":[1.0,2.0,2.0,3.0],"rotation":270,"texture":"#o0"},"down":{"uv":[1.0,2.0,2.0,3.0],"rotation":270,"texture":"#o0"}}},{"from":[7.83978,-0.77875,6.97255],"to":[7.99378,-0.33875,7.52255],"rotation":{"angle":22.5,"axis":"y","origin":[7.64963,5.06425,7.9991]},"faces":{"north":{"uv":[1.0,2.0,2.0,3.0],"texture":"#o0"},"up":{"uv":[1.0,2.0,2.0,3.0],"rotation":270,"texture":"#o0"},"down":{"uv":[1.0,2.0,2.0,3.0],"rotation":270,"texture":"#o0"}}},{"from":[7.83978,-1.32875,6.97255],"to":[7.99378,-0.88875,7.52255],"rotation":{"angle":22.5,"axis":"y","origin":[7.64963,5.06425,7.9991]},"faces":{"north":{"uv":[1.0,2.0,2.0,3.0],"texture":"#o0"},"up":{"uv":[1.0,2.0,2.0,3.0],"rotation":270,"texture":"#o0"},"down":{"uv":[1.0,2.0,2.0,3.0],"rotation":270,"texture":"#o0"}}},{"from":[7.83978,-1.87875,6.97255],"to":[7.99378,-1.43875,7.52255],"rotation":{"angle":22.5,"axis":"y","origin":[7.64963,5.06425,7.9991]},"faces":{"north":{"uv":[1.0,2.0,2.0,3.0],"texture":"#o0"},"up":{"uv":[1.0,2.0,2.0,3.0],"rotation":270,"texture":"#o0"},"down":{"uv":[1.0,2.0,2.0,3.0],"rotation":270,"texture":"#o0"}}},{"from":[7.83978,-2.42875,6.97255],"to":[7.99378,-1.98875,7.52255],"rotation":{"angle":22.5,"axis":"y","origin":[7.64963,5.06425,7.9991]},"faces":{"north":{"uv":[1.0,2.0,2.0,3.0],"texture":"#o0"},"up":{"uv":[1.0,2.0,2.0,3.0],"rotation":270,"texture":"#o0"},"down":{"uv":[1.0,2.0,2.0,3.0],"rotation":270,"texture":"#o0"}}},{"from":[7.83978,2.52125,8.47566],"to":[7.99378,2.96125,9.02566],"rotation":{"angle":-22.5,"axis":"y","origin":[7.64963,5.06425,7.9991]},"faces":{"south":{"uv":[1.0,2.0,2.0,1.0],"rotation":180,"texture":"#o0"},"up":{"uv":[1.0,2.0,2.0,1.0],"rotation":270,"texture":"#o0"},"down":{"uv":[1.0,2.0,2.0,1.0],"rotation":270,"texture":"#o0"}}},{"from":[7.83978,1.97125,8.47566],"to":[7.99378,2.41125,9.02566],"rotation":{"angle":-22.5,"axis":"y","origin":[7.64963,5.06425,7.9991]},"faces":{"south":{"uv":[1.0,2.0,2.0,1.0],"rotation":180,"texture":"#o0"},"up":{"uv":[1.0,2.0,2.0,1.0],"rotation":270,"texture":"#o0"},"down":{"uv":[1.0,2.0,2.0,1.0],"rotation":270,"texture":"#o0"}}},{"from":[7.83978,1.42125,8.47566],"to":[7.99378,1.86125,9.02566],"rotation":{"angle":-22.5,"axis":"y","origin":[7.64963,5.06425,7.9991]},"faces":{"south":{"uv":[1.0,2.0,2.0,1.0],"rotation":180,"texture":"#o0"},"up":{"uv":[1.0,2.0,2.0,1.0],"rotation":270,"texture":"#o0"},"down":{"uv":[1.0,2.0,2.0,1.0],"rotation":270,"texture":"#o0"}}},{"from":[7.83978,0.87125,8.47566],"to":[7.99378,1.31125,9.02566],"rotation":{"angle":-22.5,"axis":"y","origin":[7.64963,5.06425,7.9991]},"faces":{"south":{"uv":[1.0,2.0,2.0,1.0],"rotation":180,"texture":"#o0"},"up":{"uv":[1.0,2.0,2.0,1.0],"rotation":270,"texture":"#o0"},"down":{"uv":[1.0,2.0,2.0,1.0],"rotation":270,"texture":"#o0"}}},{"from":[7.83978,0.32125,8.47566],"to":[7.99378,0.76125,9.02566],"rotation":{"angle":-22.5,"axis":"y","origin":[7.64963,5.06425,7.9991]},"faces":{"south":{"uv":[1.0,2.0,2.0,1.0],"rotation":180,"texture":"#o0"},"up":{"uv":[1.0,2.0,2.0,1.0],"rotation":270,"texture":"#o0"},"down":{"uv":[1.0,2.0,2.0,1.0],"rotation":270,"texture":"#o0"}}},{"from":[7.83978,-0.22875,8.47566],"to":[7.99378,0.21125,9.02566],"rotation":{"angle":-22.5,"axis":"y","origin":[7.64963,5.06425,7.9991]},"faces":{"south":{"uv":[1.0,2.0,2.0,1.0],"rotation":180,"texture":"#o0"},"up":{"uv":[1.0,2.0,2.0,1.0],"rotation":270,"texture":"#o0"},"down":{"uv":[1.0,2.0,2.0,1.0],"rotation":270,"texture":"#o0"}}},{"from":[7.83978,-0.77875,8.47566],"to":[7.99378,-0.33875,9.02566],"rotation":{"angle":-22.5,"axis":"y","origin":[7.64963,5.06425,7.9991]},"faces":{"south":{"uv":[1.0,2.0,2.0,1.0],"rotation":180,"texture":"#o0"},"up":{"uv":[1.0,2.0,2.0,1.0],"rotation":270,"texture":"#o0"},"down":{"uv":[1.0,2.0,2.0,1.0],"rotation":270,"texture":"#o0"}}},{"from":[7.83978,-1.32875,8.47566],"to":[7.99378,-0.88875,9.02566],"rotation":{"angle":-22.5,"axis":"y","origin":[7.64963,5.06425,7.9991]},"faces":{"south":{"uv":[1.0,2.0,2.0,1.0],"rotation":180,"texture":"#o0"},"up":{"uv":[1.0,2.0,2.0,1.0],"rotation":270,"texture":"#o0"},"down":{"uv":[1.0,2.0,2.0,1.0],"rotation":270,"texture":"#o0"}}},{"from":[7.83978,-1.87875,8.47566],"to":[7.99378,-1.43875,9.02566],"rotation":{"angle":-22.5,"axis":"y","origin":[7.64963,5.06425,7.9991]},"faces":{"south":{"uv":[1.0,2.0,2.0,1.0],"rotation":180,"texture":"#o0"},"up":{"uv":[1.0,2.0,2.0,1.0],"rotation":270,"texture":"#o0"},"down":{"uv":[1.0,2.0,2.0,1.0],"rotation":270,"texture":"#o0"}}},{"from":[7.83978,-2.42875,8.47566],"to":[7.99378,-1.98875,9.02566],"rotation":{"angle":-22.5,"axis":"y","origin":[7.64963,5.06425,7.9991]},"faces":{"south":{"uv":[1.0,2.0,2.0,1.0],"rotation":180,"texture":"#o0"},"up":{"uv":[1.0,2.0,2.0,1.0],"rotation":270,"texture":"#o0"},"down":{"uv":[1.0,2.0,2.0,1.0],"rotation":270,"texture":"#o0"}}},{"from":[7.30549,2.52125,6.97255],"to":[7.45949,2.96125,7.52255],"rotation":{"angle":-22.5,"axis":"y","origin":[7.64963,5.06425,7.9991]},"faces":{"north":{"uv":[3.0,2.0,2.0,3.0],"texture":"#o0"},"up":{"uv":[3.0,2.0,2.0,3.0],"rotation":270,"texture":"#o0"},"down":{"uv":[3.0,2.0,2.0,3.0],"rotation":270,"texture":"#o0"}}},{"from":[7.30549,1.97125,6.97255],"to":[7.45949,2.41125,7.52255],"rotation":{"angle":-22.5,"axis":"y","origin":[7.64963,5.06425,7.9991]},"faces":{"north":{"uv":[3.0,2.0,2.0,3.0],"texture":"#o0"},"up":{"uv":[3.0,2.0,2.0,3.0],"rotation":270,"texture":"#o0"},"down":{"uv":[3.0,2.0,2.0,3.0],"rotation":270,"texture":"#o0"}}},{"from":[7.30549,1.42125,6.97255],"to":[7.45949,1.86125,7.52255],"rotation":{"angle":-22.5,"axis":"y","origin":[7.64963,5.06425,7.9991]},"faces":{"north":{"uv":[3.0,2.0,2.0,3.0],"texture":"#o0"},"up":{"uv":[3.0,2.0,2.0,3.0],"rotation":270,"texture":"#o0"},"down":{"uv":[3.0,2.0,2.0,3.0],"rotation":270,"texture":"#o0"}}},{"from":[7.30549,0.87125,6.97255],"to":[7.45949,1.31125,7.52255],"rotation":{"angle":-22.5,"axis":"y","origin":[7.64963,5.06425,7.9991]},"faces":{"north":{"uv":[3.0,2.0,2.0,3.0],"texture":"#o0"},"up":{"uv":[3.0,2.0,2.0,3.0],"rotation":270,"texture":"#o0"},"down":{"uv":[3.0,2.0,2.0,3.0],"rotation":270,"texture":"#o0"}}},{"from":[7.30549,0.32125,6.97255],"to":[7.45949,0.76125,7.52255],"rotation":{"angle":-22.5,"axis":"y","origin":[7.64963,5.06425,7.9991]},"faces":{"north":{"uv":[3.0,2.0,2.0,3.0],"texture":"#o0"},"up":{"uv":[3.0,2.0,2.0,3.0],"rotation":270,"texture":"#o0"},"down":{"uv":[3.0,2.0,2.0,3.0],"rotation":270,"texture":"#o0"}}},{"from":[7.30549,-0.22875,6.97255],"to":[7.45949,0.21125,7.52255],"rotation":{"angle":-22.5,"axis":"y","origin":[7.64963,5.06425,7.9991]},"faces":{"north":{"uv":[3.0,2.0,2.0,3.0],"texture":"#o0"},"up":{"uv":[3.0,2.0,2.0,3.0],"rotation":270,"texture":"#o0"},"down":{"uv":[3.0,2.0,2.0,3.0],"rotation":270,"texture":"#o0"}}},{"from":[7.30549,-0.77875,6.97255],"to":[7.45949,-0.33875,7.52255],"rotation":{"angle":-22.5,"axis":"y","origin":[7.64963,5.06425,7.9991]},"faces":{"north":{"uv":[3.0,2.0,2.0,3.0],"texture":"#o0"},"up":{"uv":[3.0,2.0,2.0,3.0],"rotation":270,"texture":"#o0"},"down":{"uv":[3.0,2.0,2.0,3.0],"rotation":270,"texture":"#o0"}}},{"from":[7.30549,-1.32875,6.97255],"to":[7.45949,-0.88875,7.52255],"rotation":{"angle":-22.5,"axis":"y","origin":[7.64963,5.06425,7.9991]},"faces":{"north":{"uv":[3.0,2.0,2.0,3.0],"texture":"#o0"},"up":{"uv":[3.0,2.0,2.0,3.0],"rotation":270,"texture":"#o0"},"down":{"uv":[3.0,2.0,2.0,3.0],"rotation":270,"texture":"#o0"}}},{"from":[7.30549,-1.87875,6.97255],"to":[7.45949,-1.43875,7.52255],"rotation":{"angle":-22.5,"axis":"y","origin":[7.64963,5.06425,7.9991]},"faces":{"north":{"uv":[3.0,2.0,2.0,3.0],"texture":"#o0"},"up":{"uv":[3.0,2.0,2.0,3.0],"rotation":270,"texture":"#o0"},"down":{"uv":[3.0,2.0,2.0,3.0],"rotation":270,"texture":"#o0"}}},{"from":[7.30549,-2.42875,6.97255],"to":[7.45949,-1.98875,7.52255],"rotation":{"angle":-22.5,"axis":"y","origin":[7.64963,5.06425,7.9991]},"faces":{"north":{"uv":[3.0,2.0,2.0,3.0],"texture":"#o0"},"up":{"uv":[3.0,2.0,2.0,3.0],"rotation":270,"texture":"#o0"},"down":{"uv":[3.0,2.0,2.0,3.0],"rotation":270,"texture":"#o0"}}},{"from":[7.57474,2.52125,6.919],"to":[7.72453,2.96125,9.0792],"rotation":{"angle":0.0,"axis":"z","origin":[7.64963,5.06425,7.9991]},"faces":{"north":{"uv":[3.0,2.0,2.0,3.0],"texture":"#o0"},"south":{"uv":[3.0,2.0,2.0,3.0],"rotation":180,"texture":"#o0"},"down":{"uv":[3.0,2.0,2.0,3.0],"rotation":270,"texture":"#o0"}}},{"from":[7.57474,1.97125,6.919],"to":[7.72453,2.41125,9.0792],"rotation":{"angle":0.0,"axis":"z","origin":[7.64963,5.06425,7.9991]},"faces":{"north":{"uv":[3.0,2.0,2.0,3.0],"texture":"#o0"},"south":{"uv":[3.0,2.0,2.0,3.0],"rotation":180,"texture":"#o0"},"up":{"uv":[3.0,2.0,2.0,3.0],"rotation":270,"texture":"#o0"},"down":{"uv":[3.0,2.0,2.0,3.0],"rotation":270,"texture":"#o0"}}},{"from":[7.57474,1.42125,6.919],"to":[7.72453,1.86125,9.0792],"rotation":{"angle":0.0,"axis":"z","origin":[7.64963,5.06425,7.9991]},"faces":{"north":{"uv":[3.0,2.0,2.0,3.0],"texture":"#o0"},"south":{"uv":[3.0,2.0,2.0,3.0],"rotation":180,"texture":"#o0"},"up":{"uv":[3.0,2.0,2.0,3.0],"rotation":270,"texture":"#o0"},"down":{"uv":[3.0,2.0,2.0,3.0],"rotation":270,"texture":"#o0"}}},{"from":[7.57474,0.87125,6.919],"to":[7.72453,1.31125,9.0792],"rotation":{"angle":0.0,"axis":"z","origin":[7.64963,5.06425,7.9991]},"faces":{"north":{"uv":[3.0,2.0,2.0,3.0],"texture":"#o0"},"south":{"uv":[3.0,2.0,2.0,3.0],"rotation":180,"texture":"#o0"},"up":{"uv":[3.0,2.0,2.0,3.0],"rotation":270,"texture":"#o0"},"down":{"uv":[3.0,2.0,2.0,3.0],"rotation":270,"texture":"#o0"}}},{"from":[7.57474,0.32125,6.919],"to":[7.72453,0.76125,9.0792],"rotation":{"angle":0.0,"axis":"z","origin":[7.64963,5.06425,7.9991]},"faces":{"north":{"uv":[3.0,2.0,2.0,3.0],"texture":"#o0"},"south":{"uv":[3.0,2.0,2.0,3.0],"rotation":180,"texture":"#o0"},"up":{"uv":[3.0,2.0,2.0,3.0],"rotation":270,"texture":"#o0"},"down":{"uv":[3.0,2.0,2.0,3.0],"rotation":270,"texture":"#o0"}}},{"from":[7.57474,-0.22875,6.919],"to":[7.72453,0.21125,9.0792],"rotation":{"angle":0.0,"axis":"z","origin":[7.64963,5.06425,7.9991]},"faces":{"north":{"uv":[3.0,2.0,2.0,3.0],"texture":"#o0"},"south":{"uv":[3.0,2.0,2.0,3.0],"rotation":180,"texture":"#o0"},"up":{"uv":[3.0,2.0,2.0,3.0],"rotation":270,"texture":"#o0"},"down":{"uv":[3.0,2.0,2.0,3.0],"rotation":270,"texture":"#o0"}}},{"from":[7.57474,-0.77875,6.919],"to":[7.72453,-0.33875,9.0792],"rotation":{"angle":0.0,"axis":"z","origin":[7.64963,5.06425,7.9991]},"faces":{"north":{"uv":[3.0,2.0,2.0,3.0],"texture":"#o0"},"south":{"uv":[3.0,2.0,2.0,3.0],"rotation":180,"texture":"#o0"},"up":{"uv":[3.0,2.0,2.0,3.0],"rotation":270,"texture":"#o0"},"down":{"uv":[3.0,2.0,2.0,3.0],"rotation":270,"texture":"#o0"}}},{"from":[7.57474,-1.32875,6.919],"to":[7.72453,-0.88875,9.0792],"rotation":{"angle":0.0,"axis":"z","origin":[7.64963,5.06425,7.9991]},"faces":{"north":{"uv":[3.0,2.0,2.0,3.0],"texture":"#o0"},"south":{"uv":[3.0,2.0,2.0,3.0],"rotation":180,"texture":"#o0"},"up":{"uv":[3.0,2.0,2.0,3.0],"rotation":270,"texture":"#o0"},"down":{"uv":[3.0,2.0,2.0,3.0],"rotation":270,"texture":"#o0"}}},{"from":[7.57474,-1.87875,6.919],"to":[7.72453,-1.43875,9.0792],"rotation":{"angle":0.0,"axis":"z","origin":[7.64963,5.06425,7.9991]},"faces":{"north":{"uv":[3.0,2.0,2.0,3.0],"texture":"#o0"},"south":{"uv":[3.0,2.0,2.0,3.0],"rotation":180,"texture":"#o0"},"up":{"uv":[3.0,2.0,2.0,3.0],"rotation":270,"texture":"#o0"},"down":{"uv":[3.0,2.0,2.0,3.0],"rotation":270,"texture":"#o0"}}},{"from":[7.57474,-2.42875,6.919],"to":[7.72453,-1.98875,9.0792],"rotation":{"angle":0.0,"axis":"z","origin":[7.64963,5.06425,7.9991]},"faces":{"north":{"uv":[3.0,2.0,2.0,3.0],"texture":"#o0"},"south":{"uv":[3.0,2.0,2.0,3.0],"rotation":180,"texture":"#o0"},"up":{"uv":[3.0,2.0,2.0,3.0],"rotation":270,"texture":"#o0"},"down":{"uv":[3.0,2.0,2.0,3.0],"rotation":270,"texture":"#o0"}}},{"from":[7.30549,2.52125,8.47566],"to":[7.45949,2.96125,9.02566],"rotation":{"angle":22.5,"axis":"y","origin":[7.64963,5.06425,7.9991]},"faces":{"south":{"uv":[3.0,2.0,2.0,1.0],"rotation":180,"texture":"#o0"},"up":{"uv":[3.0,2.0,2.0,1.0],"rotation":270,"texture":"#o0"},"down":{"uv":[3.0,2.0,2.0,1.0],"rotation":270,"texture":"#o0"}}},{"from":[7.30549,1.97125,8.47566],"to":[7.45949,2.41125,9.02566],"rotation":{"angle":22.5,"axis":"y","origin":[7.64963,5.06425,7.9991]},"faces":{"south":{"uv":[3.0,2.0,2.0,1.0],"rotation":180,"texture":"#o0"},"up":{"uv":[3.0,2.0,2.0,1.0],"rotation":270,"texture":"#o0"},"down":{"uv":[3.0,2.0,2.0,1.0],"rotation":270,"texture":"#o0"}}},{"from":[7.30549,1.42125,8.47566],"to":[7.45949,1.86125,9.02566],"rotation":{"angle":22.5,"axis":"y","origin":[7.64963,5.06425,7.9991]},"faces":{"south":{"uv":[3.0,2.0,2.0,1.0],"rotation":180,"texture":"#o0"},"up":{"uv":[3.0,2.0,2.0,1.0],"rotation":270,"texture":"#o0"},"down":{"uv":[3.0,2.0,2.0,1.0],"rotation":270,"texture":"#o0"}}},{"from":[7.30549,0.87125,8.47566],"to":[7.45949,1.31125,9.02566],"rotation":{"angle":22.5,"axis":"y","origin":[7.64963,5.06425,7.9991]},"faces":{"south":{"uv":[3.0,2.0,2.0,1.0],"rotation":180,"texture":"#o0"},"up":{"uv":[3.0,2.0,2.0,1.0],"rotation":270,"texture":"#o0"},"down":{"uv":[3.0,2.0,2.0,1.0],"rotation":270,"texture":"#o0"}}},{"from":[7.30549,0.32125,8.47566],"to":[7.45949,0.76125,9.02566],"rotation":{"angle":22.5,"axis":"y","origin":[7.64963,5.06425,7.9991]},"faces":{"south":{"uv":[3.0,2.0,2.0,1.0],"rotation":180,"texture":"#o0"},"up":{"uv":[3.0,2.0,2.0,1.0],"rotation":270,"texture":"#o0"},"down":{"uv":[3.0,2.0,2.0,1.0],"rotation":270,"texture":"#o0"}}},{"from":[7.30549,-0.22875,8.47566],"to":[7.45949,0.21125,9.02566],"rotation":{"angle":22.5,"axis":"y","origin":[7.64963,5.06425,7.9991]},"faces":{"south":{"uv":[3.0,2.0,2.0,1.0],"rotation":180,"texture":"#o0"},"up":{"uv":[3.0,2.0,2.0,1.0],"rotation":270,"texture":"#o0"},"down":{"uv":[3.0,2.0,2.0,1.0],"rotation":270,"texture":"#o0"}}},{"from":[7.30549,-0.77875,8.47566],"to":[7.45949,-0.33875,9.02566],"rotation":{"angle":22.5,"axis":"y","origin":[7.64963,5.06425,7.9991]},"faces":{"south":{"uv":[3.0,2.0,2.0,1.0],"rotation":180,"texture":"#o0"},"up":{"uv":[3.0,2.0,2.0,1.0],"rotation":270,"texture":"#o0"},"down":{"uv":[3.0,2.0,2.0,1.0],"rotation":270,"texture":"#o0"}}},{"from":[7.30549,-1.32875,8.47566],"to":[7.45949,-0.88875,9.02566],"rotation":{"angle":22.5,"axis":"y","origin":[7.64963,5.06425,7.9991]},"faces":{"south":{"uv":[3.0,2.0,2.0,1.0],"rotation":180,"texture":"#o0"},"up":{"uv":[3.0,2.0,2.0,1.0],"rotation":270,"texture":"#o0"},"down":{"uv":[3.0,2.0,2.0,1.0],"rotation":270,"texture":"#o0"}}},{"from":[7.30549,-1.87875,8.47566],"to":[7.45949,-1.43875,9.02566],"rotation":{"angle":22.5,"axis":"y","origin":[7.64963,5.06425,7.9991]},"faces":{"south":{"uv":[3.0,2.0,2.0,1.0],"rotation":180,"texture":"#o0"},"up":{"uv":[3.0,2.0,2.0,1.0],"rotation":270,"texture":"#o0"},"down":{"uv":[3.0,2.0,2.0,1.0],"rotation":270,"texture":"#o0"}}},{"from":[7.30549,-2.42875,8.47566],"to":[7.45949,-1.98875,9.02566],"rotation":{"angle":22.5,"axis":"y","origin":[7.64963,5.06425,7.9991]},"faces":{"south":{"uv":[3.0,2.0,2.0,1.0],"rotation":180,"texture":"#o0"},"up":{"uv":[3.0,2.0,2.0,1.0],"rotation":270,"texture":"#o0"},"down":{"uv":[3.0,2.0,2.0,1.0],"rotation":270,"texture":"#o0"}}},{"from":[7.59614,-2.53875,7.00761],"to":[7.70313,2.96125,8.9906],"rotation":{"angle":0.0,"axis":"y","origin":[7.64963,5.06425,7.9991]},"faces":{"north":{"uv":[7.0,2.0,8.0,3.0],"rotation":90,"texture":"#o0"},"south":{"uv":[7.0,2.0,8.0,3.0],"rotation":270,"texture":"#o0"},"down":{"uv":[7.0,2.0,8.0,3.0],"rotation":270,"texture":"#o0","cullface":"south"}}},{"from":[7.1009,-2.53875,7.28295],"to":[7.5409,2.96125,7.39295],"rotation":{"angle":-22.5,"axis":"y","origin":[7.64963,5.06425,7.9991]},"faces":{"west":{"uv":[7.0,2.0,8.0,3.0],"texture":"#o0"},"down":{"uv":[7.0,2.0,8.0,3.0],"rotation":270,"texture":"#o0","cullface":"south"}}},{"from":[7.75837,-2.53875,7.28295],"to":[8.19837,2.96125,7.39295],"rotation":{"angle":22.5,"axis":"y","origin":[7.64963,5.06425,7.9991]},"faces":{"east":{"uv":[7.0,2.0,8.0,1.0],"rotation":180,"texture":"#o0","cullface":"down"},"down":{"uv":[7.0,2.0,8.0,1.0],"rotation":270,"texture":"#o0","cullface":"south"}}},{"from":[7.75837,-2.53875,8.60526],"to":[8.19837,2.96125,8.71526],"rotation":{"angle":-22.5,"axis":"y","origin":[7.64963,5.06425,7.9991]},"faces":{"east":{"uv":[7.0,2.0,6.0,1.0],"rotation":180,"texture":"#o0","cullface":"down"},"down":{"uv":[7.0,2.0,6.0,1.0],"rotation":270,"texture":"#o0","cullface":"south"}}},{"from":[7.1009,-2.53875,8.60526],"to":[7.5409,2.96125,8.71526],"rotation":{"angle":22.5,"axis":"y","origin":[7.64963,5.06425,7.9991]},"faces":{"west":{"uv":[7.0,2.0,6.0,3.0],"texture":"#o0"},"down":{"uv":[7.0,2.0,6.0,3.0],"rotation":270,"texture":"#o0","cullface":"south"}}},{"from":[6.86861,-2.53875,7.43745],"to":[7.30861,2.96125,7.54745],"rotation":{"angle":-45.0,"axis":"y","origin":[7.64963,5.06425,7.9991]},"faces":{"north":{"uv":[7.0,2.0,8.0,3.0],"rotation":90,"texture":"#o0"},"west":{"uv":[7.0,2.0,8.0,3.0],"texture":"#o0"},"down":{"uv":[7.0,2.0,8.0,3.0],"rotation":270,"texture":"#o0","cullface":"south"}}},{"from":[7.99066,-2.53875,7.43745],"to":[8.43066,2.96125,7.54745],"rotation":{"angle":45.0,"axis":"y","origin":[7.64963,5.06425,7.9991]},"faces":{"north":{"uv":[7.0,2.0,8.0,1.0],"rotation":90,"texture":"#o0"},"east":{"uv":[7.0,2.0,8.0,1.0],"rotation":180,"texture":"#o0"},"down":{"uv":[7.0,2.0,8.0,1.0],"rotation":270,"texture":"#o0","cullface":"south"}}},{"from":[7.99066,-2.53875,8.45075],"to":[8.43066,2.96125,8.56075],"rotation":{"angle":-45.0,"axis":"y","origin":[7.64963,5.06425,7.9991]},"faces":{"south":{"uv":[7.0,2.0,6.0,1.0],"rotation":270,"texture":"#o0"},"east":{"uv":[7.0,2.0,6.0,1.0],"rotation":180,"texture":"#o0"},"down":{"uv":[7.0,2.0,6.0,1.0],"rotation":270,"texture":"#o0","cullface":"south"}}},{"from":[6.86861,-2.53875,8.45075],"to":[7.30861,2.96125,8.56075],"rotation":{"angle":45.0,"axis":"y","origin":[7.64963,5.06425,7.9991]},"faces":{"south":{"uv":[7.0,2.0,6.0,3.0],"rotation":270,"texture":"#o0"},"west":{"uv":[7.0,2.0,6.0,3.0],"texture":"#o0"},"down":{"uv":[7.0,2.0,6.0,3.0],"rotation":270,"texture":"#o0","cullface":"south"}}},{"from":[7.86965,-2.53875,7.06261],"to":[7.97965,2.96125,7.50261],"rotation":{"angle":22.5,"axis":"y","origin":[7.64963,5.06425,7.9991]},"faces":{"north":{"uv":[7.0,2.0,8.0,3.0],"texture":"#o0"},"down":{"uv":[7.0,2.0,8.0,3.0],"rotation":180,"texture":"#o0","cullface":"south"}}},{"from":[7.31962,-2.53875,7.06261],"to":[7.42962,2.96125,7.50261],"rotation":{"angle":-22.5,"axis":"y","origin":[7.64963,5.06425,7.9991]},"faces":{"north":{"uv":[7.0,2.0,6.0,3.0],"texture":"#o0"},"down":{"uv":[7.0,2.0,6.0,3.0],"rotation":180,"texture":"#o0","cullface":"south"}}},{"from":[7.31962,-2.53875,8.4956],"to":[7.42962,2.96125,8.9356],"rotation":{"angle":22.5,"axis":"y","origin":[7.64963,5.06425,7.9991]},"faces":{"south":{"uv":[7.0,2.0,6.0,1.0],"rotation":180,"texture":"#o0"},"down":{"uv":[7.0,2.0,6.0,1.0],"rotation":180,"texture":"#o0","cullface":"south"}}},{"from":[7.86965,-2.53875,8.4956],"to":[7.97965,2.96125,8.9356],"rotation":{"angle":-22.5,"axis":"y","origin":[7.64963,5.06425,7.9991]},"faces":{"south":{"uv":[7.0,2.0,8.0,1.0],"rotation":180,"texture":"#o0"},"down":{"uv":[7.0,2.0,8.0,1.0],"rotation":180,"texture":"#o0","cullface":"south"}}},{"from":[7.53963,4.06125,6.8991],"to":[7.76463,10.66125,8.0191],"rotation":{"angle":0.0,"axis":"y","origin":[7.54963,5.06425,7.9991]},"faces":{"north":{"uv":[7.0,7.0,8.0,8.0],"rotation":90,"texture":"#o0"},"east":{"uv":[7.0,7.0,8.0,8.0],"rotation":180,"texture":"#o0","cullface":"down"},"west":{"uv":[7.0,7.0,8.0,8.0],"texture":"#o0"}}},{"from":[7.53963,9.81425,4.84096],"to":[7.76463,10.91425,5.96096],"rotation":{"angle":22.5,"axis":"x","origin":[7.54963,5.06425,7.9991]},"faces":{"north":{"uv":[7.0,7.0,8.0,8.0],"rotation":90,"texture":"#o0"},"east":{"uv":[7.0,7.0,8.0,8.0],"rotation":180,"texture":"#o0","cullface":"down"},"west":{"uv":[7.0,7.0,8.0,8.0],"texture":"#o0"}}},{"from":[7.53963,9.26038,2.84265],"to":[7.76463,9.92038,3.96265],"rotation":{"angle":45.0,"axis":"x","origin":[7.54963,5.06425,7.9991]},"faces":{"north":{"uv":[7.0,7.0,8.0,8.0],"rotation":90,"texture":"#o0"},"east":{"uv":[7.0,7.0,8.0,8.0],"rotation":180,"texture":"#o0","cullface":"down"},"west":{"uv":[7.0,7.0,8.0,8.0],"texture":"#o0"}}},{"from":[7.53963,10.56655,10.51229],"to":[7.76463,11.68655,11.28229],"rotation":{"angle":-22.5,"axis":"x","origin":[7.54963,5.06425,7.9991]},"faces":{"east":{"uv":[7.0,7.0,8.0,8.0],"rotation":180,"texture":"#o0","cullface":"down"},"west":{"uv":[7.0,7.0,8.0,8.0],"rotation":90,"texture":"#o0"},"up":{"uv":[7.0,7.0,8.0,8.0],"texture":"#o0"}}},{"from":[7.53963,11.4226,8.49813],"to":[7.76463,12.43888,9.0991],"rotation":{"angle":0.0,"axis":"y","origin":[7.54963,5.06425,7.9991]},"faces":{"south":{"uv":[7.0,7.0,8.0,8.0],"texture":"#o0"},"east":{"uv":[7.0,7.0,8.0,8.0],"rotation":270,"texture":"#o0","cullface":"down"},"west":{"uv":[7.0,7.0,8.0,8.0],"texture":"#o0"},"up":{"uv":[7.0,7.0,8.0,8.0],"texture":"#o0"}}},{"from":[6.87866,-2.356,5.42848],"to":[8.91866,0.364,13.58848],"rotation":{"angle":45.0,"axis":"x","origin":[3.81866,-0.996,9.50848]},"faces":{"north":{"uv":[11.75,4.0,12.5,5.0],"rotation":270,"texture":"#o2"},"south":{"uv":[11.75,5.0,11.0,4.0],"texture":"#o2"},"east":{"uv":[10.0,5.0,11.0,8.0],"rotation":270,"texture":"#o2"},"west":{"uv":[11.75,5.0,12.75,8.0],"rotation":90,"texture":"#o2"},"up":{"uv":[11.0,5.0,11.75,8.0],"rotation":180,"texture":"#o2"},"down":{"uv":[12.75,5.0,13.5,8.0],"texture":"#o2"}}},{"from":[6.70866,-2.526,5.25848],"to":[9.08866,0.534,13.75848],"rotation":{"angle":45.0,"axis":"x","origin":[3.81866,-0.996,9.50848]},"faces":{"north":{"uv":[11.75,8.0,12.5,9.0],"rotation":270,"texture":"#o2"},"south":{"uv":[11.75,9.0,11.0,8.0],"texture":"#o2"},"east":{"uv":[10.0,9.0,11.0,12.0],"rotation":270,"texture":"#o2"},"west":{"uv":[11.75,9.0,12.75,12.0],"rotation":90,"texture":"#o2"},"up":{"uv":[11.0,9.0,11.75,12.0],"rotation":180,"texture":"#o2"},"down":{"uv":[12.75,9.0,13.5,12.0],"texture":"#o2"}}},{"from":[-16.0,-16.0,-15.99],"to":[32.0,32.0,-15.99],"faces":{"north":{"uv":[0.0,0.0,16.0,16.0],"texture":"#icon_background"}}},{"from":[-16.0,-16.0,-16.0],"to":[32.0,32.0,-16.0],"faces":{"north":{"uv":[0.0,0.0,16.0,16.0],"texture":"#icon"}}}],"display":{"firstperson_lefthand":{"rotation":[0.0,0.0,0.0],"translation":[0.0,0.0,0.0],"scale":[0.0,0.0,0.0]},"firstperson_righthand":{"rotation":[0.0,-15.0,77.0],"translation":[-8.5,13.1,-1.0],"scale":[1.0,1.0,1.0]},"thirdperson_lefthand":{"rotation":[0.0,0.0,0.0],"translation":[0.0,0.0,0.0],"scale":[0.0,0.0,0.0]},"thirdperson_righthand":{"rotation":[0.0,0.0,0.0],"translation":[0.0,0.0,0.0],"scale":[0.0,0.0,0.0]},"gui":{"rotation":[0.0,-180.0,0.0],"translation":[0.0,0.0,0.0],"scale":[0.333,0.333,0.333]}},"gui_light":"front"}