{"parent":"item/generated","textures":{"layer0":"item/music_disc_13"},"overrides":[{"predicate":{"custom_model_data":1},"model":"generated/6faa4731ffe9d1871e90b3e7d862ad1db8c6725c9a5d5e2fd0a86ff0226e9271"},{"predicate":{"custom_model_data":2},"model":"generated/94f1089b30096f829b49874d4ab0f181e50b1f43775f75aea50f09bb76479afb"},{"predicate":{"custom_model_data":3},"model":"generated/a09de24cf560411052a4a86fa41ddd83640f3010c79e6913c2e4ece650ddea75"},{"predicate":{"custom_model_data":4},"model":"generated/f11e37b3c45e36ab48a4e3be0519e710a19ff9852d39b22006e7980383f81ed1"},{"predicate":{"custom_model_data":5},"model":"generated/c9fc446d0db6e08e6087dfb5f85b8d09418ce7226eaeaf70db931f4c71e5d4bf"},{"predicate":{"custom_model_data":6},"model":"generated/24a6ec1df2729b88429cbc3fa8411eb12f9c048d57a53ba9f2ba69367e2ce50b"},{"predicate":{"custom_model_data":7},"model":"generated/6f41929a9bce9a88c81a6fa51a6f32a438dad3de2bb621cc61c417afd8208a35"},{"predicate":{"custom_model_data":8},"model":"generated/1d454183dfd7fcfa00f0e4726540df4ee71d7496425532269335b0435d6f6074"}]}