{"parent":"item/generated","textures":{"layer0":"item/music_disc_13"},"overrides":[{"predicate":{"custom_model_data":1.0},"model":"raincoat:generated/61ca606375cb439e8e221991bb35dc1b0b4f7150e55415225b6458c96baf1333"},{"predicate":{"custom_model_data":2.0},"model":"raincoat:generated/3aef2b29e05b110fb5797dec3c87e793fd786cfea02e95aa5a4c765903c3add5"},{"predicate":{"custom_model_data":3.0},"model":"raincoat:generated/210330bd89a0f6984dfe52c14ee723f8b84d70d1c4592d8a18617300bde2dbd8"},{"predicate":{"custom_model_data":4.0},"model":"raincoat:generated/b1ae2520c267d978492ac1f55574fa99c5db4a29e95edeb2893b397110bf35cd"},{"predicate":{"custom_model_data":5.0},"model":"raincoat:generated/45fb5f6d86acfda37661903c60cf5013fe7012a9b221cef83141a96b44a1ed2e"},{"predicate":{"custom_model_data":6.0},"model":"raincoat:generated/cf330533a4afed8f2b5c35917a1cc1c641dbaaa251798aaddb51124f36b0f7b6"},{"predicate":{"custom_model_data":7.0},"model":"raincoat:generated/796a51cabd56e73777a7cd6b6d17dc0a831ddf9708e7d1744b7241ebf974a59f"},{"predicate":{"custom_model_data":8.0},"model":"raincoat:generated/48a4ed3355d5061f7f35c00026ee3269e9f07e2c7013f174744a53eadf0de4ea"}]}