{"elements":[{"from":[3.61238,-13.18336,0.80561],"to":[12.84457,-8.85741,14.12408],"faces":{"north":{"texture":"#o0","uv":[5.0,1.0,6.0,2.0]},"south":{"texture":"#o0","uv":[5.0,1.0,6.0,2.0]},"up":{"texture":"#o0","uv":[5.0,1.0,6.0,2.0]},"down":{"texture":"#o0","uv":[5.0,1.0,6.0,2.0]}},"rotation":{"angle":0.0,"axis":"y","origin":[-11.35356,-13.18336,-9.06505]}},{"from":[2.84765,-13.18336,1.11815],"to":[5.65086,-8.85741,8.32707],"faces":{"west":{"texture":"#o0","uv":[5.0,1.0,6.0,2.0]},"up":{"texture":"#o0","uv":[5.0,1.0,6.0,2.0]},"down":{"texture":"#o0","uv":[5.0,1.0,6.0,2.0]}},"rotation":{"angle":-22.5,"axis":"y","origin":[4.01565,-12.10187,2.88416]}},{"from":[2.84765,-13.18336,6.60262],"to":[5.65086,-8.85741,13.81153],"faces":{"west":{"texture":"#o0","uv":[5.0,1.0,6.0,2.0]},"up":{"texture":"#o0","uv":[5.0,1.0,6.0,2.0]},"down":{"texture":"#o0","uv":[5.0,1.0,6.0,2.0]}},"rotation":{"angle":22.5,"axis":"y","origin":[4.01565,-12.10187,12.04552]}},{"from":[10.80609,-13.18336,1.11815],"to":[13.60931,-8.85741,8.32707],"faces":{"east":{"texture":"#o0","uv":[5.0,1.0,6.0,2.0]},"up":{"texture":"#o0","uv":[5.0,1.0,6.0,2.0]},"down":{"texture":"#o0","uv":[5.0,1.0,6.0,2.0]}},"rotation":{"angle":22.5,"axis":"y","origin":[12.4413,-12.10187,2.88416]}},{"from":[10.80609,-13.18336,6.60262],"to":[13.60931,-8.85741,13.81153],"faces":{"east":{"texture":"#o0","uv":[5.0,1.0,6.0,2.0]},"up":{"texture":"#o0","uv":[5.0,1.0,6.0,2.0]},"down":{"texture":"#o0","uv":[5.0,1.0,6.0,2.0]}},"rotation":{"angle":-22.5,"axis":"y","origin":[12.4413,-12.10187,12.04552]}},{"from":[3.61238,9.30884,0.80561],"to":[12.84457,13.63479,14.12408],"faces":{"north":{"texture":"#o0","uv":[5.0,1.0,6.0,2.0]},"south":{"texture":"#o0","uv":[5.0,1.0,6.0,2.0]},"up":{"texture":"#o0","uv":[5.0,1.0,6.0,2.0]},"down":{"texture":"#o0","uv":[5.0,1.0,6.0,2.0]}},"rotation":{"angle":0.0,"axis":"y","origin":[-11.35356,9.30884,-9.06505]}},{"from":[2.84765,9.30884,1.11815],"to":[5.65086,13.63479,8.32707],"faces":{"west":{"texture":"#o0","uv":[5.0,1.0,6.0,2.0]},"up":{"texture":"#o0","uv":[5.0,1.0,6.0,2.0]},"down":{"texture":"#o0","uv":[5.0,1.0,6.0,2.0]}},"rotation":{"angle":-22.5,"axis":"y","origin":[4.01565,10.39033,2.88416]}},{"from":[2.84765,9.30884,6.60262],"to":[5.65086,13.63479,13.81153],"faces":{"west":{"texture":"#o0","uv":[5.0,1.0,6.0,2.0]},"up":{"texture":"#o0","uv":[5.0,1.0,6.0,2.0]},"down":{"texture":"#o0","uv":[5.0,1.0,6.0,2.0]}},"rotation":{"angle":22.5,"axis":"y","origin":[4.01565,10.39033,12.04552]}},{"from":[10.80609,9.30884,1.11815],"to":[13.60931,13.63479,8.32707],"faces":{"east":{"texture":"#o0","uv":[5.0,1.0,6.0,2.0]},"up":{"texture":"#o0","uv":[5.0,1.0,6.0,2.0]},"down":{"texture":"#o0","uv":[5.0,1.0,6.0,2.0]}},"rotation":{"angle":22.5,"axis":"y","origin":[12.4413,10.39033,2.88416]}},{"from":[10.80609,9.30884,6.60262],"to":[13.60931,13.63479,13.81153],"faces":{"east":{"texture":"#o0","uv":[5.0,1.0,6.0,2.0]},"up":{"texture":"#o0","uv":[5.0,1.0,6.0,2.0]},"down":{"texture":"#o0","uv":[5.0,1.0,6.0,2.0]}},"rotation":{"angle":-22.5,"axis":"y","origin":[12.4413,10.39033,12.04552]}},{"from":[6.33966,-8.93107,2.90484],"to":[10.11729,-2.20321,3.01884],"faces":{"north":{"texture":"#o0","uv":[5.0,1.0,6.0,2.0]},"east":{"texture":"#o0","uv":[5.0,1.0,6.0,2.0]},"south":{"texture":"#o0","uv":[5.0,1.0,6.0,2.0]},"west":{"texture":"#o0","uv":[5.0,1.0,6.0,2.0]},"up":{"texture":"#o0","uv":[5.0,1.0,6.0,2.0]}},"rotation":{"angle":45.0,"axis":"y","origin":[8.22848,-8.36107,7.46484]},"name":"octagon"},{"from":[6.33966,-8.93107,11.91084],"to":[10.11729,-2.20507,12.02484],"faces":{"north":{"texture":"#o0","uv":[5.0,1.0,6.0,2.0]},"east":{"texture":"#o0","uv":[5.0,1.0,6.0,2.0]},"south":{"texture":"#o0","uv":[5.0,1.0,6.0,2.0]},"west":{"texture":"#o0","uv":[5.0,1.0,6.0,2.0]},"up":{"texture":"#o0","uv":[5.0,1.0,6.0,2.0]}},"rotation":{"angle":45.0,"axis":"y","origin":[8.22848,-8.36107,7.46484]},"name":"octagon"},{"from":[3.66848,-8.93107,5.57603],"to":[3.78248,-2.20321,9.35366],"faces":{"north":{"texture":"#o0","uv":[5.0,1.0,6.0,2.0]},"east":{"texture":"#o0","uv":[5.0,1.0,6.0,2.0]},"south":{"texture":"#o0","uv":[5.0,1.0,6.0,2.0]},"west":{"texture":"#o0","uv":[5.0,1.0,6.0,2.0]},"up":{"texture":"#o0","uv":[5.0,1.0,6.0,2.0]}},"rotation":{"angle":45.0,"axis":"y","origin":[8.22848,-8.36107,7.46484]},"name":"octagon"},{"from":[12.67448,-8.93107,5.57603],"to":[12.78848,-2.20507,9.35366],"faces":{"north":{"texture":"#o0","uv":[5.0,1.0,6.0,2.0]},"east":{"texture":"#o0","uv":[5.0,1.0,6.0,2.0]},"south":{"texture":"#o0","uv":[5.0,1.0,6.0,2.0]},"west":{"texture":"#o0","uv":[5.0,1.0,6.0,2.0]},"up":{"texture":"#o0","uv":[5.0,1.0,6.0,2.0]}},"rotation":{"angle":45.0,"axis":"y","origin":[8.22848,-8.36107,7.46484]},"name":"octagon"},{"from":[6.33966,2.82419,2.90484],"to":[10.11729,9.32033,3.01884],"faces":{"north":{"texture":"#o0","uv":[5.0,1.0,6.0,2.0]},"east":{"texture":"#o0","uv":[5.0,1.0,6.0,2.0]},"south":{"texture":"#o0","uv":[5.0,1.0,6.0,2.0]},"west":{"texture":"#o0","uv":[5.0,1.0,6.0,2.0]},"up":{"texture":"#o0","uv":[5.0,1.0,6.0,2.0]},"down":{"texture":"#o0","uv":[5.0,1.0,6.0,2.0]}},"rotation":{"angle":45.0,"axis":"y","origin":[8.22848,7.26833,7.46484]},"name":"octagon"},{"from":[6.33966,-2.19181,2.90484],"to":[10.11729,2.82419,3.01884],"faces":{"north":{"texture":"#o0","uv":[9.0,1.0,10.0,2.0]},"east":{"texture":"#o0","uv":[9.0,1.0,10.0,2.0]},"south":{"texture":"#o0","uv":[9.0,1.0,10.0,2.0]},"west":{"texture":"#o0","uv":[9.0,1.0,10.0,2.0]},"up":{"texture":"#o0","uv":[9.0,1.0,10.0,2.0]},"down":{"texture":"#o0","uv":[9.0,1.0,10.0,2.0]}},"rotation":{"angle":45.0,"axis":"y","origin":[8.22848,7.26833,7.46484]},"name":"octagon"},{"from":[6.33966,2.82233,11.91084],"to":[10.11729,9.32033,12.02484],"faces":{"north":{"texture":"#o0","uv":[5.0,1.0,6.0,2.0]},"east":{"texture":"#o0","uv":[5.0,1.0,6.0,2.0]},"south":{"texture":"#o0","uv":[5.0,1.0,6.0,2.0]},"west":{"texture":"#o0","uv":[5.0,1.0,6.0,2.0]},"up":{"texture":"#o0","uv":[5.0,1.0,6.0,2.0]},"down":{"texture":"#o0","uv":[5.0,1.0,6.0,2.0]}},"rotation":{"angle":45.0,"axis":"y","origin":[8.22848,7.26833,7.46484]},"name":"octagon"},{"from":[6.33966,-2.19367,11.91084],"to":[10.11729,2.82233,12.02484],"faces":{"north":{"texture":"#o0","uv":[9.0,1.0,10.0,2.0]},"east":{"texture":"#o0","uv":[9.0,1.0,10.0,2.0]},"south":{"texture":"#o0","uv":[9.0,1.0,10.0,2.0]},"west":{"texture":"#o0","uv":[9.0,1.0,10.0,2.0]},"up":{"texture":"#o0","uv":[9.0,1.0,10.0,2.0]},"down":{"texture":"#o0","uv":[9.0,1.0,10.0,2.0]}},"rotation":{"angle":45.0,"axis":"y","origin":[8.22848,7.26833,7.46484]},"name":"octagon"},{"from":[3.66848,2.82419,5.57603],"to":[3.78248,9.32033,9.35366],"faces":{"north":{"texture":"#o0","uv":[5.0,1.0,6.0,2.0]},"east":{"texture":"#o0","uv":[5.0,1.0,6.0,2.0]},"south":{"texture":"#o0","uv":[5.0,1.0,6.0,2.0]},"west":{"texture":"#o0","uv":[5.0,1.0,6.0,2.0]},"up":{"texture":"#o0","uv":[5.0,1.0,6.0,2.0]},"down":{"texture":"#o0","uv":[5.0,1.0,6.0,2.0]}},"rotation":{"angle":45.0,"axis":"y","origin":[8.22848,7.26833,7.46484]},"name":"octagon"},{"from":[3.66848,-2.19181,5.57603],"to":[3.78248,2.82419,9.35366],"faces":{"north":{"texture":"#o0","uv":[9.0,1.0,10.0,2.0]},"east":{"texture":"#o0","uv":[9.0,1.0,10.0,2.0]},"south":{"texture":"#o0","uv":[9.0,1.0,10.0,2.0]},"west":{"texture":"#o0","uv":[9.0,1.0,10.0,2.0]},"up":{"texture":"#o0","uv":[9.0,1.0,10.0,2.0]},"down":{"texture":"#o0","uv":[9.0,1.0,10.0,2.0]}},"rotation":{"angle":45.0,"axis":"y","origin":[8.22848,7.26833,7.46484]},"name":"octagon"},{"from":[12.67448,2.82233,5.57603],"to":[12.78848,9.32033,9.35366],"faces":{"north":{"texture":"#o0","uv":[5.0,1.0,6.0,2.0]},"east":{"texture":"#o0","uv":[5.0,1.0,6.0,2.0]},"south":{"texture":"#o0","uv":[5.0,1.0,6.0,2.0]},"west":{"texture":"#o0","uv":[5.0,1.0,6.0,2.0]},"up":{"texture":"#o0","uv":[5.0,1.0,6.0,2.0]},"down":{"texture":"#o0","uv":[5.0,1.0,6.0,2.0]}},"rotation":{"angle":45.0,"axis":"y","origin":[8.22848,7.26833,7.46484]},"name":"octagon"},{"from":[12.67448,-2.19367,5.57603],"to":[12.78848,2.82233,9.35366],"faces":{"north":{"texture":"#o0","uv":[9.0,1.0,10.0,2.0]},"east":{"texture":"#o0","uv":[9.0,1.0,10.0,2.0]},"south":{"texture":"#o0","uv":[9.0,1.0,10.0,2.0]},"west":{"texture":"#o0","uv":[9.0,1.0,10.0,2.0]},"up":{"texture":"#o0","uv":[9.0,1.0,10.0,2.0]},"down":{"texture":"#o0","uv":[9.0,1.0,10.0,2.0]}},"rotation":{"angle":45.0,"axis":"y","origin":[8.22848,7.26833,7.46484]},"name":"octagon"},{"from":[3.66848,-4.93921,5.75312],"to":[3.78248,-4.25893,6.32312],"faces":{"east":{"texture":"#o0","uv":[5.0,1.0,6.0,2.0]},"south":{"texture":"#o0","uv":[5.0,1.0,6.0,2.0]},"west":{"texture":"#o0","uv":[5.0,1.0,6.0,2.0]}},"rotation":{"angle":-45.0,"axis":"x","origin":[4.23848,-4.59907,7.46312]},"name":"hexadecagon"},{"from":[3.66848,-4.93921,5.75312],"to":[3.78248,-4.25893,6.32312],"faces":{"east":{"texture":"#o0","uv":[5.0,1.0,6.0,2.0]},"south":{"texture":"#o0","uv":[5.0,1.0,6.0,2.0]},"west":{"texture":"#o0","uv":[5.0,1.0,6.0,2.0]}},"rotation":{"angle":-22.5,"axis":"x","origin":[4.23848,-4.59907,7.46312]},"name":"hexadecagon"},{"from":[3.66848,-6.30721,5.57603],"to":[3.78248,-2.20321,6.32312],"faces":{"east":{"texture":"#o0","uv":[5.0,1.0,6.0,2.0]},"south":{"texture":"#o0","uv":[5.0,1.0,6.0,2.0]},"west":{"texture":"#o0","uv":[5.0,1.0,6.0,2.0]}},"rotation":{"angle":0.0,"axis":"x","origin":[4.23848,-4.59907,7.46312]},"name":"hexadecagon"},{"from":[3.66848,-4.93921,5.75312],"to":[3.78248,-4.25893,6.32312],"faces":{"east":{"texture":"#o0","uv":[5.0,1.0,6.0,2.0]},"south":{"texture":"#o0","uv":[5.0,1.0,6.0,2.0]},"west":{"texture":"#o0","uv":[5.0,1.0,6.0,2.0]}},"rotation":{"angle":22.5,"axis":"x","origin":[4.23848,-4.59907,7.46312]},"name":"hexadecagon"},{"from":[3.66848,-4.93921,5.75312],"to":[3.78248,-4.25893,6.32312],"faces":{"east":{"texture":"#o0","uv":[5.0,1.0,6.0,2.0]},"south":{"texture":"#o0","uv":[5.0,1.0,6.0,2.0]},"west":{"texture":"#o0","uv":[5.0,1.0,6.0,2.0]}},"rotation":{"angle":45.0,"axis":"x","origin":[4.23848,-4.59907,7.46312]},"name":"hexadecagon"},{"from":[3.66848,-4.93921,8.60312],"to":[3.78248,-4.25893,9.17312],"faces":{"north":{"texture":"#o0","uv":[5.0,1.0,6.0,2.0]},"east":{"texture":"#o0","uv":[5.0,1.0,6.0,2.0]},"west":{"texture":"#o0","uv":[5.0,1.0,6.0,2.0]}},"rotation":{"angle":-45.0,"axis":"x","origin":[4.23848,-4.59907,7.46312]},"name":"hexadecagon"},{"from":[3.66848,-4.93921,8.60312],"to":[3.78248,-4.25893,9.17312],"faces":{"north":{"texture":"#o0","uv":[5.0,1.0,6.0,2.0]},"east":{"texture":"#o0","uv":[5.0,1.0,6.0,2.0]},"west":{"texture":"#o0","uv":[5.0,1.0,6.0,2.0]}},"rotation":{"angle":-22.5,"axis":"x","origin":[4.23848,-4.59907,7.46312]},"name":"hexadecagon"},{"from":[3.66848,-6.30721,8.60312],"to":[3.78248,-2.20321,9.35366],"faces":{"north":{"texture":"#o0","uv":[5.0,1.0,6.0,2.0]},"east":{"texture":"#o0","uv":[5.0,1.0,6.0,2.0]},"west":{"texture":"#o0","uv":[5.0,1.0,6.0,2.0]}},"rotation":{"angle":0.0,"axis":"x","origin":[4.23848,-4.59907,7.46312]},"name":"hexadecagon"},{"from":[3.66848,-4.93921,8.60312],"to":[3.78248,-4.25893,9.17312],"faces":{"north":{"texture":"#o0","uv":[5.0,1.0,6.0,2.0]},"east":{"texture":"#o0","uv":[5.0,1.0,6.0,2.0]},"west":{"texture":"#o0","uv":[5.0,1.0,6.0,2.0]}},"rotation":{"angle":22.5,"axis":"x","origin":[4.23848,-4.59907,7.46312]},"name":"hexadecagon"},{"from":[3.66848,-4.93921,8.60312],"to":[3.78248,-4.25893,9.17312],"faces":{"north":{"texture":"#o0","uv":[5.0,1.0,6.0,2.0]},"east":{"texture":"#o0","uv":[5.0,1.0,6.0,2.0]},"west":{"texture":"#o0","uv":[5.0,1.0,6.0,2.0]}},"rotation":{"angle":45.0,"axis":"x","origin":[4.23848,-4.59907,7.46312]},"name":"hexadecagon"},{"from":[3.66848,-6.30907,7.12298],"to":[3.78248,-5.73907,7.80326],"faces":{"east":{"texture":"#o0","uv":[5.0,1.0,6.0,2.0]},"west":{"texture":"#o0","uv":[5.0,1.0,6.0,2.0]},"up":{"texture":"#o0","uv":[5.0,1.0,6.0,2.0]}},"rotation":{"angle":-22.5,"axis":"x","origin":[4.23848,-4.59907,7.46312]},"name":"hexadecagon"},{"from":[3.66848,-8.93107,5.57603],"to":[3.78248,-5.73907,9.35366],"faces":{"east":{"texture":"#o0","uv":[5.0,1.0,6.0,2.0]},"west":{"texture":"#o0","uv":[5.0,1.0,6.0,2.0]},"up":{"texture":"#o0","uv":[5.0,1.0,6.0,2.0]}},"rotation":{"angle":0.0,"axis":"x","origin":[4.23848,-4.59907,7.46312]},"name":"hexadecagon"},{"from":[3.66848,-6.30907,7.12298],"to":[3.78248,-5.73907,7.80326],"faces":{"east":{"texture":"#o0","uv":[5.0,1.0,6.0,2.0]},"west":{"texture":"#o0","uv":[5.0,1.0,6.0,2.0]},"up":{"texture":"#o0","uv":[5.0,1.0,6.0,2.0]}},"rotation":{"angle":22.5,"axis":"x","origin":[4.23848,-4.59907,7.46312]},"name":"hexadecagon"},{"from":[3.66848,-3.45907,7.12298],"to":[3.78248,-2.88907,7.80326],"faces":{"east":{"texture":"#o0","uv":[5.0,1.0,6.0,2.0]},"west":{"texture":"#o0","uv":[5.0,1.0,6.0,2.0]},"down":{"texture":"#o0","uv":[5.0,1.0,6.0,2.0]}},"rotation":{"angle":-22.5,"axis":"x","origin":[4.23848,-4.59907,7.46312]},"name":"hexadecagon"},{"from":[3.66848,-3.45907,6.32312],"to":[3.78248,-2.20321,8.60312],"faces":{"east":{"texture":"#o0","uv":[5.0,1.0,6.0,2.0]},"west":{"texture":"#o0","uv":[5.0,1.0,6.0,2.0]},"down":{"texture":"#o0","uv":[5.0,1.0,6.0,2.0]}},"rotation":{"angle":0.0,"axis":"x","origin":[4.23848,-4.59907,7.46312]},"name":"hexadecagon"},{"from":[3.66848,-3.45907,7.12298],"to":[3.78248,-2.88907,7.80326],"faces":{"east":{"texture":"#o0","uv":[5.0,1.0,6.0,2.0]},"west":{"texture":"#o0","uv":[5.0,1.0,6.0,2.0]},"down":{"texture":"#o0","uv":[5.0,1.0,6.0,2.0]}},"rotation":{"angle":22.5,"axis":"x","origin":[4.23848,-4.59907,7.46312]},"name":"hexadecagon"},{"from":[12.67448,-4.94107,5.75312],"to":[12.78848,-4.26079,6.32312],"faces":{"east":{"texture":"#o0","uv":[5.0,1.0,6.0,2.0]},"south":{"texture":"#o0","uv":[5.0,1.0,6.0,2.0]},"west":{"texture":"#o0","uv":[5.0,1.0,6.0,2.0]}},"rotation":{"angle":-45.0,"axis":"x","origin":[13.24448,-4.60093,7.46312]},"name":"hexadecagon"},{"from":[12.67448,-4.94107,5.75312],"to":[12.78848,-4.26079,6.32312],"faces":{"east":{"texture":"#o0","uv":[5.0,1.0,6.0,2.0]},"south":{"texture":"#o0","uv":[5.0,1.0,6.0,2.0]},"west":{"texture":"#o0","uv":[5.0,1.0,6.0,2.0]}},"rotation":{"angle":-22.5,"axis":"x","origin":[13.24448,-4.60093,7.46312]},"name":"hexadecagon"},{"from":[12.67448,-6.30907,5.57603],"to":[12.78848,-2.20507,6.32312],"faces":{"east":{"texture":"#o0","uv":[5.0,1.0,6.0,2.0]},"south":{"texture":"#o0","uv":[5.0,1.0,6.0,2.0]},"west":{"texture":"#o0","uv":[5.0,1.0,6.0,2.0]}},"rotation":{"angle":0.0,"axis":"x","origin":[13.24448,-4.60093,7.46312]},"name":"hexadecagon"},{"from":[12.67448,-4.94107,5.75312],"to":[12.78848,-4.26079,6.32312],"faces":{"east":{"texture":"#o0","uv":[5.0,1.0,6.0,2.0]},"south":{"texture":"#o0","uv":[5.0,1.0,6.0,2.0]},"west":{"texture":"#o0","uv":[5.0,1.0,6.0,2.0]}},"rotation":{"angle":22.5,"axis":"x","origin":[13.24448,-4.60093,7.46312]},"name":"hexadecagon"},{"from":[12.67448,-4.94107,5.75312],"to":[12.78848,-4.26079,6.32312],"faces":{"east":{"texture":"#o0","uv":[5.0,1.0,6.0,2.0]},"south":{"texture":"#o0","uv":[5.0,1.0,6.0,2.0]},"west":{"texture":"#o0","uv":[5.0,1.0,6.0,2.0]}},"rotation":{"angle":45.0,"axis":"x","origin":[13.24448,-4.60093,7.46312]},"name":"hexadecagon"},{"from":[12.67448,-4.94107,8.60312],"to":[12.78848,-4.26079,9.17312],"faces":{"north":{"texture":"#o0","uv":[5.0,1.0,6.0,2.0]},"east":{"texture":"#o0","uv":[5.0,1.0,6.0,2.0]},"west":{"texture":"#o0","uv":[5.0,1.0,6.0,2.0]}},"rotation":{"angle":-45.0,"axis":"x","origin":[13.24448,-4.60093,7.46312]},"name":"hexadecagon"},{"from":[12.67448,-4.94107,8.60312],"to":[12.78848,-4.26079,9.17312],"faces":{"north":{"texture":"#o0","uv":[5.0,1.0,6.0,2.0]},"east":{"texture":"#o0","uv":[5.0,1.0,6.0,2.0]},"west":{"texture":"#o0","uv":[5.0,1.0,6.0,2.0]}},"rotation":{"angle":-22.5,"axis":"x","origin":[13.24448,-4.60093,7.46312]},"name":"hexadecagon"},{"from":[12.67448,-6.30907,8.60312],"to":[12.78848,-2.20507,9.35366],"faces":{"north":{"texture":"#o0","uv":[5.0,1.0,6.0,2.0]},"east":{"texture":"#o0","uv":[5.0,1.0,6.0,2.0]},"west":{"texture":"#o0","uv":[5.0,1.0,6.0,2.0]}},"rotation":{"angle":0.0,"axis":"x","origin":[13.24448,-4.60093,7.46312]},"name":"hexadecagon"},{"from":[12.67448,-4.94107,8.60312],"to":[12.78848,-4.26079,9.17312],"faces":{"north":{"texture":"#o0","uv":[5.0,1.0,6.0,2.0]},"east":{"texture":"#o0","uv":[5.0,1.0,6.0,2.0]},"west":{"texture":"#o0","uv":[5.0,1.0,6.0,2.0]}},"rotation":{"angle":22.5,"axis":"x","origin":[13.24448,-4.60093,7.46312]},"name":"hexadecagon"},{"from":[12.67448,-4.94107,8.60312],"to":[12.78848,-4.26079,9.17312],"faces":{"north":{"texture":"#o0","uv":[5.0,1.0,6.0,2.0]},"east":{"texture":"#o0","uv":[5.0,1.0,6.0,2.0]},"west":{"texture":"#o0","uv":[5.0,1.0,6.0,2.0]}},"rotation":{"angle":45.0,"axis":"x","origin":[13.24448,-4.60093,7.46312]},"name":"hexadecagon"},{"from":[12.67448,-6.31093,7.12298],"to":[12.78848,-5.74093,7.80326],"faces":{"east":{"texture":"#o0","uv":[5.0,1.0,6.0,2.0]},"west":{"texture":"#o0","uv":[5.0,1.0,6.0,2.0]},"up":{"texture":"#o0","uv":[5.0,1.0,6.0,2.0]}},"rotation":{"angle":-22.5,"axis":"x","origin":[13.24448,-4.60093,7.46312]},"name":"hexadecagon"},{"from":[12.67448,-8.93107,5.57603],"to":[12.78848,-5.74093,9.35366],"faces":{"east":{"texture":"#o0","uv":[5.0,1.0,6.0,2.0]},"west":{"texture":"#o0","uv":[5.0,1.0,6.0,2.0]},"up":{"texture":"#o0","uv":[5.0,1.0,6.0,2.0]}},"rotation":{"angle":0.0,"axis":"x","origin":[13.24448,-4.60093,7.46312]},"name":"hexadecagon"},{"from":[12.67448,-6.31093,7.12298],"to":[12.78848,-5.74093,7.80326],"faces":{"east":{"texture":"#o0","uv":[5.0,1.0,6.0,2.0]},"west":{"texture":"#o0","uv":[5.0,1.0,6.0,2.0]},"up":{"texture":"#o0","uv":[5.0,1.0,6.0,2.0]}},"rotation":{"angle":22.5,"axis":"x","origin":[13.24448,-4.60093,7.46312]},"name":"hexadecagon"},{"from":[12.67448,-3.46093,7.12298],"to":[12.78848,-2.89093,7.80326],"faces":{"north":{"texture":"#o0","uv":[5.0,1.0,6.0,2.0]},"east":{"texture":"#o0","uv":[5.0,1.0,6.0,2.0]},"south":{"texture":"#o0","uv":[5.0,1.0,6.0,2.0]},"west":{"texture":"#o0","uv":[5.0,1.0,6.0,2.0]},"up":{"texture":"#o0","uv":[5.0,1.0,6.0,2.0]},"down":{"texture":"#o0","uv":[5.0,1.0,6.0,2.0]}},"rotation":{"angle":-22.5,"axis":"x","origin":[13.24448,-4.60093,7.46312]},"name":"hexadecagon"},{"from":[12.67448,-3.46093,6.32312],"to":[12.78848,-2.20507,8.60312],"faces":{"east":{"texture":"#o0","uv":[5.0,1.0,6.0,2.0]},"west":{"texture":"#o0","uv":[5.0,1.0,6.0,2.0]},"down":{"texture":"#o0","uv":[5.0,1.0,6.0,2.0]}},"rotation":{"angle":0.0,"axis":"x","origin":[13.24448,-4.60093,7.46312]},"name":"hexadecagon"},{"from":[12.67448,-3.46093,7.12298],"to":[12.78848,-2.89093,7.80326],"faces":{"north":{"texture":"#o0","uv":[5.0,1.0,6.0,2.0]},"east":{"texture":"#o0","uv":[5.0,1.0,6.0,2.0]},"south":{"texture":"#o0","uv":[5.0,1.0,6.0,2.0]},"west":{"texture":"#o0","uv":[5.0,1.0,6.0,2.0]},"up":{"texture":"#o0","uv":[5.0,1.0,6.0,2.0]},"down":{"texture":"#o0","uv":[5.0,1.0,6.0,2.0]}},"rotation":{"angle":22.5,"axis":"x","origin":[13.24448,-4.60093,7.46312]},"name":"hexadecagon"},{"from":[9.3702,-4.93735,2.90484],"to":[9.9402,-4.25707,3.01884],"faces":{"north":{"texture":"#o0","uv":[5.0,1.0,6.0,2.0]},"south":{"texture":"#o0","uv":[5.0,1.0,6.0,2.0]},"west":{"texture":"#o0","uv":[5.0,1.0,6.0,2.0]}},"rotation":{"angle":-45.0,"axis":"z","origin":[8.2302,-4.59721,3.47484]},"name":"hexadecagon"},{"from":[9.3702,-4.93735,2.90484],"to":[9.9402,-4.25707,3.01884],"faces":{"north":{"texture":"#o0","uv":[5.0,1.0,6.0,2.0]},"south":{"texture":"#o0","uv":[5.0,1.0,6.0,2.0]},"west":{"texture":"#o0","uv":[5.0,1.0,6.0,2.0]}},"rotation":{"angle":-22.5,"axis":"z","origin":[8.2302,-4.59721,3.47484]},"name":"hexadecagon"},{"from":[9.3702,-6.30535,2.90484],"to":[10.11729,-2.20135,3.01884],"faces":{"north":{"texture":"#o0","uv":[5.0,1.0,6.0,2.0]},"south":{"texture":"#o0","uv":[5.0,1.0,6.0,2.0]},"west":{"texture":"#o0","uv":[5.0,1.0,6.0,2.0]}},"rotation":{"angle":0.0,"axis":"x","origin":[8.2302,-4.59721,3.47484]},"name":"hexadecagon"},{"from":[9.3702,-4.93735,2.90484],"to":[9.9402,-4.25707,3.01884],"faces":{"north":{"texture":"#o0","uv":[5.0,1.0,6.0,2.0]},"south":{"texture":"#o0","uv":[5.0,1.0,6.0,2.0]},"west":{"texture":"#o0","uv":[5.0,1.0,6.0,2.0]}},"rotation":{"angle":22.5,"axis":"z","origin":[8.2302,-4.59721,3.47484]},"name":"hexadecagon"},{"from":[9.3702,-4.93735,2.90484],"to":[9.9402,-4.25707,3.01884],"faces":{"north":{"texture":"#o0","uv":[5.0,1.0,6.0,2.0]},"south":{"texture":"#o0","uv":[5.0,1.0,6.0,2.0]},"west":{"texture":"#o0","uv":[5.0,1.0,6.0,2.0]}},"rotation":{"angle":45.0,"axis":"z","origin":[8.2302,-4.59721,3.47484]},"name":"hexadecagon"},{"from":[6.5202,-4.93735,2.90484],"to":[7.0902,-4.25707,3.01884],"faces":{"north":{"texture":"#o0","uv":[5.0,1.0,6.0,2.0]},"east":{"texture":"#o0","uv":[5.0,1.0,6.0,2.0]},"south":{"texture":"#o0","uv":[5.0,1.0,6.0,2.0]}},"rotation":{"angle":-45.0,"axis":"z","origin":[8.2302,-4.59721,3.47484]},"name":"hexadecagon"},{"from":[6.5202,-4.93735,2.90484],"to":[7.0902,-4.25707,3.01884],"faces":{"north":{"texture":"#o0","uv":[5.0,1.0,6.0,2.0]},"east":{"texture":"#o0","uv":[5.0,1.0,6.0,2.0]},"south":{"texture":"#o0","uv":[5.0,1.0,6.0,2.0]}},"rotation":{"angle":-22.5,"axis":"z","origin":[8.2302,-4.59721,3.47484]},"name":"hexadecagon"},{"from":[6.33966,-6.30535,2.90484],"to":[7.0902,-2.20135,3.01884],"faces":{"north":{"texture":"#o0","uv":[5.0,1.0,6.0,2.0]},"east":{"texture":"#o0","uv":[5.0,1.0,6.0,2.0]},"south":{"texture":"#o0","uv":[5.0,1.0,6.0,2.0]}},"rotation":{"angle":0.0,"axis":"x","origin":[8.2302,-4.59721,3.47484]},"name":"hexadecagon"},{"from":[6.5202,-4.93735,2.90484],"to":[7.0902,-4.25707,3.01884],"faces":{"north":{"texture":"#o0","uv":[5.0,1.0,6.0,2.0]},"east":{"texture":"#o0","uv":[5.0,1.0,6.0,2.0]},"south":{"texture":"#o0","uv":[5.0,1.0,6.0,2.0]}},"rotation":{"angle":22.5,"axis":"z","origin":[8.2302,-4.59721,3.47484]},"name":"hexadecagon"},{"from":[6.5202,-4.93735,2.90484],"to":[7.0902,-4.25707,3.01884],"faces":{"north":{"texture":"#o0","uv":[5.0,1.0,6.0,2.0]},"east":{"texture":"#o0","uv":[5.0,1.0,6.0,2.0]},"south":{"texture":"#o0","uv":[5.0,1.0,6.0,2.0]}},"rotation":{"angle":45.0,"axis":"z","origin":[8.2302,-4.59721,3.47484]},"name":"hexadecagon"},{"from":[7.89006,-6.30721,2.90484],"to":[8.57034,-5.73721,3.01884],"faces":{"north":{"texture":"#o0","uv":[5.0,1.0,6.0,2.0]},"south":{"texture":"#o0","uv":[5.0,1.0,6.0,2.0]},"up":{"texture":"#o0","uv":[5.0,1.0,6.0,2.0]},"down":{"texture":"#o0","uv":[5.0,1.0,6.0,2.0]}},"rotation":{"angle":-22.5,"axis":"z","origin":[8.2302,-4.59721,3.47484]},"name":"hexadecagon"},{"from":[6.33966,-8.93107,2.90484],"to":[10.11729,-5.73721,3.01884],"faces":{"north":{"texture":"#o0","uv":[5.0,1.0,6.0,2.0]},"south":{"texture":"#o0","uv":[5.0,1.0,6.0,2.0]},"up":{"texture":"#o0","uv":[5.0,1.0,6.0,2.0]}},"rotation":{"angle":0.0,"axis":"x","origin":[8.2302,-4.59721,3.47484]},"name":"hexadecagon"},{"from":[7.89006,-6.30721,2.90484],"to":[8.57034,-5.73721,3.01884],"faces":{"north":{"texture":"#o0","uv":[5.0,1.0,6.0,2.0]},"south":{"texture":"#o0","uv":[5.0,1.0,6.0,2.0]},"up":{"texture":"#o0","uv":[5.0,1.0,6.0,2.0]},"down":{"texture":"#o0","uv":[5.0,1.0,6.0,2.0]}},"rotation":{"angle":22.5,"axis":"z","origin":[8.2302,-4.59721,3.47484]},"name":"hexadecagon"},{"from":[7.89006,-3.45721,2.90484],"to":[8.57034,-2.88721,3.01884],"faces":{"north":{"texture":"#o0","uv":[5.0,1.0,6.0,2.0]},"south":{"texture":"#o0","uv":[5.0,1.0,6.0,2.0]},"down":{"texture":"#o0","uv":[5.0,1.0,6.0,2.0]}},"rotation":{"angle":-22.5,"axis":"z","origin":[8.2302,-4.59721,3.47484]},"name":"hexadecagon"},{"from":[7.0902,-3.45721,2.90484],"to":[9.3702,-2.20135,3.01884],"faces":{"north":{"texture":"#o0","uv":[5.0,1.0,6.0,2.0]},"south":{"texture":"#o0","uv":[5.0,1.0,6.0,2.0]},"down":{"texture":"#o0","uv":[5.0,1.0,6.0,2.0]}},"rotation":{"angle":0.0,"axis":"x","origin":[8.2302,-4.59721,3.47484]},"name":"hexadecagon"},{"from":[7.89006,-3.45721,2.90484],"to":[8.57034,-2.88721,3.01884],"faces":{"north":{"texture":"#o0","uv":[5.0,1.0,6.0,2.0]},"south":{"texture":"#o0","uv":[5.0,1.0,6.0,2.0]},"down":{"texture":"#o0","uv":[5.0,1.0,6.0,2.0]}},"rotation":{"angle":22.5,"axis":"z","origin":[8.2302,-4.59721,3.47484]},"name":"hexadecagon"},{"from":[9.3702,-4.93921,11.91084],"to":[9.9402,-4.25893,12.02484],"faces":{"north":{"texture":"#o0","uv":[5.0,1.0,6.0,2.0]},"south":{"texture":"#o0","uv":[5.0,1.0,6.0,2.0]},"west":{"texture":"#o0","uv":[5.0,1.0,6.0,2.0]}},"rotation":{"angle":-45.0,"axis":"z","origin":[8.2302,-4.59907,12.48084]},"name":"hexadecagon"},{"from":[9.3702,-4.93921,11.91084],"to":[9.9402,-4.25893,12.02484],"faces":{"north":{"texture":"#o0","uv":[5.0,1.0,6.0,2.0]},"south":{"texture":"#o0","uv":[5.0,1.0,6.0,2.0]},"west":{"texture":"#o0","uv":[5.0,1.0,6.0,2.0]}},"rotation":{"angle":-22.5,"axis":"z","origin":[8.2302,-4.59907,12.48084]},"name":"hexadecagon"},{"from":[9.3702,-6.30721,11.91084],"to":[10.11729,-2.20321,12.02484],"faces":{"north":{"texture":"#o0","uv":[5.0,1.0,6.0,2.0]},"south":{"texture":"#o0","uv":[5.0,1.0,6.0,2.0]},"west":{"texture":"#o0","uv":[5.0,1.0,6.0,2.0]}},"rotation":{"angle":0.0,"axis":"x","origin":[8.2302,-4.59907,12.48084]},"name":"hexadecagon"},{"from":[9.3702,-4.93921,11.91084],"to":[9.9402,-4.25893,12.02484],"faces":{"north":{"texture":"#o0","uv":[5.0,1.0,6.0,2.0]},"south":{"texture":"#o0","uv":[5.0,1.0,6.0,2.0]},"west":{"texture":"#o0","uv":[5.0,1.0,6.0,2.0]}},"rotation":{"angle":22.5,"axis":"z","origin":[8.2302,-4.59907,12.48084]},"name":"hexadecagon"},{"from":[9.3702,-4.93921,11.91084],"to":[9.9402,-4.25893,12.02484],"faces":{"north":{"texture":"#o0","uv":[5.0,1.0,6.0,2.0]},"south":{"texture":"#o0","uv":[5.0,1.0,6.0,2.0]},"west":{"texture":"#o0","uv":[5.0,1.0,6.0,2.0]}},"rotation":{"angle":45.0,"axis":"z","origin":[8.2302,-4.59907,12.48084]},"name":"hexadecagon"},{"from":[6.5202,-4.93921,11.91084],"to":[7.0902,-4.25893,12.02484],"faces":{"north":{"texture":"#o0","uv":[5.0,1.0,6.0,2.0]},"east":{"texture":"#o0","uv":[5.0,1.0,6.0,2.0]},"south":{"texture":"#o0","uv":[5.0,1.0,6.0,2.0]}},"rotation":{"angle":-45.0,"axis":"z","origin":[8.2302,-4.59907,12.48084]},"name":"hexadecagon"},{"from":[6.5202,-4.93921,11.91084],"to":[7.0902,-4.25893,12.02484],"faces":{"north":{"texture":"#o0","uv":[5.0,1.0,6.0,2.0]},"east":{"texture":"#o0","uv":[5.0,1.0,6.0,2.0]},"south":{"texture":"#o0","uv":[5.0,1.0,6.0,2.0]}},"rotation":{"angle":-22.5,"axis":"z","origin":[8.2302,-4.59907,12.48084]},"name":"hexadecagon"},{"from":[6.33966,-6.30721,11.91084],"to":[7.0902,-2.20321,12.02484],"faces":{"north":{"texture":"#o0","uv":[5.0,1.0,6.0,2.0]},"east":{"texture":"#o0","uv":[5.0,1.0,6.0,2.0]},"south":{"texture":"#o0","uv":[5.0,1.0,6.0,2.0]}},"rotation":{"angle":0.0,"axis":"x","origin":[8.2302,-4.59907,12.48084]},"name":"hexadecagon"},{"from":[6.5202,-4.93921,11.91084],"to":[7.0902,-4.25893,12.02484],"faces":{"north":{"texture":"#o0","uv":[5.0,1.0,6.0,2.0]},"east":{"texture":"#o0","uv":[5.0,1.0,6.0,2.0]},"south":{"texture":"#o0","uv":[5.0,1.0,6.0,2.0]}},"rotation":{"angle":22.5,"axis":"z","origin":[8.2302,-4.59907,12.48084]},"name":"hexadecagon"},{"from":[6.5202,-4.93921,11.91084],"to":[7.0902,-4.25893,12.02484],"faces":{"north":{"texture":"#o0","uv":[5.0,1.0,6.0,2.0]},"east":{"texture":"#o0","uv":[5.0,1.0,6.0,2.0]},"south":{"texture":"#o0","uv":[5.0,1.0,6.0,2.0]}},"rotation":{"angle":45.0,"axis":"z","origin":[8.2302,-4.59907,12.48084]},"name":"hexadecagon"},{"from":[7.89006,-6.30907,11.91084],"to":[8.57034,-5.73907,12.02484],"faces":{"north":{"texture":"#o0","uv":[5.0,1.0,6.0,2.0]},"south":{"texture":"#o0","uv":[5.0,1.0,6.0,2.0]},"up":{"texture":"#o0","uv":[5.0,1.0,6.0,2.0]},"down":{"texture":"#o0","uv":[5.0,1.0,6.0,2.0]}},"rotation":{"angle":-22.5,"axis":"z","origin":[8.2302,-4.59907,12.48084]},"name":"hexadecagon"},{"from":[6.33966,-8.93107,11.91084],"to":[10.11729,-5.73907,12.02484],"faces":{"north":{"texture":"#o0","uv":[5.0,1.0,6.0,2.0]},"south":{"texture":"#o0","uv":[5.0,1.0,6.0,2.0]},"up":{"texture":"#o0","uv":[5.0,1.0,6.0,2.0]}},"rotation":{"angle":0.0,"axis":"x","origin":[8.2302,-4.59907,12.48084]},"name":"hexadecagon"},{"from":[7.89006,-6.30907,11.91084],"to":[8.57034,-5.73907,12.02484],"faces":{"north":{"texture":"#o0","uv":[5.0,1.0,6.0,2.0]},"south":{"texture":"#o0","uv":[5.0,1.0,6.0,2.0]},"up":{"texture":"#o0","uv":[5.0,1.0,6.0,2.0]},"down":{"texture":"#o0","uv":[5.0,1.0,6.0,2.0]}},"rotation":{"angle":22.5,"axis":"z","origin":[8.2302,-4.59907,12.48084]},"name":"hexadecagon"},{"from":[7.89006,-3.45907,11.91084],"to":[8.57034,-2.88907,12.02484],"faces":{"north":{"texture":"#o0","uv":[5.0,1.0,6.0,2.0]},"south":{"texture":"#o0","uv":[5.0,1.0,6.0,2.0]},"down":{"texture":"#o0","uv":[5.0,1.0,6.0,2.0]}},"rotation":{"angle":-22.5,"axis":"z","origin":[8.2302,-4.59907,12.48084]},"name":"hexadecagon"},{"from":[7.0902,-3.45907,11.91084],"to":[9.3702,-2.20321,12.02484],"faces":{"north":{"texture":"#o0","uv":[5.0,1.0,6.0,2.0]},"south":{"texture":"#o0","uv":[5.0,1.0,6.0,2.0]},"down":{"texture":"#o0","uv":[5.0,1.0,6.0,2.0]}},"rotation":{"angle":0.0,"axis":"x","origin":[8.2302,-4.59907,12.48084]},"name":"hexadecagon"},{"from":[7.89006,-3.45907,11.91084],"to":[8.57034,-2.88907,12.02484],"faces":{"north":{"texture":"#o0","uv":[5.0,1.0,6.0,2.0]},"south":{"texture":"#o0","uv":[5.0,1.0,6.0,2.0]},"down":{"texture":"#o0","uv":[5.0,1.0,6.0,2.0]}},"rotation":{"angle":22.5,"axis":"z","origin":[8.2302,-4.59907,12.48084]},"name":"hexadecagon"},{"from":[3.66848,-0.13981,5.75312],"to":[3.78248,0.54047,6.32312],"faces":{"east":{"texture":"#o0","uv":[9.0,1.0,10.0,2.0]},"south":{"texture":"#o0","uv":[9.0,1.0,10.0,2.0]},"west":{"texture":"#o0","uv":[9.0,1.0,10.0,2.0]}},"rotation":{"angle":-45.0,"axis":"x","origin":[4.23848,0.20033,7.46312]},"name":"hexadecagon"},{"from":[3.66848,-0.13981,5.75312],"to":[3.78248,0.54047,6.32312],"faces":{"east":{"texture":"#o0","uv":[9.0,1.0,10.0,2.0]},"south":{"texture":"#o0","uv":[9.0,1.0,10.0,2.0]},"west":{"texture":"#o0","uv":[9.0,1.0,10.0,2.0]}},"rotation":{"angle":-22.5,"axis":"x","origin":[4.23848,0.20033,7.46312]},"name":"hexadecagon"},{"from":[3.66848,-2.19181,5.57603],"to":[3.78248,2.82419,6.32312],"faces":{"east":{"texture":"#o0","uv":[9.0,1.0,10.0,2.0]},"south":{"texture":"#o0","uv":[9.0,1.0,10.0,2.0]},"west":{"texture":"#o0","uv":[9.0,1.0,10.0,2.0]}},"rotation":{"angle":0.0,"axis":"x","origin":[4.23848,0.20033,7.46312]},"name":"hexadecagon"},{"from":[3.66848,-0.13981,5.75312],"to":[3.78248,0.54047,6.32312],"faces":{"east":{"texture":"#o0","uv":[9.0,1.0,10.0,2.0]},"south":{"texture":"#o0","uv":[9.0,1.0,10.0,2.0]},"west":{"texture":"#o0","uv":[9.0,1.0,10.0,2.0]}},"rotation":{"angle":22.5,"axis":"x","origin":[4.23848,0.20033,7.46312]},"name":"hexadecagon"},{"from":[3.66848,-0.13981,5.75312],"to":[3.78248,0.54047,6.32312],"faces":{"east":{"texture":"#o0","uv":[9.0,1.0,10.0,2.0]},"south":{"texture":"#o0","uv":[9.0,1.0,10.0,2.0]},"west":{"texture":"#o0","uv":[9.0,1.0,10.0,2.0]}},"rotation":{"angle":45.0,"axis":"x","origin":[4.23848,0.20033,7.46312]},"name":"hexadecagon"},{"from":[3.66848,-0.13981,8.60312],"to":[3.78248,0.54047,9.17312],"faces":{"north":{"texture":"#o0","uv":[9.0,1.0,10.0,2.0]},"east":{"texture":"#o0","uv":[9.0,1.0,10.0,2.0]},"west":{"texture":"#o0","uv":[9.0,1.0,10.0,2.0]}},"rotation":{"angle":-45.0,"axis":"x","origin":[4.23848,0.20033,7.46312]},"name":"hexadecagon"},{"from":[3.66848,-0.13981,8.60312],"to":[3.78248,0.54047,9.17312],"faces":{"north":{"texture":"#o0","uv":[9.0,1.0,10.0,2.0]},"east":{"texture":"#o0","uv":[9.0,1.0,10.0,2.0]},"west":{"texture":"#o0","uv":[9.0,1.0,10.0,2.0]}},"rotation":{"angle":-22.5,"axis":"x","origin":[4.23848,0.20033,7.46312]},"name":"hexadecagon"},{"from":[3.66848,-2.19181,8.60312],"to":[3.78248,2.82419,9.35366],"faces":{"north":{"texture":"#o0","uv":[9.0,1.0,10.0,2.0]},"east":{"texture":"#o0","uv":[9.0,1.0,10.0,2.0]},"west":{"texture":"#o0","uv":[9.0,1.0,10.0,2.0]}},"rotation":{"angle":0.0,"axis":"x","origin":[4.23848,0.20033,7.46312]},"name":"hexadecagon"},{"from":[3.66848,-0.13981,8.60312],"to":[3.78248,0.54047,9.17312],"faces":{"north":{"texture":"#o0","uv":[9.0,1.0,10.0,2.0]},"east":{"texture":"#o0","uv":[9.0,1.0,10.0,2.0]},"west":{"texture":"#o0","uv":[9.0,1.0,10.0,2.0]}},"rotation":{"angle":22.5,"axis":"x","origin":[4.23848,0.20033,7.46312]},"name":"hexadecagon"},{"from":[3.66848,-0.13981,8.60312],"to":[3.78248,0.54047,9.17312],"faces":{"north":{"texture":"#o0","uv":[9.0,1.0,10.0,2.0]},"east":{"texture":"#o0","uv":[9.0,1.0,10.0,2.0]},"west":{"texture":"#o0","uv":[9.0,1.0,10.0,2.0]}},"rotation":{"angle":45.0,"axis":"x","origin":[4.23848,0.20033,7.46312]},"name":"hexadecagon"},{"from":[3.66848,-1.50967,7.12298],"to":[3.78248,-0.93967,7.80326],"faces":{"east":{"texture":"#o0","uv":[9.0,1.0,10.0,2.0]},"west":{"texture":"#o0","uv":[9.0,1.0,10.0,2.0]},"up":{"texture":"#o0","uv":[9.0,1.0,10.0,2.0]}},"rotation":{"angle":-22.5,"axis":"x","origin":[4.23848,0.20033,7.46312]},"name":"hexadecagon"},{"from":[3.66848,-2.19181,6.32312],"to":[3.78248,-0.93967,8.60312],"faces":{"east":{"texture":"#o0","uv":[9.0,1.0,10.0,2.0]},"west":{"texture":"#o0","uv":[9.0,1.0,10.0,2.0]},"up":{"texture":"#o0","uv":[9.0,1.0,10.0,2.0]}},"rotation":{"angle":0.0,"axis":"x","origin":[4.23848,0.20033,7.46312]},"name":"hexadecagon"},{"from":[3.66848,-1.50967,7.12298],"to":[3.78248,-0.93967,7.80326],"faces":{"east":{"texture":"#o0","uv":[9.0,1.0,10.0,2.0]},"west":{"texture":"#o0","uv":[9.0,1.0,10.0,2.0]},"up":{"texture":"#o0","uv":[9.0,1.0,10.0,2.0]}},"rotation":{"angle":22.5,"axis":"x","origin":[4.23848,0.20033,7.46312]},"name":"hexadecagon"},{"from":[3.66848,1.34033,7.12298],"to":[3.78248,1.91033,7.80326],"faces":{"east":{"texture":"#o0","uv":[9.0,1.0,10.0,2.0]},"west":{"texture":"#o0","uv":[9.0,1.0,10.0,2.0]},"down":{"texture":"#o0","uv":[9.0,1.0,10.0,2.0]}},"rotation":{"angle":-22.5,"axis":"x","origin":[4.23848,0.20033,7.46312]},"name":"hexadecagon"},{"from":[3.66848,1.34033,6.32312],"to":[3.78248,2.82419,8.60312],"faces":{"east":{"texture":"#o0","uv":[9.0,1.0,10.0,2.0]},"west":{"texture":"#o0","uv":[9.0,1.0,10.0,2.0]},"down":{"texture":"#o0","uv":[9.0,1.0,10.0,2.0]}},"rotation":{"angle":0.0,"axis":"x","origin":[4.23848,0.20033,7.46312]},"name":"hexadecagon"},{"from":[3.66848,1.34033,7.12298],"to":[3.78248,1.91033,7.80326],"faces":{"east":{"texture":"#o0","uv":[9.0,1.0,10.0,2.0]},"west":{"texture":"#o0","uv":[9.0,1.0,10.0,2.0]},"down":{"texture":"#o0","uv":[9.0,1.0,10.0,2.0]}},"rotation":{"angle":22.5,"axis":"x","origin":[4.23848,0.20033,7.46312]},"name":"hexadecagon"},{"from":[12.67448,-0.14167,5.75312],"to":[12.78848,0.53861,6.32312],"faces":{"east":{"texture":"#o0","uv":[9.0,1.0,10.0,2.0]},"south":{"texture":"#o0","uv":[9.0,1.0,10.0,2.0]},"west":{"texture":"#o0","uv":[9.0,1.0,10.0,2.0]}},"rotation":{"angle":-45.0,"axis":"x","origin":[13.24448,0.19847,7.46312]},"name":"hexadecagon"},{"from":[12.67448,-0.14167,5.75312],"to":[12.78848,0.53861,6.32312],"faces":{"east":{"texture":"#o0","uv":[9.0,1.0,10.0,2.0]},"south":{"texture":"#o0","uv":[9.0,1.0,10.0,2.0]},"west":{"texture":"#o0","uv":[9.0,1.0,10.0,2.0]}},"rotation":{"angle":-22.5,"axis":"x","origin":[13.24448,0.19847,7.46312]},"name":"hexadecagon"},{"from":[12.67448,-2.19367,5.57603],"to":[12.78848,2.82233,6.32312],"faces":{"east":{"texture":"#o0","uv":[9.0,1.0,10.0,2.0]},"south":{"texture":"#o0","uv":[9.0,1.0,10.0,2.0]},"west":{"texture":"#o0","uv":[9.0,1.0,10.0,2.0]}},"rotation":{"angle":0.0,"axis":"x","origin":[13.24448,0.19847,7.46312]},"name":"hexadecagon"},{"from":[12.67448,-0.14167,5.75312],"to":[12.78848,0.53861,6.32312],"faces":{"east":{"texture":"#o0","uv":[9.0,1.0,10.0,2.0]},"south":{"texture":"#o0","uv":[9.0,1.0,10.0,2.0]},"west":{"texture":"#o0","uv":[9.0,1.0,10.0,2.0]}},"rotation":{"angle":22.5,"axis":"x","origin":[13.24448,0.19847,7.46312]},"name":"hexadecagon"},{"from":[12.67448,-0.14167,5.75312],"to":[12.78848,0.53861,6.32312],"faces":{"east":{"texture":"#o0","uv":[9.0,1.0,10.0,2.0]},"south":{"texture":"#o0","uv":[9.0,1.0,10.0,2.0]},"west":{"texture":"#o0","uv":[9.0,1.0,10.0,2.0]}},"rotation":{"angle":45.0,"axis":"x","origin":[13.24448,0.19847,7.46312]},"name":"hexadecagon"},{"from":[12.67448,-0.14167,8.60312],"to":[12.78848,0.53861,9.17312],"faces":{"north":{"texture":"#o0","uv":[9.0,1.0,10.0,2.0]},"east":{"texture":"#o0","uv":[9.0,1.0,10.0,2.0]},"west":{"texture":"#o0","uv":[9.0,1.0,10.0,2.0]}},"rotation":{"angle":-45.0,"axis":"x","origin":[13.24448,0.19847,7.46312]},"name":"hexadecagon"},{"from":[12.67448,-0.14167,8.60312],"to":[12.78848,0.53861,9.17312],"faces":{"north":{"texture":"#o0","uv":[9.0,1.0,10.0,2.0]},"east":{"texture":"#o0","uv":[9.0,1.0,10.0,2.0]},"west":{"texture":"#o0","uv":[9.0,1.0,10.0,2.0]}},"rotation":{"angle":-22.5,"axis":"x","origin":[13.24448,0.19847,7.46312]},"name":"hexadecagon"},{"from":[12.67448,-2.19367,8.60312],"to":[12.78848,2.82233,9.35366],"faces":{"north":{"texture":"#o0","uv":[9.0,1.0,10.0,2.0]},"east":{"texture":"#o0","uv":[9.0,1.0,10.0,2.0]},"west":{"texture":"#o0","uv":[9.0,1.0,10.0,2.0]}},"rotation":{"angle":0.0,"axis":"x","origin":[13.24448,0.19847,7.46312]},"name":"hexadecagon"},{"from":[12.67448,-0.14167,8.60312],"to":[12.78848,0.53861,9.17312],"faces":{"north":{"texture":"#o0","uv":[9.0,1.0,10.0,2.0]},"east":{"texture":"#o0","uv":[9.0,1.0,10.0,2.0]},"west":{"texture":"#o0","uv":[9.0,1.0,10.0,2.0]}},"rotation":{"angle":22.5,"axis":"x","origin":[13.24448,0.19847,7.46312]},"name":"hexadecagon"},{"from":[12.67448,-0.14167,8.60312],"to":[12.78848,0.53861,9.17312],"faces":{"north":{"texture":"#o0","uv":[9.0,1.0,10.0,2.0]},"east":{"texture":"#o0","uv":[9.0,1.0,10.0,2.0]},"west":{"texture":"#o0","uv":[9.0,1.0,10.0,2.0]}},"rotation":{"angle":45.0,"axis":"x","origin":[13.24448,0.19847,7.46312]},"name":"hexadecagon"},{"from":[12.67448,-1.51153,7.12298],"to":[12.78848,-0.94153,7.80326],"faces":{"east":{"texture":"#o0","uv":[9.0,1.0,10.0,2.0]},"west":{"texture":"#o0","uv":[9.0,1.0,10.0,2.0]},"up":{"texture":"#o0","uv":[9.0,1.0,10.0,2.0]}},"rotation":{"angle":-22.5,"axis":"x","origin":[13.24448,0.19847,7.46312]},"name":"hexadecagon"},{"from":[12.67448,-2.19367,6.32312],"to":[12.78848,-0.94153,8.60312],"faces":{"east":{"texture":"#o0","uv":[9.0,1.0,10.0,2.0]},"west":{"texture":"#o0","uv":[9.0,1.0,10.0,2.0]},"up":{"texture":"#o0","uv":[9.0,1.0,10.0,2.0]}},"rotation":{"angle":0.0,"axis":"x","origin":[13.24448,0.19847,7.46312]},"name":"hexadecagon"},{"from":[12.67448,-1.51153,7.12298],"to":[12.78848,-0.94153,7.80326],"faces":{"east":{"texture":"#o0","uv":[9.0,1.0,10.0,2.0]},"west":{"texture":"#o0","uv":[9.0,1.0,10.0,2.0]},"up":{"texture":"#o0","uv":[9.0,1.0,10.0,2.0]}},"rotation":{"angle":22.5,"axis":"x","origin":[13.24448,0.19847,7.46312]},"name":"hexadecagon"},{"from":[12.67448,1.33847,7.12298],"to":[12.78848,1.90847,7.80326],"faces":{"north":{"texture":"#o0","uv":[9.0,1.0,10.0,2.0]},"east":{"texture":"#o0","uv":[9.0,1.0,10.0,2.0]},"south":{"texture":"#o0","uv":[9.0,1.0,10.0,2.0]},"west":{"texture":"#o0","uv":[9.0,1.0,10.0,2.0]},"up":{"texture":"#o0","uv":[9.0,1.0,10.0,2.0]},"down":{"texture":"#o0","uv":[9.0,1.0,10.0,2.0]}},"rotation":{"angle":-22.5,"axis":"x","origin":[13.24448,0.19847,7.46312]},"name":"hexadecagon"},{"from":[12.67448,1.33847,6.32312],"to":[12.78848,2.82233,8.60312],"faces":{"east":{"texture":"#o0","uv":[9.0,1.0,10.0,2.0]},"west":{"texture":"#o0","uv":[9.0,1.0,10.0,2.0]},"down":{"texture":"#o0","uv":[9.0,1.0,10.0,2.0]}},"rotation":{"angle":0.0,"axis":"x","origin":[13.24448,0.19847,7.46312]},"name":"hexadecagon"},{"from":[12.67448,1.33847,7.12298],"to":[12.78848,1.90847,7.80326],"faces":{"north":{"texture":"#o0","uv":[9.0,1.0,10.0,2.0]},"east":{"texture":"#o0","uv":[9.0,1.0,10.0,2.0]},"south":{"texture":"#o0","uv":[9.0,1.0,10.0,2.0]},"west":{"texture":"#o0","uv":[9.0,1.0,10.0,2.0]},"up":{"texture":"#o0","uv":[9.0,1.0,10.0,2.0]},"down":{"texture":"#o0","uv":[9.0,1.0,10.0,2.0]}},"rotation":{"angle":22.5,"axis":"x","origin":[13.24448,0.19847,7.46312]},"name":"hexadecagon"},{"from":[9.3702,-0.13795,2.90484],"to":[9.9402,0.54233,3.01884],"faces":{"north":{"texture":"#o0","uv":[9.0,1.0,10.0,2.0]},"south":{"texture":"#o0","uv":[9.0,1.0,10.0,2.0]},"west":{"texture":"#o0","uv":[9.0,1.0,10.0,2.0]}},"rotation":{"angle":-45.0,"axis":"z","origin":[8.2302,0.20219,3.47484]},"name":"hexadecagon"},{"from":[9.3702,-0.13795,2.90484],"to":[9.9402,0.54233,3.01884],"faces":{"north":{"texture":"#o0","uv":[9.0,1.0,10.0,2.0]},"south":{"texture":"#o0","uv":[9.0,1.0,10.0,2.0]},"west":{"texture":"#o0","uv":[9.0,1.0,10.0,2.0]}},"rotation":{"angle":-22.5,"axis":"z","origin":[8.2302,0.20219,3.47484]},"name":"hexadecagon"},{"from":[9.3702,-2.18995,2.90484],"to":[10.11729,2.82605,3.01884],"faces":{"north":{"texture":"#o0","uv":[9.0,1.0,10.0,2.0]},"south":{"texture":"#o0","uv":[9.0,1.0,10.0,2.0]},"west":{"texture":"#o0","uv":[9.0,1.0,10.0,2.0]}},"rotation":{"angle":0.0,"axis":"x","origin":[8.2302,0.20219,3.47484]},"name":"hexadecagon"},{"from":[9.3702,-0.13795,2.90484],"to":[9.9402,0.54233,3.01884],"faces":{"north":{"texture":"#o0","uv":[9.0,1.0,10.0,2.0]},"south":{"texture":"#o0","uv":[9.0,1.0,10.0,2.0]},"west":{"texture":"#o0","uv":[9.0,1.0,10.0,2.0]}},"rotation":{"angle":22.5,"axis":"z","origin":[8.2302,0.20219,3.47484]},"name":"hexadecagon"},{"from":[9.3702,-0.13795,2.90484],"to":[9.9402,0.54233,3.01884],"faces":{"north":{"texture":"#o0","uv":[9.0,1.0,10.0,2.0]},"south":{"texture":"#o0","uv":[9.0,1.0,10.0,2.0]},"west":{"texture":"#o0","uv":[9.0,1.0,10.0,2.0]}},"rotation":{"angle":45.0,"axis":"z","origin":[8.2302,0.20219,3.47484]},"name":"hexadecagon"},{"from":[6.5202,-0.13795,2.90484],"to":[7.0902,0.54233,3.01884],"faces":{"north":{"texture":"#o0","uv":[9.0,1.0,10.0,2.0]},"east":{"texture":"#o0","uv":[9.0,1.0,10.0,2.0]},"south":{"texture":"#o0","uv":[9.0,1.0,10.0,2.0]}},"rotation":{"angle":-45.0,"axis":"z","origin":[8.2302,0.20219,3.47484]},"name":"hexadecagon"},{"from":[6.5202,-0.13795,2.90484],"to":[7.0902,0.54233,3.01884],"faces":{"north":{"texture":"#o0","uv":[9.0,1.0,10.0,2.0]},"east":{"texture":"#o0","uv":[9.0,1.0,10.0,2.0]},"south":{"texture":"#o0","uv":[9.0,1.0,10.0,2.0]}},"rotation":{"angle":-22.5,"axis":"z","origin":[8.2302,0.20219,3.47484]},"name":"hexadecagon"},{"from":[6.33966,-2.18995,2.90484],"to":[7.0902,2.82605,3.01884],"faces":{"north":{"texture":"#o0","uv":[9.0,1.0,10.0,2.0]},"east":{"texture":"#o0","uv":[9.0,1.0,10.0,2.0]},"south":{"texture":"#o0","uv":[9.0,1.0,10.0,2.0]}},"rotation":{"angle":0.0,"axis":"x","origin":[8.2302,0.20219,3.47484]},"name":"hexadecagon"},{"from":[6.5202,-0.13795,2.90484],"to":[7.0902,0.54233,3.01884],"faces":{"north":{"texture":"#o0","uv":[9.0,1.0,10.0,2.0]},"east":{"texture":"#o0","uv":[9.0,1.0,10.0,2.0]},"south":{"texture":"#o0","uv":[9.0,1.0,10.0,2.0]}},"rotation":{"angle":22.5,"axis":"z","origin":[8.2302,0.20219,3.47484]},"name":"hexadecagon"},{"from":[6.5202,-0.13795,2.90484],"to":[7.0902,0.54233,3.01884],"faces":{"north":{"texture":"#o0","uv":[9.0,1.0,10.0,2.0]},"east":{"texture":"#o0","uv":[9.0,1.0,10.0,2.0]},"south":{"texture":"#o0","uv":[9.0,1.0,10.0,2.0]}},"rotation":{"angle":45.0,"axis":"z","origin":[8.2302,0.20219,3.47484]},"name":"hexadecagon"},{"from":[7.89006,-1.50781,2.90484],"to":[8.57034,-0.93781,3.01884],"faces":{"north":{"texture":"#o0","uv":[9.0,1.0,10.0,2.0]},"south":{"texture":"#o0","uv":[9.0,1.0,10.0,2.0]},"up":{"texture":"#o0","uv":[9.0,1.0,10.0,2.0]},"down":{"texture":"#o0","uv":[9.0,1.0,10.0,2.0]}},"rotation":{"angle":-22.5,"axis":"z","origin":[8.2302,0.20219,3.47484]},"name":"hexadecagon"},{"from":[7.0902,-2.18995,2.90484],"to":[9.3702,-0.93781,3.01884],"faces":{"north":{"texture":"#o0","uv":[9.0,1.0,10.0,2.0]},"south":{"texture":"#o0","uv":[9.0,1.0,10.0,2.0]},"up":{"texture":"#o0","uv":[9.0,1.0,10.0,2.0]},"down":{"texture":"#o0","uv":[9.0,1.0,10.0,2.0]}},"rotation":{"angle":0.0,"axis":"x","origin":[8.2302,0.20219,3.47484]},"name":"hexadecagon"},{"from":[7.89006,-1.50781,2.90484],"to":[8.57034,-0.93781,3.01884],"faces":{"north":{"texture":"#o0","uv":[9.0,1.0,10.0,2.0]},"south":{"texture":"#o0","uv":[9.0,1.0,10.0,2.0]},"up":{"texture":"#o0","uv":[9.0,1.0,10.0,2.0]},"down":{"texture":"#o0","uv":[9.0,1.0,10.0,2.0]}},"rotation":{"angle":22.5,"axis":"z","origin":[8.2302,0.20219,3.47484]},"name":"hexadecagon"},{"from":[7.89006,1.34219,2.90484],"to":[8.57034,1.91219,3.01884],"faces":{"north":{"texture":"#o0","uv":[9.0,1.0,10.0,2.0]},"south":{"texture":"#o0","uv":[9.0,1.0,10.0,2.0]},"down":{"texture":"#o0","uv":[9.0,1.0,10.0,2.0]}},"rotation":{"angle":-22.5,"axis":"z","origin":[8.2302,0.20219,3.47484]},"name":"hexadecagon"},{"from":[7.0902,1.34219,2.90484],"to":[9.3702,2.82605,3.01884],"faces":{"north":{"texture":"#o0","uv":[9.0,1.0,10.0,2.0]},"south":{"texture":"#o0","uv":[9.0,1.0,10.0,2.0]},"down":{"texture":"#o0","uv":[9.0,1.0,10.0,2.0]}},"rotation":{"angle":0.0,"axis":"x","origin":[8.2302,0.20219,3.47484]},"name":"hexadecagon"},{"from":[7.89006,1.34219,2.90484],"to":[8.57034,1.91219,3.01884],"faces":{"north":{"texture":"#o0","uv":[9.0,1.0,10.0,2.0]},"south":{"texture":"#o0","uv":[9.0,1.0,10.0,2.0]},"down":{"texture":"#o0","uv":[9.0,1.0,10.0,2.0]}},"rotation":{"angle":22.5,"axis":"z","origin":[8.2302,0.20219,3.47484]},"name":"hexadecagon"},{"from":[9.3702,-0.13981,11.91084],"to":[9.9402,0.54047,12.02484],"faces":{"north":{"texture":"#o0","uv":[9.0,1.0,10.0,2.0]},"south":{"texture":"#o0","uv":[9.0,1.0,10.0,2.0]},"west":{"texture":"#o0","uv":[9.0,1.0,10.0,2.0]}},"rotation":{"angle":-45.0,"axis":"z","origin":[8.2302,0.20033,12.48084]},"name":"hexadecagon"},{"from":[9.3702,-0.13981,11.91084],"to":[9.9402,0.54047,12.02484],"faces":{"north":{"texture":"#o0","uv":[9.0,1.0,10.0,2.0]},"south":{"texture":"#o0","uv":[9.0,1.0,10.0,2.0]},"west":{"texture":"#o0","uv":[9.0,1.0,10.0,2.0]}},"rotation":{"angle":-22.5,"axis":"z","origin":[8.2302,0.20033,12.48084]},"name":"hexadecagon"},{"from":[9.3702,-2.19181,11.91084],"to":[10.11729,2.82419,12.02484],"faces":{"north":{"texture":"#o0","uv":[9.0,1.0,10.0,2.0]},"south":{"texture":"#o0","uv":[9.0,1.0,10.0,2.0]},"west":{"texture":"#o0","uv":[9.0,1.0,10.0,2.0]}},"rotation":{"angle":0.0,"axis":"x","origin":[8.2302,0.20033,12.48084]},"name":"hexadecagon"},{"from":[9.3702,-0.13981,11.91084],"to":[9.9402,0.54047,12.02484],"faces":{"north":{"texture":"#o0","uv":[9.0,1.0,10.0,2.0]},"south":{"texture":"#o0","uv":[9.0,1.0,10.0,2.0]},"west":{"texture":"#o0","uv":[9.0,1.0,10.0,2.0]}},"rotation":{"angle":22.5,"axis":"z","origin":[8.2302,0.20033,12.48084]},"name":"hexadecagon"},{"from":[9.3702,-0.13981,11.91084],"to":[9.9402,0.54047,12.02484],"faces":{"north":{"texture":"#o0","uv":[9.0,1.0,10.0,2.0]},"south":{"texture":"#o0","uv":[9.0,1.0,10.0,2.0]},"west":{"texture":"#o0","uv":[9.0,1.0,10.0,2.0]}},"rotation":{"angle":45.0,"axis":"z","origin":[8.2302,0.20033,12.48084]},"name":"hexadecagon"},{"from":[6.5202,-0.13981,11.91084],"to":[7.0902,0.54047,12.02484],"faces":{"north":{"texture":"#o0","uv":[9.0,1.0,10.0,2.0]},"east":{"texture":"#o0","uv":[9.0,1.0,10.0,2.0]},"south":{"texture":"#o0","uv":[9.0,1.0,10.0,2.0]}},"rotation":{"angle":-45.0,"axis":"z","origin":[8.2302,0.20033,12.48084]},"name":"hexadecagon"},{"from":[6.5202,-0.13981,11.91084],"to":[7.0902,0.54047,12.02484],"faces":{"north":{"texture":"#o0","uv":[9.0,1.0,10.0,2.0]},"east":{"texture":"#o0","uv":[9.0,1.0,10.0,2.0]},"south":{"texture":"#o0","uv":[9.0,1.0,10.0,2.0]}},"rotation":{"angle":-22.5,"axis":"z","origin":[8.2302,0.20033,12.48084]},"name":"hexadecagon"},{"from":[6.33966,-2.19181,11.91084],"to":[7.0902,2.82419,12.02484],"faces":{"north":{"texture":"#o0","uv":[9.0,1.0,10.0,2.0]},"east":{"texture":"#o0","uv":[9.0,1.0,10.0,2.0]},"south":{"texture":"#o0","uv":[9.0,1.0,10.0,2.0]}},"rotation":{"angle":0.0,"axis":"x","origin":[8.2302,0.20033,12.48084]},"name":"hexadecagon"},{"from":[6.5202,-0.13981,11.91084],"to":[7.0902,0.54047,12.02484],"faces":{"north":{"texture":"#o0","uv":[9.0,1.0,10.0,2.0]},"east":{"texture":"#o0","uv":[9.0,1.0,10.0,2.0]},"south":{"texture":"#o0","uv":[9.0,1.0,10.0,2.0]}},"rotation":{"angle":22.5,"axis":"z","origin":[8.2302,0.20033,12.48084]},"name":"hexadecagon"},{"from":[6.5202,-0.13981,11.91084],"to":[7.0902,0.54047,12.02484],"faces":{"north":{"texture":"#o0","uv":[9.0,1.0,10.0,2.0]},"east":{"texture":"#o0","uv":[9.0,1.0,10.0,2.0]},"south":{"texture":"#o0","uv":[9.0,1.0,10.0,2.0]}},"rotation":{"angle":45.0,"axis":"z","origin":[8.2302,0.20033,12.48084]},"name":"hexadecagon"},{"from":[7.89006,-1.50967,11.91084],"to":[8.57034,-0.93967,12.02484],"faces":{"north":{"texture":"#o0","uv":[9.0,1.0,10.0,2.0]},"south":{"texture":"#o0","uv":[9.0,1.0,10.0,2.0]},"up":{"texture":"#o0","uv":[9.0,1.0,10.0,2.0]},"down":{"texture":"#o0","uv":[9.0,1.0,10.0,2.0]}},"rotation":{"angle":-22.5,"axis":"z","origin":[8.2302,0.20033,12.48084]},"name":"hexadecagon"},{"from":[7.0902,-2.19181,11.91084],"to":[9.3702,-0.93967,12.02484],"faces":{"north":{"texture":"#o0","uv":[9.0,1.0,10.0,2.0]},"south":{"texture":"#o0","uv":[9.0,1.0,10.0,2.0]},"up":{"texture":"#o0","uv":[9.0,1.0,10.0,2.0]},"down":{"texture":"#o0","uv":[9.0,1.0,10.0,2.0]}},"rotation":{"angle":0.0,"axis":"x","origin":[8.2302,0.20033,12.48084]},"name":"hexadecagon"},{"from":[7.89006,-1.50967,11.91084],"to":[8.57034,-0.93967,12.02484],"faces":{"north":{"texture":"#o0","uv":[9.0,1.0,10.0,2.0]},"south":{"texture":"#o0","uv":[9.0,1.0,10.0,2.0]},"up":{"texture":"#o0","uv":[9.0,1.0,10.0,2.0]},"down":{"texture":"#o0","uv":[9.0,1.0,10.0,2.0]}},"rotation":{"angle":22.5,"axis":"z","origin":[8.2302,0.20033,12.48084]},"name":"hexadecagon"},{"from":[7.89006,1.34033,11.91084],"to":[8.57034,1.91033,12.02484],"faces":{"north":{"texture":"#o0","uv":[9.0,1.0,10.0,2.0]},"south":{"texture":"#o0","uv":[9.0,1.0,10.0,2.0]},"down":{"texture":"#o0","uv":[9.0,1.0,10.0,2.0]}},"rotation":{"angle":-22.5,"axis":"z","origin":[8.2302,0.20033,12.48084]},"name":"hexadecagon"},{"from":[7.0902,1.34033,11.91084],"to":[9.3702,2.82419,12.02484],"faces":{"north":{"texture":"#o0","uv":[9.0,1.0,10.0,2.0]},"south":{"texture":"#o0","uv":[9.0,1.0,10.0,2.0]},"down":{"texture":"#o0","uv":[9.0,1.0,10.0,2.0]}},"rotation":{"angle":0.0,"axis":"x","origin":[8.2302,0.20033,12.48084]},"name":"hexadecagon"},{"from":[7.89006,1.34033,11.91084],"to":[8.57034,1.91033,12.02484],"faces":{"north":{"texture":"#o0","uv":[9.0,1.0,10.0,2.0]},"south":{"texture":"#o0","uv":[9.0,1.0,10.0,2.0]},"down":{"texture":"#o0","uv":[9.0,1.0,10.0,2.0]}},"rotation":{"angle":22.5,"axis":"z","origin":[8.2302,0.20033,12.48084]},"name":"hexadecagon"},{"from":[3.66848,4.64819,5.75312],"to":[3.78248,5.32847,6.32312],"faces":{"east":{"texture":"#o0","uv":[5.0,1.0,6.0,2.0]},"south":{"texture":"#o0","uv":[5.0,1.0,6.0,2.0]},"west":{"texture":"#o0","uv":[5.0,1.0,6.0,2.0]}},"rotation":{"angle":-45.0,"axis":"x","origin":[4.23848,4.98833,7.46312]},"name":"hexadecagon"},{"from":[3.66848,4.64819,5.75312],"to":[3.78248,5.32847,6.32312],"faces":{"east":{"texture":"#o0","uv":[5.0,1.0,6.0,2.0]},"south":{"texture":"#o0","uv":[5.0,1.0,6.0,2.0]},"west":{"texture":"#o0","uv":[5.0,1.0,6.0,2.0]}},"rotation":{"angle":-22.5,"axis":"x","origin":[4.23848,4.98833,7.46312]},"name":"hexadecagon"},{"from":[3.66848,2.82419,5.57603],"to":[3.78248,6.69833,6.32312],"faces":{"east":{"texture":"#o0","uv":[5.0,1.0,6.0,2.0]},"south":{"texture":"#o0","uv":[5.0,1.0,6.0,2.0]},"west":{"texture":"#o0","uv":[5.0,1.0,6.0,2.0]}},"rotation":{"angle":0.0,"axis":"x","origin":[4.23848,4.98833,7.46312]},"name":"hexadecagon"},{"from":[3.66848,4.64819,5.75312],"to":[3.78248,5.32847,6.32312],"faces":{"east":{"texture":"#o0","uv":[5.0,1.0,6.0,2.0]},"south":{"texture":"#o0","uv":[5.0,1.0,6.0,2.0]},"west":{"texture":"#o0","uv":[5.0,1.0,6.0,2.0]}},"rotation":{"angle":22.5,"axis":"x","origin":[4.23848,4.98833,7.46312]},"name":"hexadecagon"},{"from":[3.66848,4.64819,5.75312],"to":[3.78248,5.32847,6.32312],"faces":{"east":{"texture":"#o0","uv":[5.0,1.0,6.0,2.0]},"south":{"texture":"#o0","uv":[5.0,1.0,6.0,2.0]},"west":{"texture":"#o0","uv":[5.0,1.0,6.0,2.0]}},"rotation":{"angle":45.0,"axis":"x","origin":[4.23848,4.98833,7.46312]},"name":"hexadecagon"},{"from":[3.66848,4.64819,8.60312],"to":[3.78248,5.32847,9.17312],"faces":{"north":{"texture":"#o0","uv":[5.0,1.0,6.0,2.0]},"east":{"texture":"#o0","uv":[5.0,1.0,6.0,2.0]},"west":{"texture":"#o0","uv":[5.0,1.0,6.0,2.0]}},"rotation":{"angle":-45.0,"axis":"x","origin":[4.23848,4.98833,7.46312]},"name":"hexadecagon"},{"from":[3.66848,4.64819,8.60312],"to":[3.78248,5.32847,9.17312],"faces":{"north":{"texture":"#o0","uv":[5.0,1.0,6.0,2.0]},"east":{"texture":"#o0","uv":[5.0,1.0,6.0,2.0]},"west":{"texture":"#o0","uv":[5.0,1.0,6.0,2.0]}},"rotation":{"angle":-22.5,"axis":"x","origin":[4.23848,4.98833,7.46312]},"name":"hexadecagon"},{"from":[3.66848,2.82419,8.60312],"to":[3.78248,6.69833,9.35366],"faces":{"north":{"texture":"#o0","uv":[5.0,1.0,6.0,2.0]},"east":{"texture":"#o0","uv":[5.0,1.0,6.0,2.0]},"west":{"texture":"#o0","uv":[5.0,1.0,6.0,2.0]}},"rotation":{"angle":0.0,"axis":"x","origin":[4.23848,4.98833,7.46312]},"name":"hexadecagon"},{"from":[3.66848,4.64819,8.60312],"to":[3.78248,5.32847,9.17312],"faces":{"north":{"texture":"#o0","uv":[5.0,1.0,6.0,2.0]},"east":{"texture":"#o0","uv":[5.0,1.0,6.0,2.0]},"west":{"texture":"#o0","uv":[5.0,1.0,6.0,2.0]}},"rotation":{"angle":22.5,"axis":"x","origin":[4.23848,4.98833,7.46312]},"name":"hexadecagon"},{"from":[3.66848,4.64819,8.60312],"to":[3.78248,5.32847,9.17312],"faces":{"north":{"texture":"#o0","uv":[5.0,1.0,6.0,2.0]},"east":{"texture":"#o0","uv":[5.0,1.0,6.0,2.0]},"west":{"texture":"#o0","uv":[5.0,1.0,6.0,2.0]}},"rotation":{"angle":45.0,"axis":"x","origin":[4.23848,4.98833,7.46312]},"name":"hexadecagon"},{"from":[3.66848,3.27833,7.12298],"to":[3.78248,3.84833,7.80326],"faces":{"east":{"texture":"#o0","uv":[5.0,1.0,6.0,2.0]},"west":{"texture":"#o0","uv":[5.0,1.0,6.0,2.0]},"up":{"texture":"#o0","uv":[5.0,1.0,6.0,2.0]}},"rotation":{"angle":-22.5,"axis":"x","origin":[4.23848,4.98833,7.46312]},"name":"hexadecagon"},{"from":[3.66848,2.82419,6.32312],"to":[3.78248,3.84833,8.60312],"faces":{"east":{"texture":"#o0","uv":[5.0,1.0,6.0,2.0]},"west":{"texture":"#o0","uv":[5.0,1.0,6.0,2.0]},"up":{"texture":"#o0","uv":[5.0,1.0,6.0,2.0]}},"rotation":{"angle":0.0,"axis":"x","origin":[4.23848,4.98833,7.46312]},"name":"hexadecagon"},{"from":[3.66848,3.27833,7.12298],"to":[3.78248,3.84833,7.80326],"faces":{"east":{"texture":"#o0","uv":[5.0,1.0,6.0,2.0]},"west":{"texture":"#o0","uv":[5.0,1.0,6.0,2.0]},"up":{"texture":"#o0","uv":[5.0,1.0,6.0,2.0]}},"rotation":{"angle":22.5,"axis":"x","origin":[4.23848,4.98833,7.46312]},"name":"hexadecagon"},{"from":[3.66848,6.12833,7.12298],"to":[3.78248,6.69833,7.80326],"faces":{"east":{"texture":"#o0","uv":[5.0,1.0,6.0,2.0]},"west":{"texture":"#o0","uv":[5.0,1.0,6.0,2.0]},"down":{"texture":"#o0","uv":[5.0,1.0,6.0,2.0]}},"rotation":{"angle":-22.5,"axis":"x","origin":[4.23848,4.98833,7.46312]},"name":"hexadecagon"},{"from":[3.66848,6.12833,5.57603],"to":[3.78248,9.32033,9.35366],"faces":{"east":{"texture":"#o0","uv":[5.0,1.0,6.0,2.0]},"west":{"texture":"#o0","uv":[5.0,1.0,6.0,2.0]},"down":{"texture":"#o0","uv":[5.0,1.0,6.0,2.0]}},"rotation":{"angle":0.0,"axis":"x","origin":[4.23848,4.98833,7.46312]},"name":"hexadecagon"},{"from":[3.66848,6.12833,7.12298],"to":[3.78248,6.69833,7.80326],"faces":{"east":{"texture":"#o0","uv":[5.0,1.0,6.0,2.0]},"west":{"texture":"#o0","uv":[5.0,1.0,6.0,2.0]},"down":{"texture":"#o0","uv":[5.0,1.0,6.0,2.0]}},"rotation":{"angle":22.5,"axis":"x","origin":[4.23848,4.98833,7.46312]},"name":"hexadecagon"},{"from":[12.67448,4.64633,5.75312],"to":[12.78848,5.32661,6.32312],"faces":{"east":{"texture":"#o0","uv":[5.0,1.0,6.0,2.0]},"south":{"texture":"#o0","uv":[5.0,1.0,6.0,2.0]},"west":{"texture":"#o0","uv":[5.0,1.0,6.0,2.0]}},"rotation":{"angle":-45.0,"axis":"x","origin":[13.24448,4.98647,7.46312]},"name":"hexadecagon"},{"from":[12.67448,4.64633,5.75312],"to":[12.78848,5.32661,6.32312],"faces":{"east":{"texture":"#o0","uv":[5.0,1.0,6.0,2.0]},"south":{"texture":"#o0","uv":[5.0,1.0,6.0,2.0]},"west":{"texture":"#o0","uv":[5.0,1.0,6.0,2.0]}},"rotation":{"angle":-22.5,"axis":"x","origin":[13.24448,4.98647,7.46312]},"name":"hexadecagon"},{"from":[12.67448,2.82233,5.57603],"to":[12.78848,6.69647,6.32312],"faces":{"east":{"texture":"#o0","uv":[5.0,1.0,6.0,2.0]},"south":{"texture":"#o0","uv":[5.0,1.0,6.0,2.0]},"west":{"texture":"#o0","uv":[5.0,1.0,6.0,2.0]}},"rotation":{"angle":0.0,"axis":"x","origin":[13.24448,4.98647,7.46312]},"name":"hexadecagon"},{"from":[12.67448,4.64633,5.75312],"to":[12.78848,5.32661,6.32312],"faces":{"east":{"texture":"#o0","uv":[5.0,1.0,6.0,2.0]},"south":{"texture":"#o0","uv":[5.0,1.0,6.0,2.0]},"west":{"texture":"#o0","uv":[5.0,1.0,6.0,2.0]}},"rotation":{"angle":22.5,"axis":"x","origin":[13.24448,4.98647,7.46312]},"name":"hexadecagon"},{"from":[12.67448,4.64633,5.75312],"to":[12.78848,5.32661,6.32312],"faces":{"east":{"texture":"#o0","uv":[5.0,1.0,6.0,2.0]},"south":{"texture":"#o0","uv":[5.0,1.0,6.0,2.0]},"west":{"texture":"#o0","uv":[5.0,1.0,6.0,2.0]}},"rotation":{"angle":45.0,"axis":"x","origin":[13.24448,4.98647,7.46312]},"name":"hexadecagon"},{"from":[12.67448,4.64633,8.60312],"to":[12.78848,5.32661,9.17312],"faces":{"north":{"texture":"#o0","uv":[5.0,1.0,6.0,2.0]},"east":{"texture":"#o0","uv":[5.0,1.0,6.0,2.0]},"west":{"texture":"#o0","uv":[5.0,1.0,6.0,2.0]}},"rotation":{"angle":-45.0,"axis":"x","origin":[13.24448,4.98647,7.46312]},"name":"hexadecagon"},{"from":[12.67448,4.64633,8.60312],"to":[12.78848,5.32661,9.17312],"faces":{"north":{"texture":"#o0","uv":[5.0,1.0,6.0,2.0]},"east":{"texture":"#o0","uv":[5.0,1.0,6.0,2.0]},"west":{"texture":"#o0","uv":[5.0,1.0,6.0,2.0]}},"rotation":{"angle":-22.5,"axis":"x","origin":[13.24448,4.98647,7.46312]},"name":"hexadecagon"},{"from":[12.67448,2.82233,8.60312],"to":[12.78848,6.69647,9.35366],"faces":{"north":{"texture":"#o0","uv":[5.0,1.0,6.0,2.0]},"east":{"texture":"#o0","uv":[5.0,1.0,6.0,2.0]},"west":{"texture":"#o0","uv":[5.0,1.0,6.0,2.0]}},"rotation":{"angle":0.0,"axis":"x","origin":[13.24448,4.98647,7.46312]},"name":"hexadecagon"},{"from":[12.67448,4.64633,8.60312],"to":[12.78848,5.32661,9.17312],"faces":{"north":{"texture":"#o0","uv":[5.0,1.0,6.0,2.0]},"east":{"texture":"#o0","uv":[5.0,1.0,6.0,2.0]},"west":{"texture":"#o0","uv":[5.0,1.0,6.0,2.0]}},"rotation":{"angle":22.5,"axis":"x","origin":[13.24448,4.98647,7.46312]},"name":"hexadecagon"},{"from":[12.67448,4.64633,8.60312],"to":[12.78848,5.32661,9.17312],"faces":{"north":{"texture":"#o0","uv":[5.0,1.0,6.0,2.0]},"east":{"texture":"#o0","uv":[5.0,1.0,6.0,2.0]},"west":{"texture":"#o0","uv":[5.0,1.0,6.0,2.0]}},"rotation":{"angle":45.0,"axis":"x","origin":[13.24448,4.98647,7.46312]},"name":"hexadecagon"},{"from":[12.67448,3.27647,7.12298],"to":[12.78848,3.84647,7.80326],"faces":{"east":{"texture":"#o0","uv":[5.0,1.0,6.0,2.0]},"west":{"texture":"#o0","uv":[5.0,1.0,6.0,2.0]},"up":{"texture":"#o0","uv":[5.0,1.0,6.0,2.0]}},"rotation":{"angle":-22.5,"axis":"x","origin":[13.24448,4.98647,7.46312]},"name":"hexadecagon"},{"from":[12.67448,2.82233,6.32312],"to":[12.78848,3.84647,8.60312],"faces":{"east":{"texture":"#o0","uv":[5.0,1.0,6.0,2.0]},"west":{"texture":"#o0","uv":[5.0,1.0,6.0,2.0]},"up":{"texture":"#o0","uv":[5.0,1.0,6.0,2.0]}},"rotation":{"angle":0.0,"axis":"x","origin":[13.24448,4.98647,7.46312]},"name":"hexadecagon"},{"from":[12.67448,3.27647,7.12298],"to":[12.78848,3.84647,7.80326],"faces":{"east":{"texture":"#o0","uv":[5.0,1.0,6.0,2.0]},"west":{"texture":"#o0","uv":[5.0,1.0,6.0,2.0]},"up":{"texture":"#o0","uv":[5.0,1.0,6.0,2.0]}},"rotation":{"angle":22.5,"axis":"x","origin":[13.24448,4.98647,7.46312]},"name":"hexadecagon"},{"from":[12.67448,6.12647,7.12298],"to":[12.78848,6.69647,7.80326],"faces":{"north":{"texture":"#o0","uv":[5.0,1.0,6.0,2.0]},"east":{"texture":"#o0","uv":[5.0,1.0,6.0,2.0]},"south":{"texture":"#o0","uv":[5.0,1.0,6.0,2.0]},"west":{"texture":"#o0","uv":[5.0,1.0,6.0,2.0]},"up":{"texture":"#o0","uv":[5.0,1.0,6.0,2.0]},"down":{"texture":"#o0","uv":[5.0,1.0,6.0,2.0]}},"rotation":{"angle":-22.5,"axis":"x","origin":[13.24448,4.98647,7.46312]},"name":"hexadecagon"},{"from":[12.67448,6.12647,5.57603],"to":[12.78848,9.32033,9.35366],"faces":{"east":{"texture":"#o0","uv":[5.0,1.0,6.0,2.0]},"west":{"texture":"#o0","uv":[5.0,1.0,6.0,2.0]},"down":{"texture":"#o0","uv":[5.0,1.0,6.0,2.0]}},"rotation":{"angle":0.0,"axis":"x","origin":[13.24448,4.98647,7.46312]},"name":"hexadecagon"},{"from":[12.67448,6.12647,7.12298],"to":[12.78848,6.69647,7.80326],"faces":{"north":{"texture":"#o0","uv":[5.0,1.0,6.0,2.0]},"east":{"texture":"#o0","uv":[5.0,1.0,6.0,2.0]},"south":{"texture":"#o0","uv":[5.0,1.0,6.0,2.0]},"west":{"texture":"#o0","uv":[5.0,1.0,6.0,2.0]},"up":{"texture":"#o0","uv":[5.0,1.0,6.0,2.0]},"down":{"texture":"#o0","uv":[5.0,1.0,6.0,2.0]}},"rotation":{"angle":22.5,"axis":"x","origin":[13.24448,4.98647,7.46312]},"name":"hexadecagon"},{"from":[9.3702,4.65005,2.90484],"to":[9.9402,5.33033,3.01884],"faces":{"north":{"texture":"#o0","uv":[5.0,1.0,6.0,2.0]},"south":{"texture":"#o0","uv":[5.0,1.0,6.0,2.0]},"west":{"texture":"#o0","uv":[5.0,1.0,6.0,2.0]}},"rotation":{"angle":-45.0,"axis":"z","origin":[8.2302,4.99019,3.47484]},"name":"hexadecagon"},{"from":[9.3702,4.65005,2.90484],"to":[9.9402,5.33033,3.01884],"faces":{"north":{"texture":"#o0","uv":[5.0,1.0,6.0,2.0]},"south":{"texture":"#o0","uv":[5.0,1.0,6.0,2.0]},"west":{"texture":"#o0","uv":[5.0,1.0,6.0,2.0]}},"rotation":{"angle":-22.5,"axis":"z","origin":[8.2302,4.99019,3.47484]},"name":"hexadecagon"},{"from":[9.3702,2.82605,2.90484],"to":[10.11729,6.70019,3.01884],"faces":{"north":{"texture":"#o0","uv":[5.0,1.0,6.0,2.0]},"south":{"texture":"#o0","uv":[5.0,1.0,6.0,2.0]},"west":{"texture":"#o0","uv":[5.0,1.0,6.0,2.0]}},"rotation":{"angle":0.0,"axis":"x","origin":[8.2302,4.99019,3.47484]},"name":"hexadecagon"},{"from":[9.3702,4.65005,2.90484],"to":[9.9402,5.33033,3.01884],"faces":{"north":{"texture":"#o0","uv":[5.0,1.0,6.0,2.0]},"south":{"texture":"#o0","uv":[5.0,1.0,6.0,2.0]},"west":{"texture":"#o0","uv":[5.0,1.0,6.0,2.0]}},"rotation":{"angle":22.5,"axis":"z","origin":[8.2302,4.99019,3.47484]},"name":"hexadecagon"},{"from":[9.3702,4.65005,2.90484],"to":[9.9402,5.33033,3.01884],"faces":{"north":{"texture":"#o0","uv":[5.0,1.0,6.0,2.0]},"south":{"texture":"#o0","uv":[5.0,1.0,6.0,2.0]},"west":{"texture":"#o0","uv":[5.0,1.0,6.0,2.0]}},"rotation":{"angle":45.0,"axis":"z","origin":[8.2302,4.99019,3.47484]},"name":"hexadecagon"},{"from":[6.5202,4.65005,2.90484],"to":[7.0902,5.33033,3.01884],"faces":{"north":{"texture":"#o0","uv":[5.0,1.0,6.0,2.0]},"east":{"texture":"#o0","uv":[5.0,1.0,6.0,2.0]},"south":{"texture":"#o0","uv":[5.0,1.0,6.0,2.0]}},"rotation":{"angle":-45.0,"axis":"z","origin":[8.2302,4.99019,3.47484]},"name":"hexadecagon"},{"from":[6.5202,4.65005,2.90484],"to":[7.0902,5.33033,3.01884],"faces":{"north":{"texture":"#o0","uv":[5.0,1.0,6.0,2.0]},"east":{"texture":"#o0","uv":[5.0,1.0,6.0,2.0]},"south":{"texture":"#o0","uv":[5.0,1.0,6.0,2.0]}},"rotation":{"angle":-22.5,"axis":"z","origin":[8.2302,4.99019,3.47484]},"name":"hexadecagon"},{"from":[6.33966,2.82605,2.90484],"to":[7.0902,6.70019,3.01884],"faces":{"north":{"texture":"#o0","uv":[5.0,1.0,6.0,2.0]},"east":{"texture":"#o0","uv":[5.0,1.0,6.0,2.0]},"south":{"texture":"#o0","uv":[5.0,1.0,6.0,2.0]}},"rotation":{"angle":0.0,"axis":"x","origin":[8.2302,4.99019,3.47484]},"name":"hexadecagon"},{"from":[6.5202,4.65005,2.90484],"to":[7.0902,5.33033,3.01884],"faces":{"north":{"texture":"#o0","uv":[5.0,1.0,6.0,2.0]},"east":{"texture":"#o0","uv":[5.0,1.0,6.0,2.0]},"south":{"texture":"#o0","uv":[5.0,1.0,6.0,2.0]}},"rotation":{"angle":22.5,"axis":"z","origin":[8.2302,4.99019,3.47484]},"name":"hexadecagon"},{"from":[6.5202,4.65005,2.90484],"to":[7.0902,5.33033,3.01884],"faces":{"north":{"texture":"#o0","uv":[5.0,1.0,6.0,2.0]},"east":{"texture":"#o0","uv":[5.0,1.0,6.0,2.0]},"south":{"texture":"#o0","uv":[5.0,1.0,6.0,2.0]}},"rotation":{"angle":45.0,"axis":"z","origin":[8.2302,4.99019,3.47484]},"name":"hexadecagon"},{"from":[7.89006,3.28019,2.90484],"to":[8.57034,3.85019,3.01884],"faces":{"north":{"texture":"#o0","uv":[5.0,1.0,6.0,2.0]},"south":{"texture":"#o0","uv":[5.0,1.0,6.0,2.0]},"up":{"texture":"#o0","uv":[5.0,1.0,6.0,2.0]},"down":{"texture":"#o0","uv":[5.0,1.0,6.0,2.0]}},"rotation":{"angle":-22.5,"axis":"z","origin":[8.2302,4.99019,3.47484]},"name":"hexadecagon"},{"from":[7.0902,2.82605,2.90484],"to":[9.3702,3.85019,3.01884],"faces":{"north":{"texture":"#o0","uv":[5.0,1.0,6.0,2.0]},"south":{"texture":"#o0","uv":[5.0,1.0,6.0,2.0]},"up":{"texture":"#o0","uv":[5.0,1.0,6.0,2.0]},"down":{"texture":"#o0","uv":[5.0,1.0,6.0,2.0]}},"rotation":{"angle":0.0,"axis":"x","origin":[8.2302,4.99019,3.47484]},"name":"hexadecagon"},{"from":[7.89006,3.28019,2.90484],"to":[8.57034,3.85019,3.01884],"faces":{"north":{"texture":"#o0","uv":[5.0,1.0,6.0,2.0]},"south":{"texture":"#o0","uv":[5.0,1.0,6.0,2.0]},"up":{"texture":"#o0","uv":[5.0,1.0,6.0,2.0]},"down":{"texture":"#o0","uv":[5.0,1.0,6.0,2.0]}},"rotation":{"angle":22.5,"axis":"z","origin":[8.2302,4.99019,3.47484]},"name":"hexadecagon"},{"from":[7.89006,6.13019,2.90484],"to":[8.57034,6.70019,3.01884],"faces":{"north":{"texture":"#o0","uv":[5.0,1.0,6.0,2.0]},"south":{"texture":"#o0","uv":[5.0,1.0,6.0,2.0]},"down":{"texture":"#o0","uv":[5.0,1.0,6.0,2.0]}},"rotation":{"angle":-22.5,"axis":"z","origin":[8.2302,4.99019,3.47484]},"name":"hexadecagon"},{"from":[6.33966,6.13019,2.90484],"to":[10.11729,9.32033,3.01884],"faces":{"north":{"texture":"#o0","uv":[5.0,1.0,6.0,2.0]},"south":{"texture":"#o0","uv":[5.0,1.0,6.0,2.0]},"down":{"texture":"#o0","uv":[5.0,1.0,6.0,2.0]}},"rotation":{"angle":0.0,"axis":"x","origin":[8.2302,4.99019,3.47484]},"name":"hexadecagon"},{"from":[7.89006,6.13019,2.90484],"to":[8.57034,6.70019,3.01884],"faces":{"north":{"texture":"#o0","uv":[5.0,1.0,6.0,2.0]},"south":{"texture":"#o0","uv":[5.0,1.0,6.0,2.0]},"down":{"texture":"#o0","uv":[5.0,1.0,6.0,2.0]}},"rotation":{"angle":22.5,"axis":"z","origin":[8.2302,4.99019,3.47484]},"name":"hexadecagon"},{"from":[9.3702,4.64819,11.91084],"to":[9.9402,5.32847,12.02484],"faces":{"north":{"texture":"#o0","uv":[5.0,1.0,6.0,2.0]},"south":{"texture":"#o0","uv":[5.0,1.0,6.0,2.0]},"west":{"texture":"#o0","uv":[5.0,1.0,6.0,2.0]}},"rotation":{"angle":-45.0,"axis":"z","origin":[8.2302,4.98833,12.48084]},"name":"hexadecagon"},{"from":[9.3702,4.64819,11.91084],"to":[9.9402,5.32847,12.02484],"faces":{"north":{"texture":"#o0","uv":[5.0,1.0,6.0,2.0]},"south":{"texture":"#o0","uv":[5.0,1.0,6.0,2.0]},"west":{"texture":"#o0","uv":[5.0,1.0,6.0,2.0]}},"rotation":{"angle":-22.5,"axis":"z","origin":[8.2302,4.98833,12.48084]},"name":"hexadecagon"},{"from":[9.3702,2.82419,11.91084],"to":[10.11729,6.69833,12.02484],"faces":{"north":{"texture":"#o0","uv":[5.0,1.0,6.0,2.0]},"south":{"texture":"#o0","uv":[5.0,1.0,6.0,2.0]},"west":{"texture":"#o0","uv":[5.0,1.0,6.0,2.0]}},"rotation":{"angle":0.0,"axis":"x","origin":[8.2302,4.98833,12.48084]},"name":"hexadecagon"},{"from":[9.3702,4.64819,11.91084],"to":[9.9402,5.32847,12.02484],"faces":{"north":{"texture":"#o0","uv":[5.0,1.0,6.0,2.0]},"south":{"texture":"#o0","uv":[5.0,1.0,6.0,2.0]},"west":{"texture":"#o0","uv":[5.0,1.0,6.0,2.0]}},"rotation":{"angle":22.5,"axis":"z","origin":[8.2302,4.98833,12.48084]},"name":"hexadecagon"},{"from":[9.3702,4.64819,11.91084],"to":[9.9402,5.32847,12.02484],"faces":{"north":{"texture":"#o0","uv":[5.0,1.0,6.0,2.0]},"south":{"texture":"#o0","uv":[5.0,1.0,6.0,2.0]},"west":{"texture":"#o0","uv":[5.0,1.0,6.0,2.0]}},"rotation":{"angle":45.0,"axis":"z","origin":[8.2302,4.98833,12.48084]},"name":"hexadecagon"},{"from":[6.5202,4.64819,11.91084],"to":[7.0902,5.32847,12.02484],"faces":{"north":{"texture":"#o0","uv":[5.0,1.0,6.0,2.0]},"east":{"texture":"#o0","uv":[5.0,1.0,6.0,2.0]},"south":{"texture":"#o0","uv":[5.0,1.0,6.0,2.0]}},"rotation":{"angle":-45.0,"axis":"z","origin":[8.2302,4.98833,12.48084]},"name":"hexadecagon"},{"from":[6.5202,4.64819,11.91084],"to":[7.0902,5.32847,12.02484],"faces":{"north":{"texture":"#o0","uv":[5.0,1.0,6.0,2.0]},"east":{"texture":"#o0","uv":[5.0,1.0,6.0,2.0]},"south":{"texture":"#o0","uv":[5.0,1.0,6.0,2.0]}},"rotation":{"angle":-22.5,"axis":"z","origin":[8.2302,4.98833,12.48084]},"name":"hexadecagon"},{"from":[6.33966,2.82419,11.91084],"to":[7.0902,6.69833,12.02484],"faces":{"north":{"texture":"#o0","uv":[5.0,1.0,6.0,2.0]},"east":{"texture":"#o0","uv":[5.0,1.0,6.0,2.0]},"south":{"texture":"#o0","uv":[5.0,1.0,6.0,2.0]}},"rotation":{"angle":0.0,"axis":"x","origin":[8.2302,4.98833,12.48084]},"name":"hexadecagon"},{"from":[6.5202,4.64819,11.91084],"to":[7.0902,5.32847,12.02484],"faces":{"north":{"texture":"#o0","uv":[5.0,1.0,6.0,2.0]},"east":{"texture":"#o0","uv":[5.0,1.0,6.0,2.0]},"south":{"texture":"#o0","uv":[5.0,1.0,6.0,2.0]}},"rotation":{"angle":22.5,"axis":"z","origin":[8.2302,4.98833,12.48084]},"name":"hexadecagon"},{"from":[6.5202,4.64819,11.91084],"to":[7.0902,5.32847,12.02484],"faces":{"north":{"texture":"#o0","uv":[5.0,1.0,6.0,2.0]},"east":{"texture":"#o0","uv":[5.0,1.0,6.0,2.0]},"south":{"texture":"#o0","uv":[5.0,1.0,6.0,2.0]}},"rotation":{"angle":45.0,"axis":"z","origin":[8.2302,4.98833,12.48084]},"name":"hexadecagon"},{"from":[7.89006,3.27833,11.91084],"to":[8.57034,3.84833,12.02484],"faces":{"north":{"texture":"#o0","uv":[5.0,1.0,6.0,2.0]},"south":{"texture":"#o0","uv":[5.0,1.0,6.0,2.0]},"up":{"texture":"#o0","uv":[5.0,1.0,6.0,2.0]},"down":{"texture":"#o0","uv":[5.0,1.0,6.0,2.0]}},"rotation":{"angle":-22.5,"axis":"z","origin":[8.2302,4.98833,12.48084]},"name":"hexadecagon"},{"from":[7.0902,2.82419,11.91084],"to":[9.3702,3.84833,12.02484],"faces":{"north":{"texture":"#o0","uv":[5.0,1.0,6.0,2.0]},"south":{"texture":"#o0","uv":[5.0,1.0,6.0,2.0]},"up":{"texture":"#o0","uv":[5.0,1.0,6.0,2.0]},"down":{"texture":"#o0","uv":[5.0,1.0,6.0,2.0]}},"rotation":{"angle":0.0,"axis":"x","origin":[8.2302,4.98833,12.48084]},"name":"hexadecagon"},{"from":[7.89006,3.27833,11.91084],"to":[8.57034,3.84833,12.02484],"faces":{"north":{"texture":"#o0","uv":[5.0,1.0,6.0,2.0]},"south":{"texture":"#o0","uv":[5.0,1.0,6.0,2.0]},"up":{"texture":"#o0","uv":[5.0,1.0,6.0,2.0]},"down":{"texture":"#o0","uv":[5.0,1.0,6.0,2.0]}},"rotation":{"angle":22.5,"axis":"z","origin":[8.2302,4.98833,12.48084]},"name":"hexadecagon"},{"from":[7.89006,6.12833,11.91084],"to":[8.57034,6.69833,12.02484],"faces":{"north":{"texture":"#o0","uv":[5.0,1.0,6.0,2.0]},"south":{"texture":"#o0","uv":[5.0,1.0,6.0,2.0]},"down":{"texture":"#o0","uv":[5.0,1.0,6.0,2.0]}},"rotation":{"angle":-22.5,"axis":"z","origin":[8.2302,4.98833,12.48084]},"name":"hexadecagon"},{"from":[6.33966,6.12833,11.91084],"to":[10.11729,9.32033,12.02484],"faces":{"north":{"texture":"#o0","uv":[5.0,1.0,6.0,2.0]},"south":{"texture":"#o0","uv":[5.0,1.0,6.0,2.0]},"down":{"texture":"#o0","uv":[5.0,1.0,6.0,2.0]}},"rotation":{"angle":0.0,"axis":"x","origin":[8.2302,4.98833,12.48084]},"name":"hexadecagon"},{"from":[7.89006,6.12833,11.91084],"to":[8.57034,6.69833,12.02484],"faces":{"north":{"texture":"#o0","uv":[5.0,1.0,6.0,2.0]},"south":{"texture":"#o0","uv":[5.0,1.0,6.0,2.0]},"down":{"texture":"#o0","uv":[5.0,1.0,6.0,2.0]}},"rotation":{"angle":22.5,"axis":"z","origin":[8.2302,4.98833,12.48084]},"name":"hexadecagon"},{"from":[7.77496,-9.72907,5.18484],"to":[8.682,9.65093,9.74484],"faces":{"north":{"texture":"#o0","uv":[1.0,1.0,2.0,2.0]},"south":{"texture":"#o0","uv":[1.0,1.0,2.0,2.0]}},"rotation":{"angle":-45.0,"axis":"y","origin":[8.22848,-6.87907,7.46484]},"name":"hexadecagon"},{"from":[7.77496,-9.72907,5.18484],"to":[8.682,9.65093,9.74484],"faces":{"north":{"texture":"#o0","uv":[1.0,1.0,2.0,2.0]},"south":{"texture":"#o0","uv":[1.0,1.0,2.0,2.0]}},"rotation":{"angle":-22.5,"axis":"y","origin":[8.22848,-6.87907,7.46484]},"name":"hexadecagon"},{"from":[7.77496,-9.72907,5.18484],"to":[8.682,9.65093,9.74484],"faces":{"north":{"texture":"#o0","uv":[1.0,1.0,2.0,2.0]},"south":{"texture":"#o0","uv":[1.0,1.0,2.0,2.0]}},"rotation":{"angle":0.0,"axis":"y","origin":[8.22848,-6.87907,7.46484]},"name":"hexadecagon"},{"from":[7.77496,-9.72907,5.18484],"to":[8.682,9.65093,9.74484],"faces":{"north":{"texture":"#o0","uv":[1.0,1.0,2.0,2.0]},"south":{"texture":"#o0","uv":[1.0,1.0,2.0,2.0]}},"rotation":{"angle":22.5,"axis":"y","origin":[8.22848,-6.87907,7.46484]},"name":"hexadecagon"},{"from":[7.77496,-9.72907,5.18484],"to":[8.682,9.65093,9.74484],"faces":{"north":{"texture":"#o0","uv":[1.0,1.0,2.0,2.0]},"south":{"texture":"#o0","uv":[1.0,1.0,2.0,2.0]}},"rotation":{"angle":45.0,"axis":"y","origin":[8.22848,-6.87907,7.46484]},"name":"hexadecagon"},{"from":[5.94848,-9.72907,7.01132],"to":[10.50848,9.65093,7.91836],"faces":{"east":{"texture":"#o0","uv":[1.0,1.0,2.0,2.0]},"west":{"texture":"#o0","uv":[1.0,1.0,2.0,2.0]}},"rotation":{"angle":-22.5,"axis":"y","origin":[8.22848,-6.87907,7.46484]},"name":"hexadecagon"},{"from":[5.94848,-9.72907,7.01132],"to":[10.50848,9.65093,7.91836],"faces":{"east":{"texture":"#o0","uv":[1.0,1.0,2.0,2.0]},"west":{"texture":"#o0","uv":[1.0,1.0,2.0,2.0]}},"rotation":{"angle":0.0,"axis":"y","origin":[8.22848,-6.87907,7.46484]},"name":"hexadecagon"},{"from":[5.94848,-9.72907,7.01132],"to":[10.50848,9.65093,7.91836],"faces":{"east":{"texture":"#o0","uv":[1.0,1.0,2.0,2.0]},"west":{"texture":"#o0","uv":[1.0,1.0,2.0,2.0]}},"rotation":{"angle":22.5,"axis":"y","origin":[8.22848,-6.87907,7.46484]},"name":"hexadecagon"},{"from":[4.92248,-5.8076,16.93339],"to":[11.53448,-4.5536,18.07339],"faces":{"north":{"texture":"#o0","uv":[9.0,1.0,10.0,2.0],"rotation":90},"east":{"texture":"#o0","uv":[9.0,1.0,10.0,2.0],"rotation":90},"west":{"texture":"#o0","uv":[9.0,1.0,10.0,2.0],"rotation":90},"up":{"texture":"#o0","uv":[9.0,1.0,10.0,2.0],"rotation":90},"down":{"texture":"#o0","uv":[9.0,1.0,10.0,2.0],"rotation":90}},"rotation":{"angle":0.0,"axis":"x","origin":[8.22848,9.1264,18.64339]}},{"from":[4.92248,-5.8076,18.07339],"to":[11.53448,1.2664,19.21339],"faces":{"north":{"texture":"#o0","uv":[9.0,1.0,10.0,2.0],"rotation":90},"east":{"texture":"#o0","uv":[9.0,1.0,10.0,2.0],"rotation":90},"south":{"texture":"#o0","uv":[9.0,1.0,10.0,2.0],"rotation":90},"west":{"texture":"#o0","uv":[9.0,1.0,10.0,2.0],"rotation":90},"down":{"texture":"#o0","uv":[9.0,1.0,10.0,2.0],"rotation":90}},"rotation":{"angle":0.0,"axis":"x","origin":[8.22848,9.1264,18.64339]}},{"from":[4.92248,1.2664,18.07339],"to":[11.53448,10.2664,19.21339],"faces":{"north":{"texture":"#o0","uv":[5.0,1.0,6.0,2.0],"rotation":90},"east":{"texture":"#o0","uv":[5.0,1.0,6.0,2.0],"rotation":90},"south":{"texture":"#o0","uv":[5.0,1.0,6.0,2.0],"rotation":90},"west":{"texture":"#o0","uv":[5.0,1.0,6.0,2.0],"rotation":90}},"rotation":{"angle":0.0,"axis":"x","origin":[8.22848,9.1264,18.64339]}},{"from":[4.92248,8.49437,14.93532],"to":[11.53448,14.30837,16.07532],"faces":{"north":{"texture":"#o0","uv":[5.0,1.0,6.0,2.0],"rotation":90},"east":{"texture":"#o0","uv":[5.0,1.0,6.0,2.0],"rotation":90},"south":{"texture":"#o0","uv":[5.0,1.0,6.0,2.0],"rotation":90},"west":{"texture":"#o0","uv":[5.0,1.0,6.0,2.0],"rotation":90}},"rotation":{"angle":-45.0,"axis":"x","origin":[8.22848,13.16837,15.50532]}},{"from":[4.92248,13.57142,14.29617],"to":[11.53448,14.82542,15.43617],"faces":{"north":{"texture":"#o0","uv":[5.0,1.0,6.0,2.0],"rotation":90},"east":{"texture":"#o0","uv":[5.0,1.0,6.0,2.0],"rotation":90},"south":{"texture":"#o0","uv":[5.0,1.0,6.0,2.0],"rotation":90},"west":{"texture":"#o0","uv":[5.0,1.0,6.0,2.0],"rotation":90}},"rotation":{"angle":0.0,"axis":"y","origin":[8.22848,13.68542,14.86617]}},{"from":[4.92248,14.12978,12.16693],"to":[11.53448,19.48778,13.30693],"faces":{"north":{"texture":"#o0","uv":[5.0,1.0,6.0,2.0],"rotation":90},"east":{"texture":"#o0","uv":[5.0,1.0,6.0,2.0],"rotation":90},"south":{"texture":"#o0","uv":[5.0,1.0,6.0,2.0],"rotation":90},"west":{"texture":"#o0","uv":[5.0,1.0,6.0,2.0],"rotation":90}},"rotation":{"angle":-22.5,"axis":"x","origin":[8.22848,19.82978,12.62293]}},{"from":[4.12448,16.74096,13.71478],"to":[8.11448,17.19696,14.17078],"faces":{"north":{"texture":"#o0","uv":[5.0,5.0,6.0,6.0],"rotation":90},"south":{"texture":"#o0","uv":[5.0,5.0,6.0,6.0],"rotation":90},"west":{"texture":"#o0","uv":[5.0,5.0,6.0,6.0],"rotation":90},"up":{"texture":"#o0","uv":[5.0,5.0,6.0,6.0],"rotation":90},"down":{"texture":"#o0","uv":[5.0,5.0,6.0,6.0],"rotation":90}},"rotation":{"angle":0.0,"axis":"y","origin":[6.11948,17.76696,13.60078]}},{"from":[5.15048,14.47178,10.68493],"to":[11.30648,18.46178,12.28093],"faces":{"east":{"texture":"#o0","uv":[5.0,1.0,6.0,2.0],"rotation":90},"west":{"texture":"#o0","uv":[5.0,1.0,6.0,2.0],"rotation":90}},"rotation":{"angle":-22.5,"axis":"x","origin":[8.22848,19.82978,12.62293]}},{"from":[4.35248,19.56979,16.13194],"to":[4.58048,19.79779,17.26574],"faces":{"east":{"texture":"#o0","uv":[5.0,5.0,6.0,6.0]},"west":{"texture":"#o0","uv":[5.0,5.0,6.0,6.0]},"up":{"texture":"#o0","uv":[5.0,5.0,6.0,6.0]},"down":{"texture":"#o0","uv":[5.0,5.0,6.0,6.0]}},"rotation":{"angle":22.5,"axis":"x","origin":[4.92248,16.94779,16.69884]},"name":"hexadecagon"},{"from":[4.35248,19.56979,16.13194],"to":[4.58048,19.79779,17.26574],"faces":{"east":{"texture":"#o0","uv":[5.0,5.0,6.0,6.0]},"west":{"texture":"#o0","uv":[5.0,5.0,6.0,6.0]},"up":{"texture":"#o0","uv":[5.0,5.0,6.0,6.0]},"down":{"texture":"#o0","uv":[5.0,5.0,6.0,6.0]}},"rotation":{"angle":0.0,"axis":"y","origin":[4.92248,16.94779,16.69884]},"name":"hexadecagon"},{"from":[4.35248,19.56979,16.13194],"to":[4.58048,19.79779,17.26574],"faces":{"east":{"texture":"#o0","uv":[5.0,5.0,6.0,6.0]},"west":{"texture":"#o0","uv":[5.0,5.0,6.0,6.0]},"up":{"texture":"#o0","uv":[5.0,5.0,6.0,6.0]},"down":{"texture":"#o0","uv":[5.0,5.0,6.0,6.0]}},"rotation":{"angle":-22.5,"axis":"x","origin":[4.92248,16.94779,16.69884]},"name":"hexadecagon"},{"from":[4.35248,14.09779,16.13194],"to":[4.58048,14.32579,17.26574],"faces":{"east":{"texture":"#o0","uv":[5.0,5.0,6.0,6.0]},"west":{"texture":"#o0","uv":[5.0,5.0,6.0,6.0]},"up":{"texture":"#o0","uv":[5.0,5.0,6.0,6.0]},"down":{"texture":"#o0","uv":[5.0,5.0,6.0,6.0]}},"rotation":{"angle":22.5,"axis":"x","origin":[4.92248,16.94779,16.69884]},"name":"hexadecagon"},{"from":[4.35248,14.09779,16.13194],"to":[4.58048,14.32579,17.26574],"faces":{"east":{"texture":"#o0","uv":[5.0,5.0,6.0,6.0]},"west":{"texture":"#o0","uv":[5.0,5.0,6.0,6.0]},"up":{"texture":"#o0","uv":[5.0,5.0,6.0,6.0]},"down":{"texture":"#o0","uv":[5.0,5.0,6.0,6.0]}},"rotation":{"angle":0.0,"axis":"y","origin":[4.92248,16.94779,16.69884]},"name":"hexadecagon"},{"from":[4.35248,14.09779,16.13194],"to":[4.58048,14.32579,17.26574],"faces":{"east":{"texture":"#o0","uv":[5.0,5.0,6.0,6.0]},"west":{"texture":"#o0","uv":[5.0,5.0,6.0,6.0]},"up":{"texture":"#o0","uv":[5.0,5.0,6.0,6.0]},"down":{"texture":"#o0","uv":[5.0,5.0,6.0,6.0]}},"rotation":{"angle":-22.5,"axis":"x","origin":[4.92248,16.94779,16.69884]},"name":"hexadecagon"},{"from":[4.35248,16.38089,19.32084],"to":[4.58048,17.5147,19.54884],"faces":{"north":{"texture":"#o0","uv":[5.0,5.0,6.0,6.0]},"east":{"texture":"#o0","uv":[5.0,5.0,6.0,6.0]},"south":{"texture":"#o0","uv":[5.0,5.0,6.0,6.0]},"west":{"texture":"#o0","uv":[5.0,5.0,6.0,6.0]}},"rotation":{"angle":45.0,"axis":"x","origin":[4.92248,16.94779,16.69884]},"name":"hexadecagon"},{"from":[4.35248,16.38089,19.32084],"to":[4.58048,17.5147,19.54884],"faces":{"north":{"texture":"#o0","uv":[5.0,5.0,6.0,6.0]},"east":{"texture":"#o0","uv":[5.0,5.0,6.0,6.0]},"south":{"texture":"#o0","uv":[5.0,5.0,6.0,6.0]},"west":{"texture":"#o0","uv":[5.0,5.0,6.0,6.0]}},"rotation":{"angle":22.5,"axis":"x","origin":[4.92248,16.94779,16.69884]},"name":"hexadecagon"},{"from":[4.35248,16.38089,19.32084],"to":[4.58048,17.5147,19.54884],"faces":{"north":{"texture":"#o0","uv":[5.0,5.0,6.0,6.0]},"east":{"texture":"#o0","uv":[5.0,5.0,6.0,6.0]},"south":{"texture":"#o0","uv":[5.0,5.0,6.0,6.0]},"west":{"texture":"#o0","uv":[5.0,5.0,6.0,6.0]}},"rotation":{"angle":0.0,"axis":"y","origin":[4.92248,16.94779,16.69884]},"name":"hexadecagon"},{"from":[4.35248,16.38089,19.32084],"to":[4.58048,17.5147,19.54884],"faces":{"north":{"texture":"#o0","uv":[5.0,5.0,6.0,6.0]},"east":{"texture":"#o0","uv":[5.0,5.0,6.0,6.0]},"south":{"texture":"#o0","uv":[5.0,5.0,6.0,6.0]},"west":{"texture":"#o0","uv":[5.0,5.0,6.0,6.0]}},"rotation":{"angle":-22.5,"axis":"x","origin":[4.92248,16.94779,16.69884]},"name":"hexadecagon"},{"from":[4.35248,16.38089,19.32084],"to":[4.58048,17.5147,19.54884],"faces":{"north":{"texture":"#o0","uv":[5.0,5.0,6.0,6.0]},"east":{"texture":"#o0","uv":[5.0,5.0,6.0,6.0]},"south":{"texture":"#o0","uv":[5.0,5.0,6.0,6.0]},"west":{"texture":"#o0","uv":[5.0,5.0,6.0,6.0]}},"rotation":{"angle":-45.0,"axis":"x","origin":[4.92248,16.94779,16.69884]},"name":"hexadecagon"},{"from":[4.35248,16.38089,13.84884],"to":[4.58048,17.5147,14.07684],"faces":{"north":{"texture":"#o0","uv":[5.0,5.0,6.0,6.0]},"east":{"texture":"#o0","uv":[5.0,5.0,6.0,6.0]},"south":{"texture":"#o0","uv":[5.0,5.0,6.0,6.0]},"west":{"texture":"#o0","uv":[5.0,5.0,6.0,6.0]}},"rotation":{"angle":45.0,"axis":"x","origin":[4.92248,16.94779,16.69884]},"name":"hexadecagon"},{"from":[4.35248,16.38089,13.84884],"to":[4.58048,17.5147,14.07684],"faces":{"north":{"texture":"#o0","uv":[5.0,5.0,6.0,6.0]},"east":{"texture":"#o0","uv":[5.0,5.0,6.0,6.0]},"south":{"texture":"#o0","uv":[5.0,5.0,6.0,6.0]},"west":{"texture":"#o0","uv":[5.0,5.0,6.0,6.0]}},"rotation":{"angle":22.5,"axis":"x","origin":[4.92248,16.94779,16.69884]},"name":"hexadecagon"},{"from":[4.35248,16.38089,13.84884],"to":[4.58048,17.5147,14.07684],"faces":{"north":{"texture":"#o0","uv":[5.0,5.0,6.0,6.0]},"east":{"texture":"#o0","uv":[5.0,5.0,6.0,6.0]},"south":{"texture":"#o0","uv":[5.0,5.0,6.0,6.0]},"west":{"texture":"#o0","uv":[5.0,5.0,6.0,6.0]}},"rotation":{"angle":0.0,"axis":"y","origin":[4.92248,16.94779,16.69884]},"name":"hexadecagon"},{"from":[4.35248,16.38089,13.84884],"to":[4.58048,17.5147,14.07684],"faces":{"north":{"texture":"#o0","uv":[5.0,5.0,6.0,6.0]},"east":{"texture":"#o0","uv":[5.0,5.0,6.0,6.0]},"south":{"texture":"#o0","uv":[5.0,5.0,6.0,6.0]},"west":{"texture":"#o0","uv":[5.0,5.0,6.0,6.0]}},"rotation":{"angle":-22.5,"axis":"x","origin":[4.92248,16.94779,16.69884]},"name":"hexadecagon"},{"from":[4.35248,16.38089,13.84884],"to":[4.58048,17.5147,14.07684],"faces":{"north":{"texture":"#o0","uv":[5.0,5.0,6.0,6.0]},"east":{"texture":"#o0","uv":[5.0,5.0,6.0,6.0]},"south":{"texture":"#o0","uv":[5.0,5.0,6.0,6.0]},"west":{"texture":"#o0","uv":[5.0,5.0,6.0,6.0]}},"rotation":{"angle":-45.0,"axis":"x","origin":[4.92248,16.94779,16.69884]},"name":"hexadecagon"},{"from":[7.49888,18.30211,3.47274],"to":[8.95808,19.24147,3.70494],"faces":{"east":{"texture":"#o0","uv":[5.0,1.0,6.0,2.0]},"west":{"texture":"#o0","uv":[5.0,1.0,6.0,2.0]},"up":{"texture":"#o0","uv":[5.0,1.0,6.0,2.0]},"down":{"texture":"#o0","uv":[5.0,1.0,6.0,2.0]}},"rotation":{"angle":22.5,"axis":"x","origin":[8.22848,18.65779,3.58884]},"name":"hexadecagon"},{"from":[7.49888,18.30211,3.47274],"to":[8.95808,19.24147,3.70494],"faces":{"east":{"texture":"#o0","uv":[5.0,1.0,6.0,2.0]},"west":{"texture":"#o0","uv":[5.0,1.0,6.0,2.0]},"up":{"texture":"#o0","uv":[5.0,1.0,6.0,2.0]},"down":{"texture":"#o0","uv":[5.0,1.0,6.0,2.0]}},"rotation":{"angle":0.0,"axis":"y","origin":[8.22848,18.65779,3.58884]},"name":"hexadecagon"},{"from":[7.49888,18.30211,3.47274],"to":[8.95808,19.24147,3.70494],"faces":{"east":{"texture":"#o0","uv":[5.0,1.0,6.0,2.0]},"west":{"texture":"#o0","uv":[5.0,1.0,6.0,2.0]},"up":{"texture":"#o0","uv":[5.0,1.0,6.0,2.0]},"down":{"texture":"#o0","uv":[5.0,1.0,6.0,2.0]}},"rotation":{"angle":-22.5,"axis":"x","origin":[8.22848,18.65779,3.58884]},"name":"hexadecagon"},{"from":[7.49888,18.54169,3.00516],"to":[8.95808,18.7739,3.83052],"faces":{"north":{"texture":"#o0","uv":[5.0,1.0,6.0,2.0]},"east":{"texture":"#o0","uv":[5.0,1.0,6.0,2.0]},"south":{"texture":"#o0","uv":[5.0,1.0,6.0,2.0]},"west":{"texture":"#o0","uv":[5.0,1.0,6.0,2.0]}},"rotation":{"angle":45.0,"axis":"x","origin":[8.22848,18.65779,3.58884]},"name":"hexadecagon"},{"from":[7.49888,18.54169,3.00516],"to":[8.95808,18.7739,3.94452],"faces":{"north":{"texture":"#o0","uv":[5.0,1.0,6.0,2.0]},"east":{"texture":"#o0","uv":[5.0,1.0,6.0,2.0]},"west":{"texture":"#o0","uv":[5.0,1.0,6.0,2.0]}},"rotation":{"angle":22.5,"axis":"x","origin":[8.22848,18.65779,3.58884]},"name":"hexadecagon"},{"from":[7.49888,18.54169,3.00516],"to":[8.95808,18.7739,3.94452],"faces":{"north":{"texture":"#o0","uv":[5.0,1.0,6.0,2.0]},"east":{"texture":"#o0","uv":[5.0,1.0,6.0,2.0]},"west":{"texture":"#o0","uv":[5.0,1.0,6.0,2.0]}},"rotation":{"angle":0.0,"axis":"y","origin":[8.22848,18.65779,3.58884]},"name":"hexadecagon"},{"from":[7.49888,18.54169,3.00516],"to":[8.95808,18.7739,3.94452],"faces":{"north":{"texture":"#o0","uv":[5.0,1.0,6.0,2.0]},"east":{"texture":"#o0","uv":[5.0,1.0,6.0,2.0]},"west":{"texture":"#o0","uv":[5.0,1.0,6.0,2.0]}},"rotation":{"angle":-22.5,"axis":"x","origin":[8.22848,18.65779,3.58884]},"name":"hexadecagon"},{"from":[7.49888,17.28769,3.00516],"to":[8.95808,18.7739,3.14652],"faces":{"north":{"texture":"#o0","uv":[5.0,1.0,6.0,2.0]},"east":{"texture":"#o0","uv":[5.0,1.0,6.0,2.0]},"south":{"texture":"#o0","uv":[5.0,1.0,6.0,2.0]},"west":{"texture":"#o0","uv":[5.0,1.0,6.0,2.0]}},"rotation":{"angle":-45.0,"axis":"x","origin":[8.22848,18.65779,3.58884]},"name":"hexadecagon"},{"from":[5.37848,18.20179,3.49814],"to":[11.07848,19.11379,3.67954],"faces":{"east":{"texture":"#o0","uv":[5.0,1.0,6.0,2.0]},"west":{"texture":"#o0","uv":[5.0,1.0,6.0,2.0]},"up":{"texture":"#o0","uv":[5.0,1.0,6.0,2.0]},"down":{"texture":"#o0","uv":[5.0,1.0,6.0,2.0]}},"rotation":{"angle":22.5,"axis":"x","origin":[8.22848,18.65779,3.58884]},"name":"hexadecagon"},{"from":[5.37848,18.20179,3.49814],"to":[11.07848,19.11379,3.67954],"faces":{"east":{"texture":"#o0","uv":[5.0,1.0,6.0,2.0]},"west":{"texture":"#o0","uv":[5.0,1.0,6.0,2.0]},"up":{"texture":"#o0","uv":[5.0,1.0,6.0,2.0]},"down":{"texture":"#o0","uv":[5.0,1.0,6.0,2.0]}},"rotation":{"angle":0.0,"axis":"y","origin":[8.22848,18.65779,3.58884]},"name":"hexadecagon"},{"from":[5.37848,18.20179,3.49814],"to":[11.07848,19.11379,3.67954],"faces":{"east":{"texture":"#o0","uv":[5.0,1.0,6.0,2.0]},"west":{"texture":"#o0","uv":[5.0,1.0,6.0,2.0]},"up":{"texture":"#o0","uv":[5.0,1.0,6.0,2.0]},"down":{"texture":"#o0","uv":[5.0,1.0,6.0,2.0]}},"rotation":{"angle":-22.5,"axis":"x","origin":[8.22848,18.65779,3.58884]},"name":"hexadecagon"},{"from":[5.37848,18.56709,3.13284],"to":[11.07848,18.7485,4.04484],"faces":{"north":{"texture":"#o0","uv":[5.0,1.0,6.0,2.0]},"east":{"texture":"#o0","uv":[5.0,1.0,6.0,2.0]},"south":{"texture":"#o0","uv":[5.0,1.0,6.0,2.0]},"west":{"texture":"#o0","uv":[5.0,1.0,6.0,2.0]}},"rotation":{"angle":45.0,"axis":"x","origin":[8.22848,18.65779,3.58884]},"name":"hexadecagon"},{"from":[5.37848,18.56709,3.13284],"to":[11.07848,18.7485,4.04484],"faces":{"north":{"texture":"#o0","uv":[5.0,1.0,6.0,2.0]},"east":{"texture":"#o0","uv":[5.0,1.0,6.0,2.0]},"west":{"texture":"#o0","uv":[5.0,1.0,6.0,2.0]}},"rotation":{"angle":22.5,"axis":"x","origin":[8.22848,18.65779,3.58884]},"name":"hexadecagon"},{"from":[5.37848,18.56709,3.13284],"to":[11.07848,18.7485,4.04484],"faces":{"north":{"texture":"#o0","uv":[5.0,1.0,6.0,2.0]},"east":{"texture":"#o0","uv":[5.0,1.0,6.0,2.0]},"west":{"texture":"#o0","uv":[5.0,1.0,6.0,2.0]}},"rotation":{"angle":0.0,"axis":"y","origin":[8.22848,18.65779,3.58884]},"name":"hexadecagon"},{"from":[5.37848,18.56709,3.13284],"to":[11.07848,18.7485,4.04484],"faces":{"north":{"texture":"#o0","uv":[5.0,1.0,6.0,2.0]},"east":{"texture":"#o0","uv":[5.0,1.0,6.0,2.0]},"west":{"texture":"#o0","uv":[5.0,1.0,6.0,2.0]}},"rotation":{"angle":-22.5,"axis":"x","origin":[8.22848,18.65779,3.58884]},"name":"hexadecagon"},{"from":[5.37848,18.56709,3.13284],"to":[11.07848,18.7485,4.04484],"faces":{"north":{"texture":"#o0","uv":[5.0,1.0,6.0,2.0]},"east":{"texture":"#o0","uv":[5.0,1.0,6.0,2.0]},"west":{"texture":"#o0","uv":[5.0,1.0,6.0,2.0]}},"rotation":{"angle":-45.0,"axis":"x","origin":[8.22848,18.65779,3.58884]},"name":"hexadecagon"},{"from":[4.92248,18.63676,3.81261],"to":[11.53448,19.77557,13.38574],"faces":{"north":{"texture":"#o0","uv":[5.0,1.0,6.0,2.0]},"east":{"texture":"#o0","uv":[5.0,1.0,6.0,2.0]},"west":{"texture":"#o0","uv":[5.0,1.0,6.0,2.0]},"up":{"texture":"#o0","uv":[5.0,1.0,6.0,2.0]},"down":{"texture":"#o0","uv":[5.0,1.0,6.0,2.0]}},"rotation":{"angle":0.0,"axis":"y","origin":[8.22848,20.57476,7.11861]}},{"from":[5.15048,14.78179,3.93084],"to":[11.30648,18.82113,12.71329],"faces":{"north":{"texture":"#o0","uv":[5.0,1.0,6.0,2.0]},"east":{"texture":"#o0","uv":[5.0,1.0,6.0,2.0]},"west":{"texture":"#o0","uv":[5.0,1.0,6.0,2.0]}},"rotation":{"angle":0.0,"axis":"y","origin":[-0.89152,-3.00221,-0.97116]}},{"from":[5.15048,13.64179,3.93084],"to":[11.30648,14.78179,15.33084],"faces":{"north":{"texture":"#o0","uv":[5.0,1.0,6.0,2.0]},"east":{"texture":"#o0","uv":[5.0,1.0,6.0,2.0]},"west":{"texture":"#o0","uv":[5.0,1.0,6.0,2.0]},"down":{"texture":"#o0","uv":[5.0,1.0,6.0,2.0]}},"rotation":{"angle":0.0,"axis":"y","origin":[-0.89152,-4.14221,-0.97116]}}],"textures":{"o0":"raincoat:generated/23","o1":"raincoat:generated/23"},"gui_light":"front","display":{"thirdperson_righthand":{"translation":[0.0,2.25,1.0],"scale":[0.1,0.1,0.1]},"firstperson_righthand":{"rotation":[0.0,50.0,0.0],"translation":[0.0,13.6,0.5],"scale":[0.3,0.3,0.3]},"head":{"rotation":[0.0,0.0,90.0],"translation":[-2.75,-41.0,0.0],"scale":[0.3,0.3,0.3]},"gui":{"rotation":[-86.0,135.0,90.0],"translation":[1.25,1.75,0.0],"scale":[0.4,0.4,0.4]},"ground":{"scale":[0.3,0.3,0.3]},"fixed":{"rotation":[0.0,-90.0,0.0],"translation":[0.0,2.75,-1.25],"scale":[0.5,0.5,0.5]}},"credit":"Made with Blockbench by patch0010","groups":[{"name":"stun","origin":[8.0,8.0,8.0],"color":0,"children":[{"name":"group","origin":[9.80343,0.5,9.9609],"color":0,"children":[0,1,2,3,4]},{"name":"group","origin":[9.80343,0.5,9.9609],"color":0,"children":[5,6,7,8,9]},{"name":"octagon","origin":[8.0,8.0,8.0],"color":0,"children":[10,11,12,13]},{"name":"octagon","origin":[8.0,8.0,8.0],"color":0,"children":[14,15,16,17,18,19,20,21]},{"name":"hexadecagon","origin":[8.0,8.0,8.0],"color":0,"children":[22,23,24,25,26,27,28,29,30,31,32,33,34,35,36,37,38,39,40,41,42,43,44,45,46,47,48,49,50,51,52,53,54,55,56,57,58,59,60,61,62,63,64,65,66,67,68,69,70,71,72,73,74,75,76,77,78,79,80,81,82,83,84,85]},{"name":"hexadecagon","origin":[8.0,8.0,8.0],"color":0,"children":[86,87,88,89,90,91,92,93,94,95,96,97,98,99,100,101,102,103,104,105,106,107,108,109,110,111,112,113,114,115,116,117,118,119,120,121,122,123,124,125,126,127,128,129,130,131,132,133,134,135,136,137,138,139,140,141,142,143,144,145,146,147,148,149]},{"name":"hexadecagon","origin":[8.0,8.0,8.0],"color":0,"children":[150,151,152,153,154,155,156,157,158,159,160,161,162,163,164,165,166,167,168,169,170,171,172,173,174,175,176,177,178,179,180,181,182,183,184,185,186,187,188,189,190,191,192,193,194,195,196,197,198,199,200,201,202,203,204,205,206,207,208,209,210,211,212,213]},{"name":"hexadecagon","origin":[8.0,8.0,8.0],"color":0,"children":[214,215,216,217,218,219,220,221]},{"name":"group","origin":[0.0,3.40075,0.6],"color":0,"children":[222,223,224,225,226,227,228,229,230,231,232,233,234,235,236,237,238,239,240,241,242,243,244,245,246,247,248,249,250,251,252,253,254,255,256,257,258,259,260,261,262,263,264]}]}]}