{"sources":[{"type":"directory","source":"generated","prefix":"generated/"},{"type":"directory","source":"rainboots/airdrop","prefix":"rainboots/airdrop/"},{"type":"directory","source":"rainboots/ammo","prefix":"rainboots/ammo/"},{"type":"directory","source":"rainboots/block/monitor","prefix":"rainboots/block/monitor/"},{"type":"directory","source":"rainboots/grenade","prefix":"rainboots/grenade/"},{"type":"directory","source":"rainboots/gui/common_item","prefix":"rainboots/gui/common_item/"},{"type":"directory","source":"rainboots/gui/gun_customize","prefix":"rainboots/gui/gun_customize/"},{"type":"single","resource":"rainboots/gui/reward_list/badge"},{"type":"directory","source":"rainboots/item","prefix":"rainboots/item/"},{"type":"directory","source":"skin","prefix":"skin/"},{"type":"single","resource":"rainboots/bullet_hole"},{"type":"single","resource":"rainboots/laser"}]}