{"textures":{"o0":"generated/41","o1":"generated/42","o2":"generated/3c","o3":"generated/43","o4":"skin/player_skin","o5":"skin/player_skin_slim","o6":"generated/b","o7":"generated/3c","icon_background":"generated/0","icon":"generated/18"},"elements":[{"from":[4.33797,3.13262,7.20262],"to":[5.39109,3.98262,8.79958],"rotation":{"angle":0.0,"axis":"y","origin":[27.49033,-8.05226,-7.9989]},"faces":{"north":{"uv":[12.0,11.0,16.0,16.0],"texture":"#o3"},"south":{"uv":[12.0,11.0,16.0,16.0],"texture":"#o3"},"east":{"uv":[12.0,11.0,16.0,16.0],"texture":"#o3"},"west":{"uv":[12.0,11.0,16.0,16.0],"texture":"#o3"},"up":{"uv":[12.0,11.0,16.0,16.0],"rotation":90,"texture":"#o3"},"down":{"uv":[12.0,11.0,16.0,16.0],"rotation":270,"texture":"#o3"}}},{"from":[8.05033,10.20264,7.88292],"to":[18.84233,10.2769,8.11928],"rotation":{"angle":45.0,"axis":"x","origin":[11.62233,10.79674,8.0011]},"faces":{"north":{"uv":[0.0,0.0,1.0,1.0],"texture":"#o2"},"south":{"uv":[0.0,0.0,1.0,1.0],"texture":"#o2"},"east":{"uv":[0.0,0.0,1.0,1.0],"texture":"#o2"},"west":{"uv":[0.0,0.0,1.0,1.0],"texture":"#o2"},"up":{"uv":[0.0,0.0,1.0,1.0],"rotation":90,"texture":"#o2"},"down":{"uv":[0.0,0.0,1.0,1.0],"rotation":270,"texture":"#o2"}}},{"from":[8.05033,10.20264,7.88292],"to":[18.84233,10.2769,8.11928],"rotation":{"angle":22.5,"axis":"x","origin":[11.62233,10.79674,8.0011]},"faces":{"north":{"uv":[0.0,0.0,1.0,1.0],"texture":"#o2"},"south":{"uv":[0.0,0.0,1.0,1.0],"texture":"#o2"},"east":{"uv":[0.0,0.0,1.0,1.0],"texture":"#o2"},"west":{"uv":[0.0,0.0,1.0,1.0],"texture":"#o2"},"up":{"uv":[0.0,0.0,1.0,1.0],"rotation":90,"texture":"#o2"},"down":{"uv":[0.0,0.0,1.0,1.0],"rotation":270,"texture":"#o2"}}},{"from":[8.05033,10.20264,7.88292],"to":[18.84233,10.2769,8.11928],"rotation":{"angle":0.0,"axis":"y","origin":[27.49033,-8.05226,-7.9989]},"faces":{"north":{"uv":[0.0,0.0,1.0,1.0],"texture":"#o2"},"south":{"uv":[0.0,0.0,1.0,1.0],"texture":"#o2"},"east":{"uv":[0.0,0.0,1.0,1.0],"texture":"#o2"},"west":{"uv":[0.0,0.0,1.0,1.0],"texture":"#o2"},"up":{"uv":[0.0,0.0,1.0,1.0],"rotation":90,"texture":"#o2"},"down":{"uv":[0.0,0.0,1.0,1.0],"rotation":270,"texture":"#o2"}}},{"from":[8.05033,10.20264,7.88292],"to":[18.84233,10.2769,8.11928],"rotation":{"angle":-22.5,"axis":"x","origin":[11.62233,10.79674,8.0011]},"faces":{"north":{"uv":[0.0,0.0,1.0,1.0],"texture":"#o2"},"south":{"uv":[0.0,0.0,1.0,1.0],"texture":"#o2"},"east":{"uv":[0.0,0.0,1.0,1.0],"texture":"#o2"},"west":{"uv":[0.0,0.0,1.0,1.0],"texture":"#o2"},"up":{"uv":[0.0,0.0,1.0,1.0],"rotation":90,"texture":"#o2"},"down":{"uv":[0.0,0.0,1.0,1.0],"rotation":270,"texture":"#o2"}}},{"from":[8.05033,10.20264,7.88292],"to":[18.84233,10.2769,8.11928],"rotation":{"angle":-45.0,"axis":"x","origin":[11.62233,10.79674,8.0011]},"faces":{"north":{"uv":[0.0,0.0,1.0,1.0],"texture":"#o2"},"south":{"uv":[0.0,0.0,1.0,1.0],"texture":"#o2"},"east":{"uv":[0.0,0.0,1.0,1.0],"texture":"#o2"},"west":{"uv":[0.0,0.0,1.0,1.0],"texture":"#o2"},"up":{"uv":[0.0,0.0,1.0,1.0],"rotation":90,"texture":"#o2"},"down":{"uv":[0.0,0.0,1.0,1.0],"rotation":270,"texture":"#o2"}}},{"from":[8.05033,11.3166,7.88292],"to":[18.84233,11.39086,8.11928],"rotation":{"angle":45.0,"axis":"x","origin":[11.62233,10.79674,8.0011]},"faces":{"north":{"uv":[0.0,0.0,1.0,1.0],"texture":"#o2"},"south":{"uv":[0.0,0.0,1.0,1.0],"texture":"#o2"},"east":{"uv":[0.0,0.0,1.0,1.0],"texture":"#o2"},"west":{"uv":[0.0,0.0,1.0,1.0],"texture":"#o2"},"up":{"uv":[0.0,0.0,1.0,1.0],"rotation":90,"texture":"#o2"},"down":{"uv":[0.0,0.0,1.0,1.0],"rotation":270,"texture":"#o2"}}},{"from":[8.05033,11.3166,7.88292],"to":[18.84233,11.39086,8.11928],"rotation":{"angle":22.5,"axis":"x","origin":[11.62233,10.79674,8.0011]},"faces":{"north":{"uv":[0.0,0.0,1.0,1.0],"texture":"#o2"},"south":{"uv":[0.0,0.0,1.0,1.0],"texture":"#o2"},"east":{"uv":[0.0,0.0,1.0,1.0],"texture":"#o2"},"west":{"uv":[0.0,0.0,1.0,1.0],"texture":"#o2"},"up":{"uv":[0.0,0.0,1.0,1.0],"rotation":90,"texture":"#o2"},"down":{"uv":[0.0,0.0,1.0,1.0],"rotation":270,"texture":"#o2"}}},{"from":[8.05033,11.3166,7.88292],"to":[18.84233,11.39086,8.11928],"rotation":{"angle":0.0,"axis":"y","origin":[27.49033,-8.05226,-7.9989]},"faces":{"north":{"uv":[0.0,0.0,1.0,1.0],"texture":"#o2"},"south":{"uv":[0.0,0.0,1.0,1.0],"texture":"#o2"},"east":{"uv":[0.0,0.0,1.0,1.0],"texture":"#o2"},"west":{"uv":[0.0,0.0,1.0,1.0],"texture":"#o2"},"up":{"uv":[0.0,0.0,1.0,1.0],"rotation":90,"texture":"#o2"},"down":{"uv":[0.0,0.0,1.0,1.0],"rotation":270,"texture":"#o2"}}},{"from":[8.05033,11.3166,7.88292],"to":[18.84233,11.39086,8.11928],"rotation":{"angle":-22.5,"axis":"x","origin":[11.62233,10.79674,8.0011]},"faces":{"north":{"uv":[0.0,0.0,1.0,1.0],"texture":"#o2"},"south":{"uv":[0.0,0.0,1.0,1.0],"texture":"#o2"},"east":{"uv":[0.0,0.0,1.0,1.0],"texture":"#o2"},"west":{"uv":[0.0,0.0,1.0,1.0],"texture":"#o2"},"up":{"uv":[0.0,0.0,1.0,1.0],"rotation":90,"texture":"#o2"},"down":{"uv":[0.0,0.0,1.0,1.0],"rotation":270,"texture":"#o2"}}},{"from":[8.05033,11.3166,7.88292],"to":[18.84233,11.39086,8.11928],"rotation":{"angle":-45.0,"axis":"x","origin":[11.62233,10.79674,8.0011]},"faces":{"north":{"uv":[0.0,0.0,1.0,1.0],"texture":"#o2"},"south":{"uv":[0.0,0.0,1.0,1.0],"texture":"#o2"},"east":{"uv":[0.0,0.0,1.0,1.0],"texture":"#o2"},"west":{"uv":[0.0,0.0,1.0,1.0],"texture":"#o2"},"up":{"uv":[0.0,0.0,1.0,1.0],"rotation":90,"texture":"#o2"},"down":{"uv":[0.0,0.0,1.0,1.0],"rotation":270,"texture":"#o2"}}},{"from":[8.05033,10.67856,7.407],"to":[18.84233,10.91492,7.48126],"rotation":{"angle":22.5,"axis":"x","origin":[11.62233,10.79674,8.0011]},"faces":{"north":{"uv":[0.0,0.0,1.0,1.0],"texture":"#o2"},"south":{"uv":[0.0,0.0,1.0,1.0],"texture":"#o2"},"east":{"uv":[0.0,0.0,1.0,1.0],"texture":"#o2"},"west":{"uv":[0.0,0.0,1.0,1.0],"texture":"#o2"},"up":{"uv":[0.0,0.0,1.0,1.0],"rotation":90,"texture":"#o2"},"down":{"uv":[0.0,0.0,1.0,1.0],"rotation":270,"texture":"#o2"}}},{"from":[8.05033,10.67856,7.407],"to":[18.84233,10.91492,7.48126],"rotation":{"angle":0.0,"axis":"y","origin":[27.49033,-8.05226,-7.9989]},"faces":{"north":{"uv":[0.0,0.0,1.0,1.0],"texture":"#o2"},"south":{"uv":[0.0,0.0,1.0,1.0],"texture":"#o2"},"east":{"uv":[0.0,0.0,1.0,1.0],"texture":"#o2"},"west":{"uv":[0.0,0.0,1.0,1.0],"texture":"#o2"},"up":{"uv":[0.0,0.0,1.0,1.0],"rotation":90,"texture":"#o2"},"down":{"uv":[0.0,0.0,1.0,1.0],"rotation":270,"texture":"#o2"}}},{"from":[8.05033,10.67856,7.407],"to":[18.84233,10.91492,7.48126],"rotation":{"angle":-22.5,"axis":"x","origin":[11.62233,10.79674,8.0011]},"faces":{"north":{"uv":[0.0,0.0,1.0,1.0],"texture":"#o2"},"south":{"uv":[0.0,0.0,1.0,1.0],"texture":"#o2"},"east":{"uv":[0.0,0.0,1.0,1.0],"texture":"#o2"},"west":{"uv":[0.0,0.0,1.0,1.0],"texture":"#o2"},"up":{"uv":[0.0,0.0,1.0,1.0],"rotation":90,"texture":"#o2"},"down":{"uv":[0.0,0.0,1.0,1.0],"rotation":270,"texture":"#o2"}}},{"from":[8.05033,10.67856,8.52094],"to":[18.84233,10.91492,8.5952],"rotation":{"angle":22.5,"axis":"x","origin":[11.62233,10.79674,8.0011]},"faces":{"north":{"uv":[0.0,0.0,1.0,1.0],"texture":"#o2"},"south":{"uv":[0.0,0.0,1.0,1.0],"texture":"#o2"},"east":{"uv":[0.0,0.0,1.0,1.0],"texture":"#o2"},"west":{"uv":[0.0,0.0,1.0,1.0],"texture":"#o2"},"up":{"uv":[0.0,0.0,1.0,1.0],"rotation":90,"texture":"#o2"},"down":{"uv":[0.0,0.0,1.0,1.0],"rotation":270,"texture":"#o2"}}},{"from":[8.05033,10.67856,8.52094],"to":[18.84233,10.91492,8.5952],"rotation":{"angle":0.0,"axis":"y","origin":[27.49033,-8.05226,-7.9989]},"faces":{"north":{"uv":[0.0,0.0,1.0,1.0],"texture":"#o2"},"south":{"uv":[0.0,0.0,1.0,1.0],"texture":"#o2"},"east":{"uv":[0.0,0.0,1.0,1.0],"texture":"#o2"},"west":{"uv":[0.0,0.0,1.0,1.0],"texture":"#o2"},"up":{"uv":[0.0,0.0,1.0,1.0],"rotation":90,"texture":"#o2"},"down":{"uv":[0.0,0.0,1.0,1.0],"rotation":270,"texture":"#o2"}}},{"from":[8.05033,10.67856,8.52094],"to":[18.84233,10.91492,8.5952],"rotation":{"angle":-22.5,"axis":"x","origin":[11.62233,10.79674,8.0011]},"faces":{"north":{"uv":[0.0,0.0,1.0,1.0],"texture":"#o2"},"south":{"uv":[0.0,0.0,1.0,1.0],"texture":"#o2"},"east":{"uv":[0.0,0.0,1.0,1.0],"texture":"#o2"},"west":{"uv":[0.0,0.0,1.0,1.0],"texture":"#o2"},"up":{"uv":[0.0,0.0,1.0,1.0],"rotation":90,"texture":"#o2"},"down":{"uv":[0.0,0.0,1.0,1.0],"rotation":270,"texture":"#o2"}}},{"from":[4.86997,8.46662,7.2411],"to":[11.21597,9.53062,8.7611],"rotation":{"angle":0.0,"axis":"y","origin":[27.49033,-8.05226,-7.9989]},"faces":{"north":{"uv":[0.0,0.0,8.35,1.4],"texture":"#o1"},"south":{"uv":[0.0,0.0,8.35,1.4],"texture":"#o1"},"east":{"uv":[0.0,0.0,8.35,1.4],"texture":"#o1"},"west":{"uv":[0.0,0.0,8.35,1.4],"texture":"#o1"},"up":{"uv":[0.0,0.0,8.35,1.4],"rotation":90,"texture":"#o1"},"down":{"uv":[0.0,0.0,8.35,1.4],"rotation":270,"texture":"#o1"}}},{"from":[7.11079,7.47748,7.2411],"to":[11.25279,8.54148,8.7611],"rotation":{"angle":22.5,"axis":"z","origin":[8.70679,8.08548,8.00106]},"faces":{"north":{"uv":[0.0,0.0,5.45,1.4],"texture":"#o1"},"south":{"uv":[0.0,0.0,5.45,1.4],"texture":"#o1"},"east":{"uv":[0.0,0.0,5.45,1.4],"texture":"#o1"},"west":{"uv":[0.0,0.0,5.45,1.4],"texture":"#o1"},"up":{"uv":[0.0,0.0,5.45,1.4],"rotation":90,"texture":"#o1"},"down":{"uv":[0.0,0.0,5.45,1.4],"rotation":270,"texture":"#o1"}}},{"from":[10.96765,8.67526,7.24016],"to":[11.19565,9.62526,8.76016],"rotation":{"angle":-22.5,"axis":"z","origin":[10.66365,8.99826,8.00016]},"faces":{"north":{"uv":[0.0,0.0,1.25,0.3],"rotation":90,"texture":"#o1"},"south":{"uv":[0.0,0.0,1.25,0.3],"rotation":90,"texture":"#o1"},"east":{"uv":[0.0,0.0,1.25,0.3],"rotation":90,"texture":"#o1"},"west":{"uv":[0.0,0.0,1.25,0.3],"rotation":90,"texture":"#o1"},"up":{"uv":[0.0,0.0,1.25,0.3],"rotation":180,"texture":"#o1"},"down":{"uv":[0.0,0.0,1.25,0.3],"texture":"#o1"}}},{"from":[3.72997,9.37394,7.24016],"to":[11.39509,9.53062,8.7611],"rotation":{"angle":0.0,"axis":"y","origin":[27.49033,-8.05226,-7.9989]},"faces":{"north":{"uv":[0.0,0.0,10.0857,0.20616],"texture":"#o1"},"south":{"uv":[0.0,0.0,10.0857,0.20616],"texture":"#o1"},"east":{"uv":[0.0,0.0,10.0857,0.20616],"texture":"#o1"},"west":{"uv":[0.0,0.0,10.0857,0.20616],"texture":"#o1"},"up":{"uv":[0.0,0.0,10.0857,0.20616],"rotation":90,"texture":"#o1"},"down":{"uv":[0.0,0.0,10.0857,0.20616],"rotation":270,"texture":"#o1"}}},{"from":[6.34351,6.60186,7.2411],"to":[10.48551,7.66586,8.7611],"rotation":{"angle":45.0,"axis":"z","origin":[8.41451,7.13386,8.00004]},"faces":{"north":{"uv":[0.0,0.0,5.45,1.4],"texture":"#o1"},"south":{"uv":[0.0,0.0,5.45,1.4],"texture":"#o1"},"east":{"uv":[0.0,0.0,5.45,1.4],"texture":"#o1"},"west":{"uv":[0.0,0.0,5.45,1.4],"texture":"#o1"},"up":{"uv":[0.0,0.0,5.45,1.4],"rotation":90,"texture":"#o1"},"down":{"uv":[0.0,0.0,5.45,1.4],"rotation":270,"texture":"#o1"}}},{"from":[7.20453,4.40054,7.2411],"to":[8.07853,8.20054,8.7611],"rotation":{"angle":22.5,"axis":"z","origin":[7.75553,6.30054,7.99866]},"faces":{"north":{"uv":[0.0,0.0,1.15,5.0],"texture":"#o1"},"south":{"uv":[0.0,0.0,1.15,5.0],"texture":"#o1"},"east":{"uv":[0.0,0.0,1.15,5.0],"texture":"#o1"},"west":{"uv":[0.0,0.0,1.15,5.0],"texture":"#o1"},"up":{"uv":[0.0,0.0,1.15,5.0],"rotation":90,"texture":"#o1"},"down":{"uv":[0.0,0.0,1.15,5.0],"rotation":270,"texture":"#o1"}}},{"from":[6.37729,3.74874,7.2411],"to":[7.25129,7.54874,8.7611],"rotation":{"angle":45.0,"axis":"z","origin":[6.81429,5.64874,7.99892]},"faces":{"north":{"uv":[0.0,0.0,1.15,5.0],"texture":"#o1"},"south":{"uv":[0.0,0.0,1.15,5.0],"texture":"#o1"},"east":{"uv":[0.0,0.0,1.15,5.0],"texture":"#o1"},"west":{"uv":[0.0,0.0,1.15,5.0],"texture":"#o1"},"up":{"uv":[0.0,0.0,1.15,5.0],"rotation":90,"texture":"#o1"},"down":{"uv":[0.0,0.0,1.15,5.0],"rotation":270,"texture":"#o1"}}},{"from":[5.76929,2.22874,7.2411],"to":[6.64329,6.02874,8.7611],"rotation":{"angle":45.0,"axis":"z","origin":[6.20629,4.12874,7.99892]},"faces":{"north":{"uv":[0.0,0.0,1.15,5.0],"texture":"#o1"},"south":{"uv":[0.0,0.0,1.15,5.0],"texture":"#o1"},"east":{"uv":[0.0,0.0,1.15,5.0],"texture":"#o1"},"west":{"uv":[0.0,0.0,1.15,5.0],"texture":"#o1"},"up":{"uv":[0.0,0.0,1.15,5.0],"rotation":90,"texture":"#o1"},"down":{"uv":[0.0,0.0,1.15,5.0],"rotation":270,"texture":"#o1"}}},{"from":[6.59653,2.88054,7.2411],"to":[7.47053,6.68054,8.7611],"rotation":{"angle":22.5,"axis":"z","origin":[7.14753,4.78054,7.99866]},"faces":{"north":{"uv":[0.0,0.0,1.15,5.0],"texture":"#o1"},"south":{"uv":[0.0,0.0,1.15,5.0],"texture":"#o1"},"east":{"uv":[0.0,0.0,1.15,5.0],"texture":"#o1"},"west":{"uv":[0.0,0.0,1.15,5.0],"texture":"#o1"},"up":{"uv":[0.0,0.0,1.15,5.0],"rotation":90,"texture":"#o1"},"down":{"uv":[0.0,0.0,1.15,5.0],"rotation":270,"texture":"#o1"}}},{"from":[5.37451,1.49086,7.2411],"to":[9.32651,8.36886,8.7611],"rotation":{"angle":-22.5,"axis":"z","origin":[8.64251,7.13386,8.00004]},"faces":{"north":{"uv":[0.0,0.0,3.3,5.2],"rotation":90,"texture":"#o1"},"south":{"uv":[0.0,0.0,3.3,5.2],"rotation":90,"texture":"#o1"},"east":{"uv":[0.0,0.0,3.3,5.2],"rotation":90,"texture":"#o1"},"west":{"uv":[0.0,0.0,3.3,5.2],"rotation":90,"texture":"#o1"},"up":{"uv":[0.0,0.0,3.3,5.2],"rotation":180,"texture":"#o1"},"down":{"uv":[0.0,0.0,3.3,5.2],"texture":"#o1"}}},{"from":[4.24935,8.43092,7.2411],"to":[4.75987,9.88756,8.7611],"rotation":{"angle":22.5,"axis":"z","origin":[6.21461,10.01424,8.00232]},"faces":{"north":{"uv":[0.0,0.0,1.91662,0.67175],"rotation":90,"texture":"#o1"},"south":{"uv":[0.0,0.0,1.91662,0.67175],"rotation":90,"texture":"#o1"},"east":{"uv":[0.0,0.0,1.91662,0.67175],"rotation":90,"texture":"#o1"},"west":{"uv":[0.0,0.0,1.91662,0.67175],"rotation":90,"texture":"#o1"},"up":{"uv":[0.0,0.0,1.91662,0.67175],"rotation":180,"texture":"#o1"},"down":{"uv":[0.0,0.0,1.91662,0.67175],"texture":"#o1"}}},{"from":[5.38877,5.392,7.2601],"to":[8.71129,8.55864,8.7421],"rotation":{"angle":0.0,"axis":"y","origin":[27.49033,-8.05226,-7.9989]},"faces":{"north":{"uv":[0.0,0.0,4.16662,4.37175],"rotation":90,"texture":"#o0"},"south":{"uv":[0.0,0.0,4.16662,4.37175],"rotation":90,"texture":"#o0"},"east":{"uv":[0.0,0.0,4.16662,4.37175],"rotation":90,"texture":"#o0"},"west":{"uv":[0.0,0.0,4.16662,4.37175],"rotation":90,"texture":"#o0"},"up":{"uv":[0.0,0.0,4.16662,4.37175],"rotation":180,"texture":"#o0"},"down":{"uv":[0.0,0.0,4.16662,4.37175],"texture":"#o0"}}},{"from":[5.29851,5.55686,7.2601],"to":[9.25051,5.70886,8.7421],"rotation":{"angle":-22.5,"axis":"z","origin":[8.56651,6.82986,8.00004]},"faces":{"north":{"uv":[0.0,0.0,0.2,5.2],"rotation":90,"texture":"#o0"},"south":{"uv":[0.0,0.0,0.2,5.2],"rotation":90,"texture":"#o0"},"east":{"uv":[0.0,0.0,0.2,5.2],"rotation":90,"texture":"#o0"},"west":{"uv":[0.0,0.0,0.2,5.2],"rotation":90,"texture":"#o0"},"up":{"uv":[0.0,0.0,0.2,5.2],"rotation":180,"texture":"#o0"},"down":{"uv":[0.0,0.0,0.2,5.2],"texture":"#o0"}}},{"from":[5.31277,5.183,7.2601],"to":[8.63529,8.34964,8.7421],"rotation":{"angle":0.0,"axis":"y","origin":[27.49033,-8.05226,-7.9989]},"faces":{"north":{"uv":[0.0,0.0,4.16662,4.37175],"rotation":90,"texture":"#o0"},"south":{"uv":[0.0,0.0,4.16662,4.37175],"rotation":90,"texture":"#o0"},"east":{"uv":[0.0,0.0,4.16662,4.37175],"rotation":90,"texture":"#o0"},"west":{"uv":[0.0,0.0,4.16662,4.37175],"rotation":90,"texture":"#o0"},"up":{"uv":[0.0,0.0,4.16662,4.37175],"rotation":180,"texture":"#o0"},"down":{"uv":[0.0,0.0,4.16662,4.37175],"texture":"#o0"}}},{"from":[5.22251,5.34786,7.2601],"to":[9.17451,5.49986,8.7421],"rotation":{"angle":-22.5,"axis":"z","origin":[8.49051,6.62086,8.00004]},"faces":{"north":{"uv":[0.0,0.0,0.2,5.2],"rotation":90,"texture":"#o0"},"south":{"uv":[0.0,0.0,0.2,5.2],"rotation":90,"texture":"#o0"},"east":{"uv":[0.0,0.0,0.2,5.2],"rotation":90,"texture":"#o0"},"west":{"uv":[0.0,0.0,0.2,5.2],"rotation":90,"texture":"#o0"},"up":{"uv":[0.0,0.0,0.2,5.2],"rotation":180,"texture":"#o0"},"down":{"uv":[0.0,0.0,0.2,5.2],"texture":"#o0"}}},{"from":[4.99451,1.45286,7.2411],"to":[6.13451,6.46886,8.7611],"rotation":{"angle":-22.5,"axis":"z","origin":[8.64251,7.13386,8.00004]},"faces":{"north":{"uv":[0.0,0.0,6.6,1.5],"rotation":90,"texture":"#o1"},"south":{"uv":[0.0,0.0,6.6,1.5],"rotation":90,"texture":"#o1"},"east":{"uv":[0.0,0.0,6.6,1.5],"rotation":90,"texture":"#o1"},"west":{"uv":[0.0,0.0,6.6,1.5],"rotation":90,"texture":"#o1"},"up":{"uv":[0.0,0.0,6.6,1.5],"rotation":180,"texture":"#o1"},"down":{"uv":[0.0,0.0,6.6,1.5],"texture":"#o1"}}},{"from":[4.74751,4.24586,7.2601],"to":[8.69951,4.39786,8.7421],"rotation":{"angle":-22.5,"axis":"z","origin":[8.01551,5.51886,8.00004]},"faces":{"north":{"uv":[0.0,0.0,0.2,5.2],"rotation":90,"texture":"#o0"},"south":{"uv":[0.0,0.0,0.2,5.2],"rotation":90,"texture":"#o0"},"east":{"uv":[0.0,0.0,0.2,5.2],"rotation":90,"texture":"#o0"},"west":{"uv":[0.0,0.0,0.2,5.2],"rotation":90,"texture":"#o0"},"up":{"uv":[0.0,0.0,0.2,5.2],"rotation":180,"texture":"#o0"},"down":{"uv":[0.0,0.0,0.2,5.2],"texture":"#o0"}}},{"from":[4.67151,4.03686,7.2601],"to":[8.62351,4.18886,8.7421],"rotation":{"angle":-22.5,"axis":"z","origin":[7.93951,5.30986,8.00004]},"faces":{"north":{"uv":[0.0,0.0,0.2,5.2],"rotation":90,"texture":"#o0"},"south":{"uv":[0.0,0.0,0.2,5.2],"rotation":90,"texture":"#o0"},"east":{"uv":[0.0,0.0,0.2,5.2],"rotation":90,"texture":"#o0"},"west":{"uv":[0.0,0.0,0.2,5.2],"rotation":90,"texture":"#o0"},"up":{"uv":[0.0,0.0,0.2,5.2],"rotation":180,"texture":"#o0"},"down":{"uv":[0.0,0.0,0.2,5.2],"texture":"#o0"}}},{"from":[4.83777,4.081,7.2601],"to":[8.16029,7.24764,8.7421],"rotation":{"angle":0.0,"axis":"y","origin":[27.49033,-8.05226,-7.9989]},"faces":{"north":{"uv":[0.0,0.0,2.0,4.16662],"rotation":180,"texture":"#o0"},"south":{"uv":[0.0,0.0,2.0,4.16662],"rotation":180,"texture":"#o0"},"east":{"uv":[0.0,0.0,2.0,4.16662],"rotation":180,"texture":"#o0"},"west":{"uv":[0.0,0.0,2.0,4.16662],"rotation":180,"texture":"#o0"},"up":{"uv":[0.0,0.0,2.0,4.16662],"rotation":270,"texture":"#o0"},"down":{"uv":[0.0,0.0,2.0,4.16662],"rotation":90,"texture":"#o0"}}},{"from":[4.10151,2.59286,7.2601],"to":[8.05351,2.74486,8.7421],"rotation":{"angle":-22.5,"axis":"z","origin":[7.36951,3.86586,8.00004]},"faces":{"north":{"uv":[0.0,0.0,0.2,5.2],"rotation":90,"texture":"#o0"},"south":{"uv":[0.0,0.0,0.2,5.2],"rotation":90,"texture":"#o0"},"east":{"uv":[0.0,0.0,0.2,5.2],"rotation":90,"texture":"#o0"},"west":{"uv":[0.0,0.0,0.2,5.2],"rotation":90,"texture":"#o0"},"up":{"uv":[0.0,0.0,0.2,5.2],"rotation":180,"texture":"#o0"},"down":{"uv":[0.0,0.0,0.2,5.2],"texture":"#o0"}}},{"from":[4.19177,2.428,7.2601],"to":[7.51429,2.55464,8.7421],"rotation":{"angle":0.0,"axis":"y","origin":[27.49033,-8.05226,-7.9989]},"faces":{"north":{"uv":[0.0,0.0,4.16662,4.37175],"rotation":90,"texture":"#o0"},"south":{"uv":[0.0,0.0,4.16662,4.37175],"rotation":90,"texture":"#o0"},"east":{"uv":[0.0,0.0,4.16662,4.37175],"rotation":90,"texture":"#o0"},"west":{"uv":[0.0,0.0,4.16662,4.37175],"rotation":90,"texture":"#o0"},"up":{"uv":[0.0,0.0,4.16662,4.37175],"rotation":180,"texture":"#o0"},"down":{"uv":[0.0,0.0,4.16662,4.37175],"texture":"#o0"}}},{"from":[4.26777,2.637,7.2601],"to":[7.59029,5.80364,8.7421],"rotation":{"angle":0.0,"axis":"y","origin":[27.49033,-8.05226,-7.9989]},"faces":{"north":{"uv":[0.0,0.0,4.16662,4.37175],"rotation":90,"texture":"#o0"},"south":{"uv":[0.0,0.0,4.16662,4.37175],"rotation":90,"texture":"#o0"},"east":{"uv":[0.0,0.0,4.16662,4.37175],"rotation":90,"texture":"#o0"},"west":{"uv":[0.0,0.0,4.16662,4.37175],"rotation":90,"texture":"#o0"},"up":{"uv":[0.0,0.0,4.16662,4.37175],"rotation":180,"texture":"#o0"},"down":{"uv":[0.0,0.0,4.16662,4.37175],"texture":"#o0"}}},{"from":[4.17751,2.80186,7.2601],"to":[8.12951,2.95386,8.7421],"rotation":{"angle":-22.5,"axis":"z","origin":[7.44551,4.07486,8.00004]},"faces":{"north":{"uv":[0.0,0.0,0.2,5.2],"rotation":90,"texture":"#o0"},"south":{"uv":[0.0,0.0,0.2,5.2],"rotation":90,"texture":"#o0"},"east":{"uv":[0.0,0.0,0.2,5.2],"rotation":90,"texture":"#o0"},"west":{"uv":[0.0,0.0,0.2,5.2],"rotation":90,"texture":"#o0"},"up":{"uv":[0.0,0.0,0.2,5.2],"rotation":180,"texture":"#o0"},"down":{"uv":[0.0,0.0,0.2,5.2],"texture":"#o0"}}},{"from":[4.59551,3.82786,7.2601],"to":[8.54751,3.97986,8.7421],"rotation":{"angle":-22.5,"axis":"z","origin":[7.86351,5.10086,8.00004]},"faces":{"north":{"uv":[0.0,0.0,0.2,5.2],"rotation":90,"texture":"#o0"},"south":{"uv":[0.0,0.0,0.2,5.2],"rotation":90,"texture":"#o0"},"east":{"uv":[0.0,0.0,0.2,5.2],"rotation":90,"texture":"#o0"},"west":{"uv":[0.0,0.0,0.2,5.2],"rotation":90,"texture":"#o0"},"up":{"uv":[0.0,0.0,0.2,5.2],"rotation":180,"texture":"#o0"},"down":{"uv":[0.0,0.0,0.2,5.2],"texture":"#o0"}}},{"from":[4.68577,3.663,7.2601],"to":[8.00829,6.82964,8.7421],"rotation":{"angle":0.0,"axis":"y","origin":[27.49033,-8.05226,-7.9989]},"faces":{"north":{"uv":[0.0,0.0,4.16662,4.37175],"rotation":90,"texture":"#o0"},"south":{"uv":[0.0,0.0,4.16662,4.37175],"rotation":90,"texture":"#o0"},"east":{"uv":[0.0,0.0,4.16662,4.37175],"rotation":90,"texture":"#o0"},"west":{"uv":[0.0,0.0,4.16662,4.37175],"rotation":90,"texture":"#o0"},"up":{"uv":[0.0,0.0,4.16662,4.37175],"rotation":180,"texture":"#o0"},"down":{"uv":[0.0,0.0,4.16662,4.37175],"texture":"#o0"}}},{"from":[4.06063,1.7619,7.2411],"to":[7.44263,2.9779,8.7611],"rotation":{"angle":0.0,"axis":"y","origin":[27.49033,-8.05226,-7.9989]},"faces":{"north":{"uv":[0.0,0.0,1.6,4.45],"rotation":90,"texture":"#o1"},"south":{"uv":[0.0,0.0,1.6,4.45],"rotation":90,"texture":"#o1"},"east":{"uv":[0.0,0.0,1.6,4.45],"rotation":90,"texture":"#o1"},"west":{"uv":[0.0,0.0,1.6,4.45],"rotation":90,"texture":"#o1"},"up":{"uv":[0.0,0.0,1.6,4.45],"rotation":180,"texture":"#o1"},"down":{"uv":[0.0,0.0,1.6,4.45],"texture":"#o1"}}},{"from":[4.76177,3.872,7.2601],"to":[8.08429,7.03864,8.7421],"rotation":{"angle":0.0,"axis":"y","origin":[27.49033,-8.05226,-7.9989]},"faces":{"north":{"uv":[0.0,0.0,2.0,4.16662],"rotation":180,"texture":"#o0"},"south":{"uv":[0.0,0.0,2.0,4.16662],"rotation":180,"texture":"#o0"},"east":{"uv":[0.0,0.0,2.0,4.16662],"rotation":180,"texture":"#o0"},"west":{"uv":[0.0,0.0,2.0,4.16662],"rotation":180,"texture":"#o0"},"up":{"uv":[0.0,0.0,2.0,4.16662],"rotation":270,"texture":"#o0"},"down":{"uv":[0.0,0.0,2.0,4.16662],"rotation":90,"texture":"#o0"}}},{"from":[5.99863,1.5339,7.2411],"to":[7.44263,1.7619,8.7611],"rotation":{"angle":0.0,"axis":"y","origin":[27.49033,-8.05226,-7.9989]},"faces":{"north":{"uv":[0.0,0.0,0.3,1.9],"rotation":90,"texture":"#o1"},"south":{"uv":[0.0,0.0,0.3,1.9],"rotation":90,"texture":"#o1"},"east":{"uv":[0.0,0.0,0.3,1.9],"rotation":90,"texture":"#o1"},"west":{"uv":[0.0,0.0,0.3,1.9],"rotation":90,"texture":"#o1"},"up":{"uv":[0.0,0.0,0.3,1.9],"rotation":180,"texture":"#o1"},"down":{"uv":[0.0,0.0,0.3,1.9],"texture":"#o1"}}},{"from":[7.38729,1.66008,7.2411],"to":[7.53929,1.81208,8.7611],"rotation":{"angle":22.5,"axis":"z","origin":[7.72929,1.73608,8.0051]},"faces":{"north":{"uv":[0.0,0.0,0.2,0.2],"rotation":90,"texture":"#o1"},"south":{"uv":[0.0,0.0,0.2,0.2],"rotation":90,"texture":"#o1"},"east":{"uv":[0.0,0.0,0.2,0.2],"rotation":90,"texture":"#o1"},"west":{"uv":[0.0,0.0,0.2,0.2],"rotation":90,"texture":"#o1"},"up":{"uv":[0.0,0.0,0.2,0.2],"rotation":180,"texture":"#o1"},"down":{"uv":[0.0,0.0,0.2,0.2],"texture":"#o1"}}},{"from":[7.43077,1.59318,7.2411],"to":[7.58277,1.74518,8.7611],"rotation":{"angle":0.0,"axis":"y","origin":[27.49033,-8.05226,-7.9989]},"faces":{"north":{"uv":[0.0,0.0,0.2,0.2],"rotation":90,"texture":"#o1"},"south":{"uv":[0.0,0.0,0.2,0.2],"rotation":90,"texture":"#o1"},"east":{"uv":[0.0,0.0,0.2,0.2],"rotation":90,"texture":"#o1"},"west":{"uv":[0.0,0.0,0.2,0.2],"rotation":90,"texture":"#o1"},"up":{"uv":[0.0,0.0,0.2,0.2],"rotation":180,"texture":"#o1"},"down":{"uv":[0.0,0.0,0.2,0.2],"texture":"#o1"}}},{"from":[7.39921,1.66918,7.2411],"to":[7.55121,1.97318,8.7611],"rotation":{"angle":45.0,"axis":"z","origin":[7.47521,1.74518,8.00494]},"faces":{"north":{"uv":[0.0,0.0,2.0,0.4],"rotation":180,"texture":"#o1"},"south":{"uv":[0.0,0.0,2.0,0.4],"rotation":180,"texture":"#o1"},"east":{"uv":[0.0,0.0,2.0,0.4],"rotation":180,"texture":"#o1"},"west":{"uv":[0.0,0.0,2.0,0.4],"rotation":180,"texture":"#o1"},"up":{"uv":[0.0,0.0,2.0,0.4],"rotation":270,"texture":"#o1"},"down":{"uv":[0.0,0.0,2.0,0.4],"rotation":90,"texture":"#o1"}}},{"from":[7.04137,1.68482,7.2411],"to":[7.49737,1.98882,8.7611],"rotation":{"angle":22.5,"axis":"z","origin":[7.42137,1.83682,8.00494]},"faces":{"north":{"uv":[0.0,0.0,0.4,0.6],"rotation":90,"texture":"#o1"},"south":{"uv":[0.0,0.0,0.4,0.6],"rotation":90,"texture":"#o1"},"east":{"uv":[0.0,0.0,0.4,0.6],"rotation":90,"texture":"#o1"},"west":{"uv":[0.0,0.0,0.4,0.6],"rotation":90,"texture":"#o1"},"up":{"uv":[0.0,0.0,0.4,0.6],"rotation":180,"texture":"#o1"},"down":{"uv":[0.0,0.0,0.4,0.6],"texture":"#o1"}}},{"from":[4.63819,1.80202,7.2411],"to":[6.08219,2.10602,8.7611],"rotation":{"angle":-22.5,"axis":"z","origin":[5.36019,1.87802,8.00832]},"faces":{"north":{"uv":[0.0,0.0,0.4,1.9],"rotation":90,"texture":"#o1"},"south":{"uv":[0.0,0.0,0.4,1.9],"rotation":90,"texture":"#o1"},"east":{"uv":[0.0,0.0,0.4,1.9],"rotation":90,"texture":"#o1"},"west":{"uv":[0.0,0.0,0.4,1.9],"rotation":90,"texture":"#o1"},"up":{"uv":[0.0,0.0,0.4,1.9],"rotation":180,"texture":"#o1"},"down":{"uv":[0.0,0.0,0.4,1.9],"texture":"#o1"}}},{"from":[3.46027,2.03002,7.2411],"to":[4.14427,2.33402,8.7611],"rotation":{"angle":-22.5,"axis":"z","origin":[3.42227,2.10602,8.00838]},"faces":{"north":{"uv":[0.0,0.0,0.4,0.9],"rotation":90,"texture":"#o1"},"south":{"uv":[0.0,0.0,0.4,0.9],"rotation":90,"texture":"#o1"},"east":{"uv":[0.0,0.0,0.4,0.9],"rotation":90,"texture":"#o1"},"west":{"uv":[0.0,0.0,0.4,0.9],"rotation":90,"texture":"#o1"},"up":{"uv":[0.0,0.0,0.4,0.9],"rotation":180,"texture":"#o1"},"down":{"uv":[0.0,0.0,0.4,0.9],"texture":"#o1"}}},{"from":[4.85677,5.696,7.2411],"to":[8.78729,9.47064,8.7611],"rotation":{"angle":0.0,"axis":"y","origin":[27.49033,-8.05226,-7.9989]},"faces":{"north":{"uv":[0.0,0.0,4.96662,5.17175],"rotation":90,"texture":"#o1"},"south":{"uv":[0.0,0.0,4.96662,5.17175],"rotation":90,"texture":"#o1"},"east":{"uv":[0.0,0.0,4.96662,5.17175],"rotation":90,"texture":"#o1"},"west":{"uv":[0.0,0.0,4.96662,5.17175],"rotation":90,"texture":"#o1"},"up":{"uv":[0.0,0.0,4.96662,5.17175],"rotation":180,"texture":"#o1"},"down":{"uv":[0.0,0.0,4.96662,5.17175],"texture":"#o1"}}},{"from":[4.70923,7.91544,7.2411],"to":[5.21977,9.37208,8.7611],"rotation":{"angle":45.0,"axis":"z","origin":[4.96449,8.64376,8.00704]},"faces":{"north":{"uv":[0.0,0.0,1.91662,0.67175],"rotation":90,"texture":"#o1"},"south":{"uv":[0.0,0.0,1.91662,0.67175],"rotation":90,"texture":"#o1"},"east":{"uv":[0.0,0.0,1.91662,0.67175],"rotation":90,"texture":"#o1"},"west":{"uv":[0.0,0.0,1.91662,0.67175],"rotation":90,"texture":"#o1"},"up":{"uv":[0.0,0.0,1.91662,0.67175],"rotation":180,"texture":"#o1"},"down":{"uv":[0.0,0.0,1.91662,0.67175],"texture":"#o1"}}},{"from":[3.62817,8.9205,7.2411],"to":[5.08481,9.27902,8.7611],"rotation":{"angle":-22.5,"axis":"z","origin":[4.35649,9.17576,8.00704]},"faces":{"north":{"uv":[0.0,0.0,1.91662,0.47175],"rotation":180,"texture":"#o1"},"south":{"uv":[0.0,0.0,1.91662,0.47175],"rotation":180,"texture":"#o1"},"east":{"uv":[0.0,0.0,1.91662,0.47175],"rotation":180,"texture":"#o1"},"west":{"uv":[0.0,0.0,1.91662,0.47175],"rotation":180,"texture":"#o1"},"up":{"uv":[0.0,0.0,1.91662,0.47175],"rotation":270,"texture":"#o1"},"down":{"uv":[0.0,0.0,1.91662,0.47175],"rotation":90,"texture":"#o1"}}},{"from":[3.41277,9.116,7.2411],"to":[8.78729,9.45164,8.7611],"rotation":{"angle":0.0,"axis":"y","origin":[27.49033,-8.05226,-7.9989]},"faces":{"north":{"uv":[0.0,0.0,0.44162,7.07175],"rotation":90,"texture":"#o1"},"south":{"uv":[0.0,0.0,0.44162,7.07175],"rotation":90,"texture":"#o1"},"east":{"uv":[0.0,0.0,0.44162,7.07175],"rotation":90,"texture":"#o1"},"west":{"uv":[0.0,0.0,0.44162,7.07175],"rotation":90,"texture":"#o1"},"up":{"uv":[0.0,0.0,0.44162,7.07175],"rotation":180,"texture":"#o1"},"down":{"uv":[0.0,0.0,0.44162,7.07175],"texture":"#o1"}}},{"from":[3.54925,10.1227,7.2411],"to":[3.67977,10.30632,8.7611],"rotation":{"angle":-22.5,"axis":"z","origin":[0.99251,10.29052,8.0078]},"faces":{"north":{"uv":[0.0,0.0,0.24162,0.17175],"rotation":90,"texture":"#o1"},"south":{"uv":[0.0,0.0,0.24162,0.17175],"rotation":90,"texture":"#o1"},"east":{"uv":[0.0,0.0,0.24162,0.17175],"rotation":90,"texture":"#o1"},"west":{"uv":[0.0,0.0,0.24162,0.17175],"rotation":90,"texture":"#o1"},"up":{"uv":[0.0,0.0,0.24162,0.17175],"rotation":180,"texture":"#o1"},"down":{"uv":[0.0,0.0,0.24162,0.17175],"texture":"#o1"}}},{"from":[3.28753,9.15062,7.2411],"to":[4.22441,9.36922,8.7611],"rotation":{"angle":0.0,"axis":"y","origin":[27.49033,-8.05226,-7.9989]},"faces":{"north":{"uv":[0.0,0.0,0.28761,1.23275],"rotation":90,"texture":"#o1"},"south":{"uv":[0.0,0.0,0.28761,1.23275],"rotation":90,"texture":"#o1"},"east":{"uv":[0.0,0.0,0.28761,1.23275],"rotation":90,"texture":"#o1"},"west":{"uv":[0.0,0.0,0.28761,1.23275],"rotation":90,"texture":"#o1"},"up":{"uv":[0.0,0.0,0.28761,1.23275],"rotation":180,"texture":"#o1"},"down":{"uv":[0.0,0.0,0.28761,1.23275],"texture":"#o1"}}},{"from":[3.22703,9.51376,7.2411],"to":[3.74593,9.73236,8.7611],"rotation":{"angle":45.0,"axis":"z","origin":[3.69549,9.62306,8.00732]},"faces":{"north":{"uv":[0.0,0.0,0.28761,0.68275],"rotation":90,"texture":"#o1"},"south":{"uv":[0.0,0.0,0.28761,0.68275],"rotation":90,"texture":"#o1"},"east":{"uv":[0.0,0.0,0.28761,0.68275],"rotation":90,"texture":"#o1"},"west":{"uv":[0.0,0.0,0.28761,0.68275],"rotation":90,"texture":"#o1"},"up":{"uv":[0.0,0.0,0.28761,0.68275],"rotation":180,"texture":"#o1"},"down":{"uv":[0.0,0.0,0.28761,0.68275],"texture":"#o1"}}},{"from":[3.59219,9.42698,7.2411],"to":[4.87107,9.64558,8.7611],"rotation":{"angle":-22.5,"axis":"z","origin":[3.85163,9.53628,8.00668]},"faces":{"north":{"uv":[0.0,0.0,0.28761,1.68275],"rotation":90,"texture":"#o1"},"south":{"uv":[0.0,0.0,0.28761,1.68275],"rotation":90,"texture":"#o1"},"east":{"uv":[0.0,0.0,0.28761,1.68275],"rotation":90,"texture":"#o1"},"west":{"uv":[0.0,0.0,0.28761,1.68275],"rotation":90,"texture":"#o1"},"up":{"uv":[0.0,0.0,0.28761,1.68275],"rotation":180,"texture":"#o1"},"down":{"uv":[0.0,0.0,0.28761,1.68275],"texture":"#o1"}}},{"from":[3.30063,1.9139,7.2411],"to":[4.97263,2.9779,8.7611],"rotation":{"angle":0.0,"axis":"y","origin":[27.49033,-8.05226,-7.9989]},"faces":{"north":{"uv":[0.0,0.0,1.4,2.2],"rotation":90,"texture":"#o1"},"south":{"uv":[0.0,0.0,1.4,2.2],"rotation":90,"texture":"#o1"},"east":{"uv":[0.0,0.0,1.4,2.2],"rotation":90,"texture":"#o1"},"west":{"uv":[0.0,0.0,1.4,2.2],"rotation":90,"texture":"#o1"},"up":{"uv":[0.0,0.0,1.4,2.2],"rotation":180,"texture":"#o1"},"down":{"uv":[0.0,0.0,1.4,2.2],"texture":"#o1"}}},{"from":[3.41535,2.19084,7.2411],"to":[3.56735,3.86284,8.7611],"rotation":{"angle":-22.5,"axis":"z","origin":[2.73135,2.72284,8.00836]},"faces":{"north":{"uv":[0.0,0.0,2.2,0.2],"rotation":90,"texture":"#o1"},"south":{"uv":[0.0,0.0,2.2,0.2],"rotation":90,"texture":"#o1"},"east":{"uv":[0.0,0.0,2.2,0.2],"rotation":90,"texture":"#o1"},"west":{"uv":[0.0,0.0,2.2,0.2],"rotation":90,"texture":"#o1"},"up":{"uv":[0.0,0.0,2.2,0.2],"rotation":180,"texture":"#o1"},"down":{"uv":[0.0,0.0,2.2,0.2],"texture":"#o1"}}},{"from":[3.10193,1.99332,7.2411],"to":[3.86193,3.66532,8.7611],"rotation":{"angle":-45.0,"axis":"z","origin":[3.48193,2.82932,8.00828]},"faces":{"north":{"uv":[0.0,0.0,2.2,1.0],"rotation":90,"texture":"#o1"},"south":{"uv":[0.0,0.0,2.2,1.0],"rotation":90,"texture":"#o1"},"east":{"uv":[0.0,0.0,2.2,1.0],"rotation":90,"texture":"#o1"},"west":{"uv":[0.0,0.0,2.2,1.0],"rotation":90,"texture":"#o1"},"up":{"uv":[0.0,0.0,2.2,1.0],"rotation":180,"texture":"#o1"},"down":{"uv":[0.0,0.0,2.2,1.0],"texture":"#o1"}}},{"from":[2.62173,2.50638,7.2411],"to":[3.38173,3.22838,8.7611],"rotation":{"angle":0.0,"axis":"y","origin":[27.49033,-8.05226,-7.9989]},"faces":{"north":{"uv":[0.0,0.0,0.95,1.0],"rotation":90,"texture":"#o1"},"south":{"uv":[0.0,0.0,0.95,1.0],"rotation":90,"texture":"#o1"},"east":{"uv":[0.0,0.0,0.95,1.0],"rotation":90,"texture":"#o1"},"west":{"uv":[0.0,0.0,0.95,1.0],"rotation":90,"texture":"#o1"},"up":{"uv":[0.0,0.0,0.95,1.0],"rotation":180,"texture":"#o1"},"down":{"uv":[0.0,0.0,0.95,1.0],"texture":"#o1"}}},{"from":[2.72999,3.05566,7.2411],"to":[3.48999,4.15766,8.7611],"rotation":{"angle":-22.5,"axis":"z","origin":[3.10999,3.41666,8.00728]},"faces":{"north":{"uv":[0.0,0.0,1.45,1.0],"rotation":90,"texture":"#o1"},"south":{"uv":[0.0,0.0,1.45,1.0],"rotation":90,"texture":"#o1"},"east":{"uv":[0.0,0.0,1.45,1.0],"rotation":90,"texture":"#o1"},"west":{"uv":[0.0,0.0,1.45,1.0],"rotation":90,"texture":"#o1"},"up":{"uv":[0.0,0.0,1.45,1.0],"rotation":180,"texture":"#o1"},"down":{"uv":[0.0,0.0,1.45,1.0],"texture":"#o1"}}},{"from":[3.14845,3.9885,7.2411],"to":[4.25045,4.7485,8.7611],"rotation":{"angle":45.0,"axis":"z","origin":[3.69945,4.3685,8.00502]},"faces":{"north":{"uv":[0.0,0.0,1.45,1.0],"texture":"#o1"},"south":{"uv":[0.0,0.0,1.45,1.0],"texture":"#o1"},"east":{"uv":[0.0,0.0,1.45,1.0],"texture":"#o1"},"west":{"uv":[0.0,0.0,1.45,1.0],"texture":"#o1"},"up":{"uv":[0.0,0.0,1.45,1.0],"rotation":90,"texture":"#o1"},"down":{"uv":[0.0,0.0,1.45,1.0],"rotation":270,"texture":"#o1"}}},{"from":[3.33799,4.04366,7.2411],"to":[4.09799,5.14566,8.7611],"rotation":{"angle":-22.5,"axis":"z","origin":[3.71799,4.40466,8.00728]},"faces":{"north":{"uv":[0.0,0.0,1.45,1.0],"rotation":90,"texture":"#o1"},"south":{"uv":[0.0,0.0,1.45,1.0],"rotation":90,"texture":"#o1"},"east":{"uv":[0.0,0.0,1.45,1.0],"rotation":90,"texture":"#o1"},"west":{"uv":[0.0,0.0,1.45,1.0],"rotation":90,"texture":"#o1"},"up":{"uv":[0.0,0.0,1.45,1.0],"rotation":180,"texture":"#o1"},"down":{"uv":[0.0,0.0,1.45,1.0],"texture":"#o1"}}},{"from":[3.75645,4.9765,7.2411],"to":[4.85845,5.7365,8.7611],"rotation":{"angle":45.0,"axis":"z","origin":[4.30745,5.3565,8.00502]},"faces":{"north":{"uv":[0.0,0.0,1.45,1.0],"texture":"#o1"},"south":{"uv":[0.0,0.0,1.45,1.0],"texture":"#o1"},"east":{"uv":[0.0,0.0,1.45,1.0],"texture":"#o1"},"west":{"uv":[0.0,0.0,1.45,1.0],"texture":"#o1"},"up":{"uv":[0.0,0.0,1.45,1.0],"rotation":90,"texture":"#o1"},"down":{"uv":[0.0,0.0,1.45,1.0],"rotation":270,"texture":"#o1"}}},{"from":[12.54597,8.83262,7.24016],"to":[14.96709,9.53062,8.7611],"rotation":{"angle":0.0,"axis":"y","origin":[27.49033,-8.05226,-7.9989]},"faces":{"north":{"uv":[0.0,0.0,3.1857,0.90616],"texture":"#o1"},"south":{"uv":[0.0,0.0,3.1857,0.90616],"texture":"#o1"},"east":{"uv":[0.0,0.0,3.1857,0.90616],"texture":"#o1"},"west":{"uv":[0.0,0.0,3.1857,0.90616],"texture":"#o1"},"up":{"uv":[0.0,0.0,3.1857,0.90616],"rotation":90,"texture":"#o1"},"down":{"uv":[0.0,0.0,3.1857,0.90616],"rotation":270,"texture":"#o1"}}},{"from":[12.28237,7.63068,7.24016],"to":[12.45661,8.20406,8.76138],"rotation":{"angle":-22.5,"axis":"z","origin":[15.35493,7.97372,8.0009]},"faces":{"north":{"uv":[0.0,0.0,0.22928,0.75445],"texture":"#o1"},"south":{"uv":[0.0,0.0,0.22928,0.75445],"texture":"#o1"},"east":{"uv":[0.0,0.0,0.22928,0.75445],"texture":"#o1"},"west":{"uv":[0.0,0.0,0.22928,0.75445],"texture":"#o1"},"up":{"uv":[0.0,0.0,0.22928,0.75445],"rotation":90,"texture":"#o1"},"down":{"uv":[0.0,0.0,0.22928,0.75445],"rotation":270,"texture":"#o1"}}},{"from":[12.38497,8.76594,7.24016],"to":[14.96709,8.83262,8.7611],"rotation":{"angle":0.0,"axis":"y","origin":[27.49033,-8.05226,-7.9989]},"faces":{"north":{"uv":[0.0,0.0,3.39753,0.08774],"texture":"#o1"},"south":{"uv":[0.0,0.0,3.39753,0.08774],"texture":"#o1"},"east":{"uv":[0.0,0.0,3.39753,0.08774],"texture":"#o1"},"west":{"uv":[0.0,0.0,3.39753,0.08774],"texture":"#o1"},"up":{"uv":[0.0,0.0,3.39753,0.08774],"rotation":90,"texture":"#o1"},"down":{"uv":[0.0,0.0,3.39753,0.08774],"rotation":270,"texture":"#o1"}}},{"from":[12.38497,8.92368,7.2995],"to":[14.96771,9.08048,7.52896],"rotation":{"angle":-22.5,"axis":"x","origin":[13.75713,8.77404,8.06048]},"faces":{"north":{"uv":[0.0,0.0,3.39833,0.20629],"texture":"#o1"},"south":{"uv":[0.0,0.0,3.39833,0.20629],"texture":"#o1"},"east":{"uv":[0.0,0.0,3.39833,0.20629],"texture":"#o1"},"west":{"uv":[0.0,0.0,3.39833,0.20629],"texture":"#o1"},"up":{"uv":[0.0,0.0,3.39833,0.20629],"rotation":90,"texture":"#o1"},"down":{"uv":[0.0,0.0,3.39833,0.20629],"rotation":270,"texture":"#o1"}}},{"from":[12.38499,8.75658,7.24416],"to":[14.96773,8.91356,7.51154],"rotation":{"angle":-45.0,"axis":"x","origin":[13.75715,8.83492,7.62506]},"faces":{"north":{"uv":[0.0,0.0,3.39833,0.20654],"texture":"#o1"},"south":{"uv":[0.0,0.0,3.39833,0.20654],"texture":"#o1"},"east":{"uv":[0.0,0.0,3.39833,0.20654],"texture":"#o1"},"west":{"uv":[0.0,0.0,3.39833,0.20654],"texture":"#o1"},"up":{"uv":[0.0,0.0,3.39833,0.20654],"rotation":90,"texture":"#o1"},"down":{"uv":[0.0,0.0,3.39833,0.20654],"rotation":270,"texture":"#o1"}}},{"from":[12.38449,8.92386,8.4726],"to":[14.96721,9.08024,8.70198],"rotation":{"angle":22.5,"axis":"x","origin":[13.75665,8.7742,7.9415]},"faces":{"north":{"uv":[3.1857,0.0,6.58403,0.20578],"texture":"#o1"},"south":{"uv":[3.1857,0.0,6.58403,0.20578],"texture":"#o1"},"east":{"uv":[3.1857,0.0,6.58403,0.20578],"texture":"#o1"},"west":{"uv":[3.1857,0.0,6.58403,0.20578],"texture":"#o1"},"up":{"uv":[3.1857,0.0,6.58403,0.20578],"rotation":90,"texture":"#o1"},"down":{"uv":[3.1857,0.0,6.58403,0.20578],"rotation":270,"texture":"#o1"}}},{"from":[12.38449,8.75674,8.52818],"to":[14.96723,8.913,8.7574],"rotation":{"angle":45.0,"axis":"x","origin":[13.75667,8.83508,8.37694]},"faces":{"north":{"uv":[3.1857,0.0,6.58403,0.2056],"texture":"#o1"},"south":{"uv":[3.1857,0.0,6.58403,0.2056],"texture":"#o1"},"east":{"uv":[3.1857,0.0,6.58403,0.2056],"texture":"#o1"},"west":{"uv":[3.1857,0.0,6.58403,0.2056],"texture":"#o1"},"up":{"uv":[3.1857,0.0,6.58403,0.2056],"rotation":90,"texture":"#o1"},"down":{"uv":[3.1857,0.0,6.58403,0.2056],"rotation":270,"texture":"#o1"}}},{"from":[12.38461,8.45058,8.35098],"to":[14.96735,8.67962,8.45116],"rotation":{"angle":-22.5,"axis":"x","origin":[13.75645,8.83136,8.36992]},"faces":{"north":{"uv":[1.00124,0.0,1.30262,3.39833],"rotation":270,"texture":"#o1"},"south":{"uv":[1.00124,0.0,1.30262,3.39833],"rotation":270,"texture":"#o1"},"east":{"uv":[1.00124,0.0,1.30262,3.39833],"rotation":270,"texture":"#o1"},"west":{"uv":[1.00124,0.0,1.30262,3.39833],"rotation":270,"texture":"#o1"},"up":{"uv":[1.00124,0.0,1.30262,3.39833],"texture":"#o1"},"down":{"uv":[1.00124,0.0,1.30262,3.39833],"rotation":180,"texture":"#o1"}}},{"from":[12.38501,8.44998,7.55064],"to":[14.96775,8.75462,7.63174],"rotation":{"angle":22.5,"axis":"x","origin":[13.75685,8.83076,7.6323]},"faces":{"north":{"uv":[1.00124,0.20616,1.40211,0.31289],"rotation":270,"texture":"#o1"},"south":{"uv":[1.00124,0.20616,1.40211,0.31289],"rotation":270,"texture":"#o1"},"east":{"uv":[1.00124,0.20616,1.40211,0.31289],"rotation":270,"texture":"#o1"},"west":{"uv":[1.00124,0.20616,1.40211,0.31289],"rotation":270,"texture":"#o1"},"up":{"uv":[1.00124,0.20616,1.40211,0.31289],"texture":"#o1"},"down":{"uv":[1.00124,0.20616,1.40211,0.31289],"rotation":180,"texture":"#o1"}}},{"from":[12.38437,8.8367,7.39558],"to":[14.96775,8.95094,8.60564],"rotation":{"angle":0.0,"axis":"y","origin":[27.49033,-8.05226,-7.9989]},"faces":{"north":{"uv":[1.00124,0.0,1.15156,1.5922],"rotation":270,"texture":"#o1"},"south":{"uv":[1.00124,0.0,1.15156,1.5922],"rotation":270,"texture":"#o1"},"east":{"uv":[1.00124,0.0,1.15156,1.5922],"rotation":270,"texture":"#o1"},"west":{"uv":[1.00124,0.0,1.15156,1.5922],"rotation":270,"texture":"#o1"},"up":{"uv":[1.00124,0.0,1.15156,1.5922],"texture":"#o1"},"down":{"uv":[1.00124,0.0,1.15156,1.5922],"rotation":180,"texture":"#o1"}}},{"from":[9.58911,8.9887,7.39558],"to":[18.66959,9.78694,8.60564],"rotation":{"angle":0.0,"axis":"y","origin":[27.49033,-8.05226,-7.9989]},"faces":{"north":{"uv":[1.00124,0.0,2.05156,11.948],"rotation":270,"texture":"#o2"},"south":{"uv":[1.00124,0.0,2.05156,11.948],"rotation":270,"texture":"#o2"},"east":{"uv":[1.00124,0.0,2.05156,11.948],"rotation":270,"texture":"#o2"},"west":{"uv":[1.00124,0.0,2.05156,11.948],"rotation":270,"texture":"#o2"},"up":{"uv":[1.00124,0.0,2.05156,11.948],"texture":"#o2"},"down":{"uv":[1.00124,0.0,2.05156,11.948],"rotation":180,"texture":"#o2"}}},{"from":[9.58911,9.13656,7.5032],"to":[18.66959,9.2508,8.71326],"rotation":{"angle":-22.5,"axis":"x","origin":[16.10919,8.85168,8.10822]},"faces":{"north":{"uv":[1.00124,0.0,1.15156,11.948],"rotation":270,"texture":"#o2"},"south":{"uv":[1.00124,0.0,1.15156,11.948],"rotation":270,"texture":"#o2"},"east":{"uv":[1.00124,0.0,1.15156,11.948],"rotation":270,"texture":"#o2"},"west":{"uv":[1.00124,0.0,1.15156,11.948],"rotation":270,"texture":"#o2"},"up":{"uv":[1.00124,0.0,1.15156,11.948],"texture":"#o2"},"down":{"uv":[1.00124,0.0,1.15156,11.948],"rotation":180,"texture":"#o2"}}},{"from":[9.58911,9.21354,7.30324],"to":[18.66959,9.32778,8.5133],"rotation":{"angle":-45.0,"axis":"x","origin":[16.10889,9.27066,7.90826]},"faces":{"north":{"uv":[1.00124,0.0,1.15156,11.948],"rotation":270,"texture":"#o2"},"south":{"uv":[1.00124,0.0,1.15156,11.948],"rotation":270,"texture":"#o2"},"east":{"uv":[1.00124,0.0,1.15156,11.948],"rotation":270,"texture":"#o2"},"west":{"uv":[1.00124,0.0,1.15156,11.948],"rotation":270,"texture":"#o2"},"up":{"uv":[1.00124,0.0,1.15156,11.948],"texture":"#o2"},"down":{"uv":[1.00124,0.0,1.15156,11.948],"rotation":180,"texture":"#o2"}}},{"from":[9.58911,9.21334,7.48886],"to":[18.66959,9.32758,8.69894],"rotation":{"angle":45.0,"axis":"x","origin":[16.10777,9.27046,8.0939]},"faces":{"north":{"uv":[1.00124,4.052,1.15156,16.0],"rotation":270,"texture":"#o2"},"south":{"uv":[1.00124,4.052,1.15156,16.0],"rotation":270,"texture":"#o2"},"east":{"uv":[1.00124,4.052,1.15156,16.0],"rotation":270,"texture":"#o2"},"west":{"uv":[1.00124,4.052,1.15156,16.0],"rotation":270,"texture":"#o2"},"up":{"uv":[1.00124,4.052,1.15156,16.0],"texture":"#o2"},"down":{"uv":[1.00124,4.052,1.15156,16.0],"rotation":180,"texture":"#o2"}}},{"from":[9.58911,9.13636,7.2889],"to":[18.66959,9.25062,8.49898],"rotation":{"angle":22.5,"axis":"x","origin":[16.10807,8.85148,7.89394]},"faces":{"north":{"uv":[1.00124,4.052,1.15156,16.0],"rotation":270,"texture":"#o2"},"south":{"uv":[1.00124,4.052,1.15156,16.0],"rotation":270,"texture":"#o2"},"east":{"uv":[1.00124,4.052,1.15156,16.0],"rotation":270,"texture":"#o2"},"west":{"uv":[1.00124,4.052,1.15156,16.0],"rotation":270,"texture":"#o2"},"up":{"uv":[1.00124,4.052,1.15156,16.0],"texture":"#o2"},"down":{"uv":[1.00124,4.052,1.15156,16.0],"rotation":180,"texture":"#o2"}}},{"from":[9.58911,8.63978,7.47426],"to":[18.66959,9.96994,8.52792],"rotation":{"angle":0.0,"axis":"y","origin":[27.49033,-8.05226,-7.9989]},"faces":{"north":{"uv":[1.00124,0.0,2.75147,11.948],"rotation":270,"texture":"#o2"},"south":{"uv":[1.00124,0.0,2.75147,11.948],"rotation":270,"texture":"#o2"},"east":{"uv":[1.00124,0.0,2.75147,11.948],"rotation":270,"texture":"#o2"},"west":{"uv":[1.00124,0.0,2.75147,11.948],"rotation":270,"texture":"#o2"},"up":{"uv":[1.00124,0.0,2.75147,11.948],"texture":"#o2"},"down":{"uv":[1.00124,0.0,2.75147,11.948],"rotation":180,"texture":"#o2"}}},{"from":[12.54597,9.21628,7.2995],"to":[14.96709,9.82896,7.71844],"rotation":{"angle":22.5,"axis":"x","origin":[10.18453,9.52262,8.05996]},"faces":{"north":{"uv":[0.0,0.0,14.8857,0.80616],"texture":"#o1"},"south":{"uv":[0.0,0.0,14.8857,0.80616],"texture":"#o1"},"east":{"uv":[0.0,0.0,14.8857,0.80616],"texture":"#o1"},"west":{"uv":[0.0,0.0,14.8857,0.80616],"texture":"#o1"},"up":{"uv":[0.0,0.0,14.8857,0.80616],"rotation":90,"texture":"#o1"},"down":{"uv":[0.0,0.0,14.8857,0.80616],"rotation":270,"texture":"#o1"}}},{"from":[7.11079,7.53448,7.31224],"to":[12.08879,8.54148,8.60424],"rotation":{"angle":22.5,"axis":"z","origin":[8.70679,8.08548,8.00106]},"faces":{"north":{"uv":[0.0,0.0,9.75,1.525],"texture":"#o2"},"south":{"uv":[0.0,0.0,9.75,1.525],"texture":"#o2"},"east":{"uv":[0.0,0.0,9.75,1.525],"texture":"#o2"},"west":{"uv":[0.0,0.0,9.75,1.525],"texture":"#o2"},"up":{"uv":[0.0,0.0,9.75,1.525],"rotation":90,"texture":"#o2"},"down":{"uv":[0.0,0.0,9.75,1.525],"rotation":270,"texture":"#o2"}}},{"from":[11.66881,8.7987,7.31224],"to":[14.95581,9.9577,8.60424],"rotation":{"angle":0.0,"axis":"y","origin":[27.49033,-8.05226,-7.9989]},"faces":{"north":{"uv":[0.0,0.0,9.5,1.525],"texture":"#o2"},"south":{"uv":[0.0,0.0,9.5,1.525],"texture":"#o2"},"east":{"uv":[0.0,0.0,9.5,1.525],"texture":"#o2"},"west":{"uv":[0.0,0.0,9.5,1.525],"texture":"#o2"},"up":{"uv":[0.0,0.0,9.5,1.525],"rotation":90,"texture":"#o2"},"down":{"uv":[0.0,0.0,9.5,1.525],"rotation":270,"texture":"#o2"}}},{"from":[13.22037,5.8727,7.5476],"to":[13.67575,8.95094,8.45368],"rotation":{"angle":0.0,"axis":"y","origin":[27.49033,-8.05226,-7.9989]},"faces":{"north":{"uv":[1.00124,0.0,5.05156,1.1922],"rotation":270,"texture":"#o2"},"south":{"uv":[1.00124,0.0,5.05156,1.1922],"rotation":270,"texture":"#o2"},"east":{"uv":[1.00124,0.0,5.05156,1.1922],"rotation":270,"texture":"#o2"},"west":{"uv":[1.00124,0.0,5.05156,1.1922],"rotation":270,"texture":"#o2"},"up":{"uv":[1.00124,0.0,5.05156,1.1922],"texture":"#o2"},"down":{"uv":[1.00124,0.0,5.05156,1.1922],"rotation":180,"texture":"#o2"}}},{"from":[10.33237,5.8727,7.54758],"to":[13.67575,6.21494,8.45364],"rotation":{"angle":0.0,"axis":"y","origin":[27.49033,-8.05226,-7.9989]},"faces":{"north":{"uv":[1.00124,0.0,1.45156,1.1922],"rotation":270,"texture":"#o2"},"south":{"uv":[1.00124,0.0,1.45156,1.1922],"rotation":270,"texture":"#o2"},"east":{"uv":[1.00124,0.0,1.45156,1.1922],"rotation":270,"texture":"#o2"},"west":{"uv":[1.00124,0.0,1.45156,1.1922],"rotation":270,"texture":"#o2"},"up":{"uv":[1.00124,0.0,1.45156,1.1922],"texture":"#o2"},"down":{"uv":[1.00124,0.0,1.45156,1.1922],"rotation":180,"texture":"#o2"}}},{"from":[12.76887,5.86898,7.55578],"to":[13.83225,6.21122,8.46186],"rotation":{"angle":45.0,"axis":"z","origin":[12.76857,6.0401,8.00882]},"faces":{"north":{"uv":[1.00124,0.0,1.45156,1.1922],"rotation":270,"texture":"#o2"},"south":{"uv":[1.00124,0.0,1.45156,1.1922],"rotation":270,"texture":"#o2"},"east":{"uv":[1.00124,0.0,1.45156,1.1922],"rotation":270,"texture":"#o2"},"west":{"uv":[1.00124,0.0,1.45156,1.1922],"rotation":270,"texture":"#o2"},"up":{"uv":[1.00124,0.0,1.45156,1.1922],"texture":"#o2"},"down":{"uv":[1.00124,0.0,1.45156,1.1922],"rotation":180,"texture":"#o2"}}},{"from":[12.38439,6.05582,7.55448],"to":[13.44777,6.39806,8.46054],"rotation":{"angle":22.5,"axis":"z","origin":[12.91609,6.22694,8.0075]},"faces":{"north":{"uv":[1.00124,0.0,1.45156,1.1922],"rotation":270,"texture":"#o2"},"south":{"uv":[1.00124,0.0,1.45156,1.1922],"rotation":270,"texture":"#o2"},"east":{"uv":[1.00124,0.0,1.45156,1.1922],"rotation":270,"texture":"#o2"},"west":{"uv":[1.00124,0.0,1.45156,1.1922],"rotation":270,"texture":"#o2"},"up":{"uv":[1.00124,0.0,1.45156,1.1922],"texture":"#o2"},"down":{"uv":[1.00124,0.0,1.45156,1.1922],"rotation":180,"texture":"#o2"}}},{"from":[13.10597,6.03726,7.55448],"to":[13.44821,7.10062,8.46054],"rotation":{"angle":-22.5,"axis":"z","origin":[13.27709,6.56894,8.0075]},"faces":{"north":{"uv":[3.1857,0.0,4.58488,1.1922],"rotation":90,"texture":"#o2"},"south":{"uv":[3.1857,0.0,4.58488,1.1922],"rotation":90,"texture":"#o2"},"east":{"uv":[3.1857,0.0,4.58488,1.1922],"rotation":90,"texture":"#o2"},"west":{"uv":[3.1857,0.0,4.58488,1.1922],"rotation":90,"texture":"#o2"},"up":{"uv":[3.1857,0.0,4.58488,1.1922],"rotation":180,"texture":"#o2"},"down":{"uv":[3.1857,0.0,4.58488,1.1922],"texture":"#o2"}}},{"from":[7.18063,6.49388,7.55198],"to":[10.52401,6.83612,8.45806],"rotation":{"angle":-22.5,"axis":"z","origin":[8.85233,6.665,8.00502]},"faces":{"north":{"uv":[1.00124,0.0,1.45156,1.1922],"rotation":270,"texture":"#o2"},"south":{"uv":[1.00124,0.0,1.45156,1.1922],"rotation":270,"texture":"#o2"},"east":{"uv":[1.00124,0.0,1.45156,1.1922],"rotation":270,"texture":"#o2"},"west":{"uv":[1.00124,0.0,1.45156,1.1922],"rotation":270,"texture":"#o2"},"up":{"uv":[1.00124,0.0,1.45156,1.1922],"texture":"#o2"},"down":{"uv":[1.00124,0.0,1.45156,1.1922],"rotation":180,"texture":"#o2"}}},{"from":[7.18063,7.17788,7.55198],"to":[10.52401,7.52012,8.45806],"rotation":{"angle":-45.0,"axis":"z","origin":[8.85233,7.349,8.00502]},"faces":{"north":{"uv":[1.00124,0.0,1.45156,1.1922],"rotation":270,"texture":"#o2"},"south":{"uv":[1.00124,0.0,1.45156,1.1922],"rotation":270,"texture":"#o2"},"east":{"uv":[1.00124,0.0,1.45156,1.1922],"rotation":270,"texture":"#o2"},"west":{"uv":[1.00124,0.0,1.45156,1.1922],"rotation":270,"texture":"#o2"},"up":{"uv":[1.00124,0.0,1.45156,1.1922],"texture":"#o2"},"down":{"uv":[1.00124,0.0,1.45156,1.1922],"rotation":180,"texture":"#o2"}}},{"from":[8.52919,6.5133,7.55198],"to":[9.09945,9.85668,8.45806],"rotation":{"angle":22.5,"axis":"z","origin":[8.92833,8.185,8.00502]},"faces":{"north":{"uv":[3.1857,0.0,7.58488,1.1922],"rotation":270,"texture":"#o2"},"south":{"uv":[3.1857,0.0,7.58488,1.1922],"rotation":270,"texture":"#o2"},"east":{"uv":[3.1857,0.0,7.58488,1.1922],"rotation":270,"texture":"#o2"},"west":{"uv":[3.1857,0.0,7.58488,1.1922],"rotation":270,"texture":"#o2"},"up":{"uv":[3.1857,0.0,7.58488,1.1922],"texture":"#o2"},"down":{"uv":[3.1857,0.0,7.58488,1.1922],"rotation":180,"texture":"#o2"}}},{"from":[9.01295,6.4695,7.55224],"to":[9.58319,9.81286,8.45832],"rotation":{"angle":0.0,"axis":"y","origin":[27.49033,-8.05226,-7.9989]},"faces":{"north":{"uv":[3.1857,0.0,7.58488,1.1922],"rotation":270,"texture":"#o2"},"south":{"uv":[3.1857,0.0,7.58488,1.1922],"rotation":270,"texture":"#o2"},"east":{"uv":[3.1857,0.0,7.58488,1.1922],"rotation":270,"texture":"#o2"},"west":{"uv":[3.1857,0.0,7.58488,1.1922],"rotation":270,"texture":"#o2"},"up":{"uv":[3.1857,0.0,7.58488,1.1922],"texture":"#o2"},"down":{"uv":[3.1857,0.0,7.58488,1.1922],"rotation":180,"texture":"#o2"}}},{"from":[9.31695,6.4695,7.55224],"to":[9.88719,9.81286,8.45832],"rotation":{"angle":-22.5,"axis":"z","origin":[9.60207,8.14118,8.00528]},"faces":{"north":{"uv":[3.1857,0.0,7.58488,1.1922],"rotation":270,"texture":"#o2"},"south":{"uv":[3.1857,0.0,7.58488,1.1922],"rotation":270,"texture":"#o2"},"east":{"uv":[3.1857,0.0,7.58488,1.1922],"rotation":270,"texture":"#o2"},"west":{"uv":[3.1857,0.0,7.58488,1.1922],"rotation":270,"texture":"#o2"},"up":{"uv":[3.1857,0.0,7.58488,1.1922],"texture":"#o2"},"down":{"uv":[3.1857,0.0,7.58488,1.1922],"rotation":180,"texture":"#o2"}}},{"from":[7.93039,6.18406,7.55224],"to":[9.60175,6.5263,8.45832],"rotation":{"angle":0.0,"axis":"y","origin":[27.49033,-8.05226,-7.9989]},"faces":{"north":{"uv":[1.00124,0.0,1.45156,1.1922],"rotation":270,"texture":"#o2"},"south":{"uv":[1.00124,0.0,1.45156,1.1922],"rotation":270,"texture":"#o2"},"east":{"uv":[1.00124,0.0,1.45156,1.1922],"rotation":270,"texture":"#o2"},"west":{"uv":[1.00124,0.0,1.45156,1.1922],"rotation":270,"texture":"#o2"},"up":{"uv":[1.00124,0.0,1.45156,1.1922],"texture":"#o2"},"down":{"uv":[1.00124,0.0,1.45156,1.1922],"rotation":180,"texture":"#o2"}}},{"from":[7.93059,5.9546,7.5539],"to":[9.60197,6.29684,8.45998],"rotation":{"angle":22.5,"axis":"z","origin":[8.76627,6.12572,8.00694]},"faces":{"north":{"uv":[1.00124,0.0,1.45156,1.1922],"rotation":270,"texture":"#o2"},"south":{"uv":[1.00124,0.0,1.45156,1.1922],"rotation":270,"texture":"#o2"},"east":{"uv":[1.00124,0.0,1.45156,1.1922],"rotation":270,"texture":"#o2"},"west":{"uv":[1.00124,0.0,1.45156,1.1922],"rotation":270,"texture":"#o2"},"up":{"uv":[1.00124,0.0,1.45156,1.1922],"texture":"#o2"},"down":{"uv":[1.00124,0.0,1.45156,1.1922],"rotation":180,"texture":"#o2"}}},{"from":[13.37447,7.6955,7.55088],"to":[13.67785,8.94974,8.45694],"rotation":{"angle":22.5,"axis":"z","origin":[13.45017,7.41062,8.00392]},"faces":{"north":{"uv":[1.00124,0.0,2.65156,1.1922],"rotation":270,"texture":"#o2"},"south":{"uv":[1.00124,0.0,2.65156,1.1922],"rotation":270,"texture":"#o2"},"east":{"uv":[1.00124,0.0,2.65156,1.1922],"rotation":270,"texture":"#o2"},"west":{"uv":[1.00124,0.0,2.65156,1.1922],"rotation":270,"texture":"#o2"},"up":{"uv":[1.00124,0.0,2.65156,1.1922],"texture":"#o2"},"down":{"uv":[1.00124,0.0,2.65156,1.1922],"rotation":180,"texture":"#o2"}}},{"from":[12.86617,7.73068,7.5476],"to":[13.16953,8.79492,8.45368],"rotation":{"angle":45.0,"axis":"z","origin":[13.01785,8.3578,8.00288]},"faces":{"north":{"uv":[1.00124,0.0,2.40156,1.1922],"rotation":270,"texture":"#o2"},"south":{"uv":[1.00124,0.0,2.40156,1.1922],"rotation":270,"texture":"#o2"},"east":{"uv":[1.00124,0.0,2.40156,1.1922],"rotation":270,"texture":"#o2"},"west":{"uv":[1.00124,0.0,2.40156,1.1922],"rotation":270,"texture":"#o2"},"up":{"uv":[1.00124,0.0,2.40156,1.1922],"texture":"#o2"},"down":{"uv":[1.00124,0.0,2.40156,1.1922],"rotation":180,"texture":"#o2"}}},{"from":[12.61873,8.2631,7.54984],"to":[13.79697,9.17448,8.45592],"rotation":{"angle":-22.5,"axis":"z","origin":[13.01785,8.4148,8.00288]},"faces":{"north":{"uv":[3.1857,0.0,4.38488,1.1922],"rotation":90,"texture":"#o2"},"south":{"uv":[3.1857,0.0,4.38488,1.1922],"rotation":90,"texture":"#o2"},"east":{"uv":[3.1857,0.0,4.38488,1.1922],"rotation":90,"texture":"#o2"},"west":{"uv":[3.1857,0.0,4.38488,1.1922],"rotation":90,"texture":"#o2"},"up":{"uv":[3.1857,0.0,4.38488,1.1922],"rotation":180,"texture":"#o2"},"down":{"uv":[3.1857,0.0,4.38488,1.1922],"texture":"#o2"}}},{"from":[12.19879,8.92426,7.5499],"to":[14.35303,9.91164,8.45598],"rotation":{"angle":-45.0,"axis":"z","origin":[12.77591,9.37994,8.00294]},"faces":{"north":{"uv":[1.00124,0.0,5.15156,1.29917],"texture":"#o2"},"south":{"uv":[1.00124,0.0,5.15156,1.29917],"texture":"#o2"},"east":{"uv":[1.00124,0.0,5.15156,1.29917],"texture":"#o2"},"west":{"uv":[1.00124,0.0,5.15156,1.29917],"texture":"#o2"},"up":{"uv":[1.00124,0.0,5.15156,1.29917],"rotation":90,"texture":"#o2"},"down":{"uv":[1.00124,0.0,5.15156,1.29917],"rotation":270,"texture":"#o2"}}},{"from":[12.59107,8.42738,7.54984],"to":[13.67575,8.95094,8.45364],"rotation":{"angle":0.0,"axis":"y","origin":[27.49033,-8.05226,-7.9989]},"faces":{"north":{"uv":[1.00124,0.0,5.05156,1.1922],"rotation":90,"texture":"#o2"},"south":{"uv":[1.00124,0.0,5.05156,1.1922],"rotation":90,"texture":"#o2"},"east":{"uv":[1.00124,0.0,5.05156,1.1922],"rotation":90,"texture":"#o2"},"west":{"uv":[1.00124,0.0,5.05156,1.1922],"rotation":90,"texture":"#o2"},"up":{"uv":[1.00124,0.0,5.05156,1.1922],"rotation":180,"texture":"#o2"},"down":{"uv":[1.00124,0.0,5.05156,1.1922],"texture":"#o2"}}},{"from":[16.80753,11.21286,7.47426],"to":[17.05303,12.54302,8.52792],"rotation":{"angle":45.0,"axis":"z","origin":[20.96777,11.87794,7.98472]},"faces":{"north":{"uv":[1.00124,0.0,2.75147,0.32304],"rotation":270,"texture":"#o2"},"south":{"uv":[1.00124,0.0,2.75147,0.32304],"rotation":270,"texture":"#o2"},"east":{"uv":[1.00124,0.0,2.75147,0.32304],"rotation":270,"texture":"#o2"},"west":{"uv":[1.00124,0.0,2.75147,0.32304],"rotation":270,"texture":"#o2"},"up":{"uv":[1.00124,0.0,2.75147,0.32304],"texture":"#o2"},"down":{"uv":[1.00124,0.0,2.75147,0.32304],"rotation":180,"texture":"#o2"}}},{"from":[10.18065,8.45436,7.47426],"to":[17.58915,9.78452,8.52792],"rotation":{"angle":0.0,"axis":"y","origin":[27.49033,-8.05226,-7.9989]},"faces":{"north":{"uv":[1.00124,0.0,2.75147,9.74804],"rotation":270,"texture":"#o2"},"south":{"uv":[1.00124,0.0,2.75147,9.74804],"rotation":270,"texture":"#o2"},"east":{"uv":[1.00124,0.0,2.75147,9.74804],"rotation":270,"texture":"#o2"},"west":{"uv":[1.00124,0.0,2.75147,9.74804],"rotation":270,"texture":"#o2"},"up":{"uv":[1.00124,0.0,2.75147,9.74804],"texture":"#o2"},"down":{"uv":[1.00124,0.0,2.75147,9.74804],"rotation":180,"texture":"#o2"}}},{"from":[18.04515,8.45436,7.47426],"to":[18.50115,9.78452,8.52792],"rotation":{"angle":0.0,"axis":"y","origin":[27.49033,-8.05226,-7.9989]},"faces":{"north":{"uv":[1.00124,0.0,2.75147,0.6],"rotation":270,"texture":"#o2"},"south":{"uv":[1.00124,0.0,2.75147,0.6],"rotation":270,"texture":"#o2"},"east":{"uv":[1.00124,0.0,2.75147,0.6],"rotation":270,"texture":"#o2"},"west":{"uv":[1.00124,0.0,2.75147,0.6],"rotation":270,"texture":"#o2"},"up":{"uv":[1.00124,0.0,2.75147,0.6],"texture":"#o2"},"down":{"uv":[1.00124,0.0,2.75147,0.6],"rotation":180,"texture":"#o2"}}},{"from":[10.18065,8.26436,7.47426],"to":[11.20515,9.55652,8.52792],"rotation":{"angle":0.0,"axis":"y","origin":[27.49033,-8.05226,-7.9989]},"faces":{"north":{"uv":[1.00124,0.0,2.70147,1.34804],"rotation":270,"texture":"#o2"},"south":{"uv":[1.00124,0.0,2.70147,1.34804],"rotation":270,"texture":"#o2"},"east":{"uv":[1.00124,0.0,2.70147,1.34804],"rotation":270,"texture":"#o2"},"west":{"uv":[1.00124,0.0,2.70147,1.34804],"rotation":270,"texture":"#o2"},"up":{"uv":[1.00124,0.0,2.70147,1.34804],"texture":"#o2"},"down":{"uv":[1.00124,0.0,2.70147,1.34804],"rotation":180,"texture":"#o2"}}},{"from":[10.91861,8.41246,7.47426],"to":[11.94313,9.70464,8.52792],"rotation":{"angle":22.5,"axis":"z","origin":[11.43087,9.05856,7.99952]},"faces":{"north":{"uv":[1.00124,0.0,2.70147,1.34804],"rotation":270,"texture":"#o2"},"south":{"uv":[1.00124,0.0,2.70147,1.34804],"rotation":270,"texture":"#o2"},"east":{"uv":[1.00124,0.0,2.70147,1.34804],"rotation":270,"texture":"#o2"},"west":{"uv":[1.00124,0.0,2.70147,1.34804],"rotation":270,"texture":"#o2"},"up":{"uv":[1.00124,0.0,2.70147,1.34804],"texture":"#o2"},"down":{"uv":[1.00124,0.0,2.70147,1.34804],"rotation":180,"texture":"#o2"}}},{"from":[10.05147,7.47984,7.579],"to":[10.88747,8.01184,8.415],"rotation":{"angle":-22.5,"axis":"z","origin":[9.97547,7.74584,8.035]},"faces":{"north":{"uv":[0.0,0.0,1.1,0.7],"rotation":180,"texture":"#o2"},"south":{"uv":[0.0,0.0,1.1,0.7],"rotation":180,"texture":"#o2"},"east":{"uv":[0.0,0.0,1.1,0.7],"rotation":180,"texture":"#o2"},"west":{"uv":[0.0,0.0,1.1,0.7],"rotation":180,"texture":"#o2"},"up":{"uv":[0.0,0.0,1.1,0.7],"rotation":270,"texture":"#o2"},"down":{"uv":[0.0,0.0,1.1,0.7],"rotation":90,"texture":"#o2"}}},{"from":[10.45945,7.15476,7.58452],"to":[10.95345,8.52276,8.42052],"rotation":{"angle":0.0,"axis":"y","origin":[27.49033,-8.05226,-7.9989]},"faces":{"north":{"uv":[0.0,0.0,1.1,1.8],"texture":"#o2"},"south":{"uv":[0.0,0.0,1.1,1.8],"texture":"#o2"},"east":{"uv":[0.0,0.0,1.1,1.8],"texture":"#o2"},"west":{"uv":[0.0,0.0,1.1,1.8],"texture":"#o2"},"up":{"uv":[0.0,0.0,1.1,1.8],"rotation":90,"texture":"#o2"},"down":{"uv":[0.0,0.0,1.1,1.8],"rotation":270,"texture":"#o2"}}},{"from":[10.51091,7.05052,7.58474],"to":[11.04291,7.27852,8.42074],"rotation":{"angle":22.5,"axis":"z","origin":[10.79591,7.08852,8.04074]},"faces":{"north":{"uv":[0.0,0.0,1.1,0.3],"texture":"#o2"},"south":{"uv":[0.0,0.0,1.1,0.3],"texture":"#o2"},"east":{"uv":[0.0,0.0,1.1,0.3],"texture":"#o2"},"west":{"uv":[0.0,0.0,1.1,0.3],"texture":"#o2"},"up":{"uv":[0.0,0.0,1.1,0.3],"rotation":90,"texture":"#o2"},"down":{"uv":[0.0,0.0,1.1,0.3],"rotation":270,"texture":"#o2"}}},{"from":[10.70203,6.31094,7.5848],"to":[10.93003,7.16594,8.4208],"rotation":{"angle":45.0,"axis":"z","origin":[10.81603,7.05194,8.0408]},"faces":{"north":{"uv":[0.0,0.0,1.1,1.125],"texture":"#o2"},"south":{"uv":[0.0,0.0,1.1,1.125],"texture":"#o2"},"east":{"uv":[0.0,0.0,1.1,1.125],"texture":"#o2"},"west":{"uv":[0.0,0.0,1.1,1.125],"texture":"#o2"},"up":{"uv":[0.0,0.0,1.1,1.125],"rotation":90,"texture":"#o2"},"down":{"uv":[0.0,0.0,1.1,1.125],"rotation":270,"texture":"#o2"}}},{"from":[10.97639,6.45268,7.5848],"to":[11.42007,6.67938,8.42058],"rotation":{"angle":-22.5,"axis":"z","origin":[11.24239,6.64268,8.04058]},"faces":{"north":{"uv":[0.0,0.0,1.09972,0.29829],"rotation":180,"texture":"#o2"},"south":{"uv":[0.0,0.0,1.09972,0.29829],"rotation":180,"texture":"#o2"},"east":{"uv":[0.0,0.0,1.09972,0.29829],"rotation":180,"texture":"#o2"},"west":{"uv":[0.0,0.0,1.09972,0.29829],"rotation":180,"texture":"#o2"},"up":{"uv":[0.0,0.0,1.09972,0.29829],"rotation":270,"texture":"#o2"},"down":{"uv":[0.0,0.0,1.09972,0.29829],"rotation":90,"texture":"#o2"}}},{"from":[10.73891,6.74652,7.58474],"to":[11.04291,7.27852,8.42074],"rotation":{"angle":22.5,"axis":"z","origin":[10.79591,7.08852,8.04074]},"faces":{"north":{"uv":[0.0,0.0,1.1,0.7],"texture":"#o2"},"south":{"uv":[0.0,0.0,1.1,0.7],"texture":"#o2"},"east":{"uv":[0.0,0.0,1.1,0.7],"texture":"#o2"},"west":{"uv":[0.0,0.0,1.1,0.7],"texture":"#o2"},"up":{"uv":[0.0,0.0,1.1,0.7],"rotation":90,"texture":"#o2"},"down":{"uv":[0.0,0.0,1.1,0.7],"rotation":270,"texture":"#o2"}}},{"from":[10.55079,6.6341,7.58458],"to":[10.93003,7.16594,8.4208],"rotation":{"angle":45.0,"axis":"z","origin":[10.81603,7.05194,8.0408]},"faces":{"north":{"uv":[0.0,0.0,1.10028,0.6998],"texture":"#o2"},"south":{"uv":[0.0,0.0,1.10028,0.6998],"texture":"#o2"},"east":{"uv":[0.0,0.0,1.10028,0.6998],"texture":"#o2"},"west":{"uv":[0.0,0.0,1.10028,0.6998],"texture":"#o2"},"up":{"uv":[0.0,0.0,1.10028,0.6998],"rotation":90,"texture":"#o2"},"down":{"uv":[0.0,0.0,1.10028,0.6998],"rotation":270,"texture":"#o2"}}},{"from":[9.94389,7.471,7.579],"to":[10.95345,8.52276,8.42052],"rotation":{"angle":0.0,"axis":"y","origin":[27.49033,-8.05226,-7.9989]},"faces":{"north":{"uv":[0.0,0.0,1.10726,1.38389],"texture":"#o2"},"south":{"uv":[0.0,0.0,1.10726,1.38389],"texture":"#o2"},"east":{"uv":[0.0,0.0,1.10726,1.38389],"texture":"#o2"},"west":{"uv":[0.0,0.0,1.10726,1.38389],"texture":"#o2"},"up":{"uv":[0.0,0.0,1.10726,1.38389],"rotation":90,"texture":"#o2"},"down":{"uv":[0.0,0.0,1.10726,1.38389],"rotation":270,"texture":"#o2"}}},{"from":[9.36747,7.93584,7.579],"to":[10.20347,8.46784,8.415],"rotation":{"angle":-22.5,"axis":"z","origin":[9.29147,8.20184,8.035]},"faces":{"north":{"uv":[0.0,0.0,1.1,0.7],"rotation":180,"texture":"#o2"},"south":{"uv":[0.0,0.0,1.1,0.7],"rotation":180,"texture":"#o2"},"east":{"uv":[0.0,0.0,1.1,0.7],"rotation":180,"texture":"#o2"},"west":{"uv":[0.0,0.0,1.1,0.7],"rotation":180,"texture":"#o2"},"up":{"uv":[0.0,0.0,1.1,0.7],"rotation":270,"texture":"#o2"},"down":{"uv":[0.0,0.0,1.1,0.7],"rotation":90,"texture":"#o2"}}},{"from":[3.67297,9.21628,7.2995],"to":[11.39509,9.46708,7.71844],"rotation":{"angle":22.5,"axis":"x","origin":[6.61253,9.52262,8.05996]},"faces":{"north":{"uv":[0.0,0.0,14.8857,0.80616],"texture":"#o2"},"south":{"uv":[0.0,0.0,14.8857,0.80616],"texture":"#o2"},"east":{"uv":[0.0,0.0,14.8857,0.80616],"texture":"#o2"},"west":{"uv":[0.0,0.0,14.8857,0.80616],"texture":"#o2"},"up":{"uv":[0.0,0.0,14.8857,0.80616],"rotation":90,"texture":"#o2"},"down":{"uv":[0.0,0.0,14.8857,0.80616],"rotation":270,"texture":"#o2"}}},{"from":[12.54597,9.21628,8.28282],"to":[14.96709,9.82896,8.70176],"rotation":{"angle":-22.5,"axis":"x","origin":[10.18453,9.52262,7.94128]},"faces":{"north":{"uv":[14.8857,0.0,0.0,0.80616],"texture":"#o1"},"south":{"uv":[14.8857,0.0,0.0,0.80616],"texture":"#o1"},"east":{"uv":[14.8857,0.0,0.0,0.80616],"texture":"#o1"},"west":{"uv":[14.8857,0.0,0.0,0.80616],"texture":"#o1"},"up":{"uv":[14.8857,0.0,0.0,0.80616],"rotation":90,"texture":"#o1"},"down":{"uv":[14.8857,0.0,0.0,0.80616],"rotation":270,"texture":"#o1"}}},{"from":[3.67297,9.21628,8.28282],"to":[11.39509,9.44896,8.70176],"rotation":{"angle":-22.5,"axis":"x","origin":[6.61253,9.52262,7.94128]},"faces":{"north":{"uv":[14.8857,0.0,0.0,0.80616],"texture":"#o2"},"south":{"uv":[14.8857,0.0,0.0,0.80616],"texture":"#o2"},"east":{"uv":[14.8857,0.0,0.0,0.80616],"texture":"#o2"},"west":{"uv":[14.8857,0.0,0.0,0.80616],"texture":"#o2"},"up":{"uv":[14.8857,0.0,0.0,0.80616],"rotation":90,"texture":"#o2"},"down":{"uv":[14.8857,0.0,0.0,0.80616],"rotation":270,"texture":"#o2"}}},{"from":[10.70203,6.53894,7.7748],"to":[10.93003,7.46994,8.0408],"rotation":{"angle":45.0,"axis":"z","origin":[10.81603,7.35594,8.0408]},"faces":{"north":{"uv":[0.0,0.0,1.1,1.125],"texture":"#o3"},"south":{"uv":[0.0,0.0,1.1,1.125],"texture":"#o3"},"east":{"uv":[0.0,0.0,1.1,1.125],"texture":"#o3"},"west":{"uv":[0.0,0.0,1.1,1.125],"texture":"#o3"},"up":{"uv":[0.0,0.0,1.1,1.125],"rotation":90,"texture":"#o3"},"down":{"uv":[0.0,0.0,1.1,1.125],"rotation":270,"texture":"#o3"}}},{"from":[11.19239,6.61338,7.7748],"to":[11.55339,6.68938,8.0408],"rotation":{"angle":22.5,"axis":"z","origin":[11.08789,6.57538,8.0028]},"faces":{"north":{"uv":[0.0,0.0,1.1,1.125],"rotation":180,"texture":"#o3"},"south":{"uv":[0.0,0.0,1.1,1.125],"rotation":180,"texture":"#o3"},"east":{"uv":[0.0,0.0,1.1,1.125],"rotation":180,"texture":"#o3"},"west":{"uv":[0.0,0.0,1.1,1.125],"rotation":180,"texture":"#o3"},"up":{"uv":[0.0,0.0,1.1,1.125],"rotation":270,"texture":"#o3"},"down":{"uv":[0.0,0.0,1.1,1.125],"rotation":90,"texture":"#o3"}}},{"from":[11.14243,6.71262,7.7748],"to":[11.50343,6.78862,8.0408],"rotation":{"angle":0.0,"axis":"y","origin":[27.49033,-8.05226,-7.9989]},"faces":{"north":{"uv":[0.0,0.0,1.1,1.125],"rotation":180,"texture":"#o3"},"south":{"uv":[0.0,0.0,1.1,1.125],"rotation":180,"texture":"#o3"},"east":{"uv":[0.0,0.0,1.1,1.125],"rotation":180,"texture":"#o3"},"west":{"uv":[0.0,0.0,1.1,1.125],"rotation":180,"texture":"#o3"},"up":{"uv":[0.0,0.0,1.1,1.125],"rotation":270,"texture":"#o3"},"down":{"uv":[0.0,0.0,1.1,1.125],"rotation":90,"texture":"#o3"}}},{"from":[11.14163,6.64066,7.7748],"to":[11.50263,6.71666,8.0408],"rotation":{"angle":22.5,"axis":"z","origin":[11.32213,6.67866,8.0028]},"faces":{"north":{"uv":[0.0,0.0,1.1,1.125],"rotation":180,"texture":"#o3"},"south":{"uv":[0.0,0.0,1.1,1.125],"rotation":180,"texture":"#o3"},"east":{"uv":[0.0,0.0,1.1,1.125],"rotation":180,"texture":"#o3"},"west":{"uv":[0.0,0.0,1.1,1.125],"rotation":180,"texture":"#o3"},"up":{"uv":[0.0,0.0,1.1,1.125],"rotation":270,"texture":"#o3"},"down":{"uv":[0.0,0.0,1.1,1.125],"rotation":90,"texture":"#o3"}}},{"from":[7.97277,9.192,7.1651],"to":[8.78729,9.54664,8.8371],"rotation":{"angle":0.0,"axis":"y","origin":[27.49033,-8.05226,-7.9989]},"faces":{"north":{"uv":[0.0,0.0,4.96662,5.17175],"rotation":90,"texture":"#o3"},"south":{"uv":[0.0,0.0,4.96662,5.17175],"rotation":90,"texture":"#o3"},"east":{"uv":[0.0,0.0,4.96662,5.17175],"rotation":90,"texture":"#o3"},"west":{"uv":[0.0,0.0,4.96662,5.17175],"rotation":90,"texture":"#o3"},"up":{"uv":[0.0,0.0,4.96662,5.17175],"rotation":180,"texture":"#o3"},"down":{"uv":[0.0,0.0,4.96662,5.17175],"texture":"#o3"}}},{"from":[8.63953,9.5968,7.1651],"to":[8.80807,9.87542,8.8371],"rotation":{"angle":-45.0,"axis":"z","origin":[8.40081,9.7361,7.9251]},"faces":{"north":{"uv":[0.0,0.0,4.96662,5.17175],"rotation":90,"texture":"#o3"},"south":{"uv":[0.0,0.0,4.96662,5.17175],"rotation":90,"texture":"#o3"},"east":{"uv":[0.0,0.0,4.96662,5.17175],"rotation":90,"texture":"#o3"},"west":{"uv":[0.0,0.0,4.96662,5.17175],"rotation":90,"texture":"#o3"},"up":{"uv":[0.0,0.0,4.96662,5.17175],"rotation":180,"texture":"#o3"},"down":{"uv":[0.0,0.0,4.96662,5.17175],"texture":"#o3"}}},{"from":[7.97277,9.192,7.1651],"to":[8.66813,9.6658,8.8371],"rotation":{"angle":0.0,"axis":"y","origin":[27.49033,-8.05226,-7.9989]},"faces":{"north":{"uv":[0.0,0.0,4.96662,5.17175],"rotation":90,"texture":"#o3"},"south":{"uv":[0.0,0.0,4.96662,5.17175],"rotation":90,"texture":"#o3"},"east":{"uv":[0.0,0.0,4.96662,5.17175],"rotation":90,"texture":"#o3"},"west":{"uv":[0.0,0.0,4.96662,5.17175],"rotation":90,"texture":"#o3"},"up":{"uv":[0.0,0.0,4.96662,5.17175],"rotation":180,"texture":"#o3"},"down":{"uv":[0.0,0.0,4.96662,5.17175],"texture":"#o3"}}},{"from":[8.50477,9.04676,7.1651],"to":[8.70297,9.47064,8.8371],"rotation":{"angle":22.5,"axis":"z","origin":[8.38003,9.33132,7.9251]},"faces":{"north":{"uv":[0.0,0.0,4.96662,5.17175],"rotation":90,"texture":"#o3"},"south":{"uv":[0.0,0.0,4.96662,5.17175],"rotation":90,"texture":"#o3"},"east":{"uv":[0.0,0.0,4.96662,5.17175],"rotation":90,"texture":"#o3"},"west":{"uv":[0.0,0.0,4.96662,5.17175],"rotation":90,"texture":"#o3"},"up":{"uv":[0.0,0.0,4.96662,5.17175],"rotation":180,"texture":"#o3"},"down":{"uv":[0.0,0.0,4.96662,5.17175],"texture":"#o3"}}},{"from":[7.97277,9.11616,7.1651],"to":[8.60417,9.47064,8.8371],"rotation":{"angle":0.0,"axis":"y","origin":[27.49033,-8.05226,-7.9989]},"faces":{"north":{"uv":[0.0,0.0,4.96662,5.17175],"rotation":90,"texture":"#o3"},"south":{"uv":[0.0,0.0,4.96662,5.17175],"rotation":90,"texture":"#o3"},"east":{"uv":[0.0,0.0,4.96662,5.17175],"rotation":90,"texture":"#o3"},"west":{"uv":[0.0,0.0,4.96662,5.17175],"rotation":90,"texture":"#o3"},"up":{"uv":[0.0,0.0,4.96662,5.17175],"rotation":180,"texture":"#o3"},"down":{"uv":[0.0,0.0,4.96662,5.17175],"texture":"#o3"}}},{"from":[-0.75947,4.76715,3.22677],"to":[12.1798,8.00197,6.46159],"rotation":{"angle":-22.5,"axis":"y","origin":[4.09276,8.48719,3.90069]},"faces":{"north":{"uv":[10.0,13.0,11.0,16.0],"rotation":90,"texture":"#o4"},"south":{"uv":[8.0,13.0,9.0,16.0],"rotation":270,"texture":"#o4"},"east":{"uv":[10.0,12.0,11.0,13.0],"texture":"#o4"},"west":{"uv":[10.0,13.0,9.0,12.0],"texture":"#o4"},"up":{"uv":[9.0,13.0,10.0,16.0],"rotation":270,"texture":"#o4"},"down":{"uv":[11.0,13.0,12.0,16.0],"rotation":270,"texture":"#o4"}}},{"from":[-1.44442,4.68628,2.96209],"to":[13.43573,8.40632,6.56082],"rotation":{"angle":-22.5,"axis":"y","origin":[4.13564,8.97646,3.5147]},"faces":{"north":{"uv":[14.0,13.0,15.0,16.0],"rotation":90,"texture":"#o4"},"south":{"uv":[12.0,13.0,13.0,16.0],"rotation":270,"texture":"#o4"},"east":{"uv":[14.0,12.0,15.0,13.0],"rotation":270,"texture":"#o4"},"west":{"uv":[14.0,13.0,13.0,12.0],"texture":"#o4"},"up":{"uv":[13.0,13.0,14.0,16.0],"rotation":270,"texture":"#o4"},"down":{"uv":[15.0,13.0,16.0,16.0],"rotation":270,"texture":"#o4"}}},{"from":[-1.96282,5.04916,6.07249],"to":[12.91733,8.7692,9.67122],"rotation":{"angle":0.0,"axis":"y","origin":[3.047,8.87278,-3.38002]},"faces":{"north":{"uv":[12.0,9.0,13.0,12.0],"rotation":90,"texture":"#o4"},"south":{"uv":[10.0,9.0,11.0,12.0],"rotation":270,"texture":"#o4"},"east":{"uv":[12.0,8.0,13.0,9.0],"rotation":270,"texture":"#o4"},"west":{"uv":[12.0,9.0,11.0,8.0],"texture":"#o4"},"up":{"uv":[11.0,9.0,12.0,12.0],"rotation":270,"texture":"#o4"},"down":{"uv":[13.0,9.0,14.0,12.0],"rotation":270,"texture":"#o4"}}},{"from":[-1.27787,5.13003,6.33717],"to":[11.6614,8.36485,9.57199],"rotation":{"angle":0.0,"axis":"y","origin":[3.00412,8.38351,-2.99403]},"faces":{"north":{"uv":[12.0,5.0,13.0,8.0],"rotation":90,"texture":"#o4"},"south":{"uv":[10.0,5.0,11.0,8.0],"rotation":270,"texture":"#o4"},"east":{"uv":[12.0,4.0,13.0,5.0],"texture":"#o4"},"west":{"uv":[12.0,5.0,11.0,4.0],"texture":"#o4"},"up":{"uv":[11.0,5.0,12.0,8.0],"rotation":270,"texture":"#o4"},"down":{"uv":[13.0,5.0,14.0,8.0],"rotation":270,"texture":"#o4"}}},{"from":[11.60997,9.75862,7.2411],"to":[16.70197,10.25262,8.7611],"rotation":{"angle":0.0,"axis":"y","origin":[25.49033,-8.05226,-7.9989]},"faces":{"north":{"uv":[0.0,0.0,6.7,2.1],"texture":"#o0"},"south":{"uv":[0.0,0.0,6.7,2.1],"texture":"#o0"},"east":{"uv":[0.0,0.0,6.7,2.1],"texture":"#o0"},"west":{"uv":[0.0,0.0,6.7,2.1],"texture":"#o0"},"up":{"uv":[0.0,0.0,6.7,2.1],"rotation":90,"texture":"#o0"},"down":{"uv":[0.0,0.0,6.7,2.1],"rotation":270,"texture":"#o0"}}},{"from":[11.59077,10.5235,7.2411],"to":[12.04577,10.7075,8.7611],"rotation":{"angle":-22.5,"axis":"z","origin":[9.90827,11.2455,7.99606]},"faces":{"north":{"uv":[0.0,0.0,1.125,0.9],"texture":"#o0"},"south":{"uv":[0.0,0.0,1.125,0.9],"texture":"#o0"},"east":{"uv":[0.0,0.0,1.125,0.9],"texture":"#o0"},"west":{"uv":[0.0,0.0,1.125,0.9],"texture":"#o0"},"up":{"uv":[0.0,0.0,1.125,0.9],"rotation":90,"texture":"#o0"},"down":{"uv":[0.0,0.0,1.125,0.9],"rotation":270,"texture":"#o0"}}},{"from":[7.71497,9.91062,7.2411],"to":[16.70197,11.35462,7.4501],"rotation":{"angle":0.0,"axis":"y","origin":[25.49033,-8.05226,-7.9989]},"faces":{"north":{"uv":[0.0,0.0,11.825,1.9],"texture":"#o0"},"south":{"uv":[0.0,0.0,11.825,1.9],"texture":"#o0"},"east":{"uv":[0.0,0.0,11.825,1.9],"texture":"#o0"},"west":{"uv":[0.0,0.0,11.825,1.9],"texture":"#o0"},"up":{"uv":[0.0,0.0,11.825,1.9],"rotation":90,"texture":"#o0"},"down":{"uv":[0.0,0.0,11.825,1.9],"rotation":270,"texture":"#o0"}}},{"from":[6.19495,10.23276,7.3001],"to":[16.70195,10.48086,7.868],"rotation":{"angle":45.0,"axis":"x","origin":[9.16845,10.3473,7.48906]},"faces":{"north":{"uv":[16.0,2.65146,0.0,0.0],"texture":"#o2"},"south":{"uv":[16.0,2.65146,0.0,0.0],"texture":"#o2"},"east":{"uv":[16.0,2.65146,0.0,0.0],"texture":"#o0"},"west":{"uv":[16.0,2.65146,0.0,0.0],"texture":"#o0"},"up":{"uv":[16.0,2.65146,0.0,0.0],"rotation":90,"texture":"#o0"},"down":{"uv":[16.0,2.65146,0.0,0.0],"rotation":270,"texture":"#o0"}}},{"from":[6.19495,10.23276,8.1342],"to":[16.70195,10.48086,8.7021],"rotation":{"angle":-45.0,"axis":"x","origin":[9.16845,10.3473,8.51314]},"faces":{"north":{"uv":[0.0,2.65146,16.0,0.0],"texture":"#o2"},"south":{"uv":[0.0,2.65146,16.0,0.0],"texture":"#o2"},"east":{"uv":[0.0,2.65146,16.0,0.0],"texture":"#o0"},"west":{"uv":[0.0,2.65146,16.0,0.0],"texture":"#o0"},"up":{"uv":[0.0,2.65146,16.0,0.0],"rotation":90,"texture":"#o0"},"down":{"uv":[0.0,2.65146,16.0,0.0],"rotation":270,"texture":"#o0"}}},{"from":[7.71497,9.91062,8.5521],"to":[16.70197,11.35462,8.7611],"rotation":{"angle":0.0,"axis":"y","origin":[25.49033,-8.05226,-7.9989]},"faces":{"north":{"uv":[0.0,0.0,11.825,1.9],"texture":"#o0"},"south":{"uv":[0.0,0.0,11.825,1.9],"texture":"#o0"},"east":{"uv":[0.0,0.0,11.825,1.9],"texture":"#o0"},"west":{"uv":[0.0,0.0,11.825,1.9],"texture":"#o0"},"up":{"uv":[0.0,0.0,11.825,1.9],"rotation":90,"texture":"#o0"},"down":{"uv":[0.0,0.0,11.825,1.9],"rotation":270,"texture":"#o0"}}},{"from":[6.19495,11.10762,8.2102],"to":[16.70195,11.35572,8.7021],"rotation":{"angle":45.0,"axis":"x","origin":[9.16845,11.24118,8.51314]},"faces":{"north":{"uv":[0.0,0.0,16.0,2.65146],"texture":"#o2"},"south":{"uv":[0.0,0.0,16.0,2.65146],"texture":"#o2"},"east":{"uv":[0.0,0.0,16.0,2.65146],"texture":"#o0"},"west":{"uv":[0.0,0.0,16.0,2.65146],"texture":"#o0"},"up":{"uv":[0.0,0.0,16.0,2.65146],"rotation":90,"texture":"#o0"},"down":{"uv":[0.0,0.0,16.0,2.65146],"rotation":270,"texture":"#o0"}}},{"from":[1.63487,11.00856,8.31448],"to":[16.70187,11.12256,8.54248],"rotation":{"angle":-22.5,"axis":"x","origin":[9.16837,11.73056,7.78248]},"faces":{"north":{"uv":[16.0,0.0,0.0,0.15],"texture":"#o0"},"south":{"uv":[16.0,0.0,0.0,0.15],"texture":"#o0"},"east":{"uv":[16.0,0.0,0.0,0.15],"texture":"#o0"},"west":{"uv":[16.0,0.0,0.0,0.15],"texture":"#o0"},"up":{"uv":[16.0,0.0,0.0,0.15],"rotation":90,"texture":"#o0"},"down":{"uv":[16.0,0.0,0.0,0.15],"rotation":270,"texture":"#o0"}}},{"from":[1.63495,11.46776,8.2359],"to":[16.70195,11.61976,8.3499],"rotation":{"angle":22.5,"axis":"x","origin":[9.16845,10.85976,8.2929]},"faces":{"north":{"uv":[0.0,0.0,0.2,16.0],"rotation":270,"texture":"#o0"},"south":{"uv":[0.0,0.0,0.2,16.0],"rotation":270,"texture":"#o0"},"east":{"uv":[0.0,0.0,0.2,16.0],"rotation":270,"texture":"#o0"},"west":{"uv":[0.0,0.0,0.2,16.0],"rotation":270,"texture":"#o0"},"up":{"uv":[0.0,0.0,0.2,16.0],"texture":"#o0"},"down":{"uv":[0.0,0.0,0.2,16.0],"rotation":180,"texture":"#o0"}}},{"from":[1.63495,10.9054,8.67132],"to":[16.70195,11.01938,8.89932],"rotation":{"angle":-45.0,"axis":"x","origin":[9.16845,10.9624,8.13932]},"faces":{"north":{"uv":[16.0,0.0,0.0,0.15],"texture":"#o0"},"south":{"uv":[16.0,0.0,0.0,0.15],"texture":"#o0"},"east":{"uv":[16.0,0.0,0.0,0.15],"texture":"#o0"},"west":{"uv":[16.0,0.0,0.0,0.15],"texture":"#o0"},"up":{"uv":[16.0,0.0,0.0,0.15],"rotation":90,"texture":"#o0"},"down":{"uv":[16.0,0.0,0.0,0.15],"rotation":270,"texture":"#o0"}}},{"from":[1.63495,11.35462,7.4692],"to":[16.70195,11.58372,8.5311],"rotation":{"angle":0.0,"axis":"y","origin":[25.49033,-8.05226,-7.9989]},"faces":{"north":{"uv":[0.0,0.0,16.0,2.65146],"texture":"#o2"},"south":{"uv":[0.0,0.0,16.0,2.65146],"texture":"#o2"},"east":{"uv":[0.0,0.0,16.0,2.65146],"texture":"#o0"},"west":{"uv":[0.0,0.0,16.0,2.65146],"texture":"#o0"},"up":{"uv":[0.0,0.0,16.0,2.65146],"rotation":90,"texture":"#o0"},"down":{"uv":[0.0,0.0,16.0,2.65146],"rotation":270,"texture":"#o0"}}},{"from":[6.19495,11.10762,7.3001],"to":[16.70195,11.35572,7.792],"rotation":{"angle":-45.0,"axis":"x","origin":[9.16845,11.24118,7.48906]},"faces":{"north":{"uv":[16.0,0.0,0.0,2.65146],"texture":"#o2"},"south":{"uv":[16.0,0.0,0.0,2.65146],"texture":"#o2"},"east":{"uv":[16.0,0.0,0.0,2.65146],"texture":"#o0"},"west":{"uv":[16.0,0.0,0.0,2.65146],"texture":"#o0"},"up":{"uv":[16.0,0.0,0.0,2.65146],"rotation":90,"texture":"#o0"},"down":{"uv":[16.0,0.0,0.0,2.65146],"rotation":270,"texture":"#o0"}}},{"from":[1.63343,11.46814,7.65036],"to":[16.70043,11.62014,7.76436],"rotation":{"angle":-22.5,"axis":"x","origin":[9.16693,10.86014,7.70736]},"faces":{"north":{"uv":[0.0,0.0,0.2,16.0],"rotation":270,"texture":"#o0"},"south":{"uv":[0.0,0.0,0.2,16.0],"rotation":270,"texture":"#o0"},"east":{"uv":[0.0,0.0,0.2,16.0],"rotation":270,"texture":"#o0"},"west":{"uv":[0.0,0.0,0.2,16.0],"rotation":270,"texture":"#o0"},"up":{"uv":[0.0,0.0,0.2,16.0],"texture":"#o0"},"down":{"uv":[0.0,0.0,0.2,16.0],"rotation":180,"texture":"#o0"}}},{"from":[1.63353,10.90606,7.10078],"to":[16.70053,11.02006,7.32878],"rotation":{"angle":45.0,"axis":"x","origin":[9.16703,10.96306,7.86078]},"faces":{"north":{"uv":[0.0,0.0,16.0,0.15],"texture":"#o0"},"south":{"uv":[0.0,0.0,16.0,0.15],"texture":"#o0"},"east":{"uv":[0.0,0.0,16.0,0.15],"texture":"#o0"},"west":{"uv":[0.0,0.0,16.0,0.15],"texture":"#o0"},"up":{"uv":[0.0,0.0,16.0,0.15],"rotation":90,"texture":"#o0"},"down":{"uv":[0.0,0.0,16.0,0.15],"rotation":270,"texture":"#o0"}}},{"from":[1.63343,11.0092,7.45764],"to":[16.70043,11.1232,7.68564],"rotation":{"angle":22.5,"axis":"x","origin":[9.16693,11.7312,8.21764]},"faces":{"north":{"uv":[0.0,0.0,16.0,0.15],"texture":"#o0"},"south":{"uv":[0.0,0.0,16.0,0.15],"texture":"#o0"},"east":{"uv":[0.0,0.0,16.0,0.15],"texture":"#o0"},"west":{"uv":[0.0,0.0,16.0,0.15],"texture":"#o0"},"up":{"uv":[0.0,0.0,16.0,0.15],"rotation":90,"texture":"#o0"},"down":{"uv":[0.0,0.0,16.0,0.15],"rotation":270,"texture":"#o0"}}},{"from":[5.20543,9.75862,7.23918],"to":[9.67197,11.355,8.7611],"rotation":{"angle":0.0,"axis":"y","origin":[25.49033,-8.05226,-7.9989]},"faces":{"north":{"uv":[0.0,0.0,5.87701,2.10051],"texture":"#o0"},"south":{"uv":[0.0,0.0,5.87701,2.10051],"texture":"#o0"},"east":{"uv":[0.0,0.0,5.87701,2.10051],"texture":"#o0"},"west":{"uv":[0.0,0.0,5.87701,2.10051],"texture":"#o0"},"up":{"uv":[0.0,0.0,5.87701,2.10051],"rotation":90,"texture":"#o0"},"down":{"uv":[0.0,0.0,5.87701,2.10051],"rotation":270,"texture":"#o0"}}},{"from":[4.82543,9.75862,7.23918],"to":[5.03597,11.355,8.7611],"rotation":{"angle":0.0,"axis":"y","origin":[25.49033,-8.05226,-7.9989]},"faces":{"north":{"uv":[0.0,0.0,0.27701,2.10051],"texture":"#o0"},"south":{"uv":[0.0,0.0,0.27701,2.10051],"texture":"#o0"},"east":{"uv":[0.0,0.0,0.27701,2.10051],"texture":"#o0"},"west":{"uv":[0.0,0.0,0.27701,2.10051],"texture":"#o0"},"up":{"uv":[0.0,0.0,0.27701,2.10051],"rotation":90,"texture":"#o0"},"down":{"uv":[0.0,0.0,0.27701,2.10051],"rotation":270,"texture":"#o0"}}},{"from":[1.70943,9.75862,7.29618],"to":[6.17597,11.431,8.7041],"rotation":{"angle":0.0,"axis":"y","origin":[25.49033,-8.05226,-7.9989]},"faces":{"north":{"uv":[0.0,0.0,0.97701,2.10051],"texture":"#o2"},"south":{"uv":[0.0,0.0,0.97701,2.10051],"texture":"#o2"},"east":{"uv":[0.0,0.0,0.97701,2.10051],"texture":"#o0"},"west":{"uv":[0.0,0.0,0.97701,2.10051],"texture":"#o0"},"up":{"uv":[0.0,0.0,0.97701,2.10051],"rotation":90,"texture":"#o0"},"down":{"uv":[0.0,0.0,0.97701,2.10051],"rotation":270,"texture":"#o0"}}},{"from":[4.44543,9.75862,7.23918],"to":[4.65597,11.355,8.7611],"rotation":{"angle":0.0,"axis":"y","origin":[25.49033,-8.05226,-7.9989]},"faces":{"north":{"uv":[0.0,0.0,0.27701,2.10051],"texture":"#o0"},"south":{"uv":[0.0,0.0,0.27701,2.10051],"texture":"#o0"},"east":{"uv":[0.0,0.0,0.27701,2.10051],"texture":"#o0"},"west":{"uv":[0.0,0.0,0.27701,2.10051],"texture":"#o0"},"up":{"uv":[0.0,0.0,0.27701,2.10051],"rotation":90,"texture":"#o0"},"down":{"uv":[0.0,0.0,0.27701,2.10051],"rotation":270,"texture":"#o0"}}},{"from":[4.06543,9.75862,7.23918],"to":[4.27597,11.355,8.7611],"rotation":{"angle":0.0,"axis":"y","origin":[25.49033,-8.05226,-7.9989]},"faces":{"north":{"uv":[0.0,0.0,0.27701,2.10051],"texture":"#o0"},"south":{"uv":[0.0,0.0,0.27701,2.10051],"texture":"#o0"},"east":{"uv":[0.0,0.0,0.27701,2.10051],"texture":"#o0"},"west":{"uv":[0.0,0.0,0.27701,2.10051],"texture":"#o0"},"up":{"uv":[0.0,0.0,0.27701,2.10051],"rotation":90,"texture":"#o0"},"down":{"uv":[0.0,0.0,0.27701,2.10051],"rotation":270,"texture":"#o0"}}},{"from":[3.68543,9.75862,7.23918],"to":[3.89597,11.355,8.7611],"rotation":{"angle":0.0,"axis":"y","origin":[25.49033,-8.05226,-7.9989]},"faces":{"north":{"uv":[0.0,0.0,0.27701,2.10051],"texture":"#o0"},"south":{"uv":[0.0,0.0,0.27701,2.10051],"texture":"#o0"},"east":{"uv":[0.0,0.0,0.27701,2.10051],"texture":"#o0"},"west":{"uv":[0.0,0.0,0.27701,2.10051],"texture":"#o0"},"up":{"uv":[0.0,0.0,0.27701,2.10051],"rotation":90,"texture":"#o0"},"down":{"uv":[0.0,0.0,0.27701,2.10051],"rotation":270,"texture":"#o0"}}},{"from":[3.30543,9.75862,7.23918],"to":[3.51597,11.355,8.7611],"rotation":{"angle":0.0,"axis":"y","origin":[25.49033,-8.05226,-7.9989]},"faces":{"north":{"uv":[0.0,0.0,0.27701,2.10051],"texture":"#o0"},"south":{"uv":[0.0,0.0,0.27701,2.10051],"texture":"#o0"},"east":{"uv":[0.0,0.0,0.27701,2.10051],"texture":"#o0"},"west":{"uv":[0.0,0.0,0.27701,2.10051],"texture":"#o0"},"up":{"uv":[0.0,0.0,0.27701,2.10051],"rotation":90,"texture":"#o0"},"down":{"uv":[0.0,0.0,0.27701,2.10051],"rotation":270,"texture":"#o0"}}},{"from":[2.92543,9.75862,7.23918],"to":[3.13597,11.355,8.7611],"rotation":{"angle":0.0,"axis":"y","origin":[25.49033,-8.05226,-7.9989]},"faces":{"north":{"uv":[0.0,0.0,0.27701,2.10051],"texture":"#o0"},"south":{"uv":[0.0,0.0,0.27701,2.10051],"texture":"#o0"},"east":{"uv":[0.0,0.0,0.27701,2.10051],"texture":"#o0"},"west":{"uv":[0.0,0.0,0.27701,2.10051],"texture":"#o0"},"up":{"uv":[0.0,0.0,0.27701,2.10051],"rotation":90,"texture":"#o0"},"down":{"uv":[0.0,0.0,0.27701,2.10051],"rotation":270,"texture":"#o0"}}},{"from":[2.54543,9.75862,7.23918],"to":[2.75597,11.355,8.7611],"rotation":{"angle":0.0,"axis":"y","origin":[25.49033,-8.05226,-7.9989]},"faces":{"north":{"uv":[0.0,0.0,0.27701,2.10051],"texture":"#o0"},"south":{"uv":[0.0,0.0,0.27701,2.10051],"texture":"#o0"},"east":{"uv":[0.0,0.0,0.27701,2.10051],"texture":"#o0"},"west":{"uv":[0.0,0.0,0.27701,2.10051],"texture":"#o0"},"up":{"uv":[0.0,0.0,0.27701,2.10051],"rotation":90,"texture":"#o0"},"down":{"uv":[0.0,0.0,0.27701,2.10051],"rotation":270,"texture":"#o0"}}},{"from":[1.63343,9.75862,7.23918],"to":[2.37597,11.355,8.7611],"rotation":{"angle":0.0,"axis":"y","origin":[25.49033,-8.05226,-7.9989]},"faces":{"north":{"uv":[0.0,0.0,0.97701,2.10051],"texture":"#o0"},"south":{"uv":[0.0,0.0,0.97701,2.10051],"texture":"#o0"},"east":{"uv":[0.0,0.0,0.97701,2.10051],"texture":"#o0"},"west":{"uv":[0.0,0.0,0.97701,2.10051],"texture":"#o0"},"up":{"uv":[0.0,0.0,0.97701,2.10051],"rotation":90,"texture":"#o0"},"down":{"uv":[0.0,0.0,0.97701,2.10051],"rotation":270,"texture":"#o0"}}},{"from":[2.34379,11.28722,7.6306],"to":[2.62879,11.89522,7.7636],"rotation":{"angle":-22.5,"axis":"z","origin":[2.48629,11.59122,7.6971]},"faces":{"north":{"uv":[0.0,0.0,11.825,1.9],"texture":"#o3"},"south":{"uv":[0.0,0.0,11.825,1.9],"texture":"#o3"},"east":{"uv":[0.0,0.0,11.825,1.9],"texture":"#o3"},"west":{"uv":[0.0,0.0,11.825,1.9],"texture":"#o3"},"up":{"uv":[0.0,0.0,11.825,1.9],"rotation":90,"texture":"#o3"},"down":{"uv":[0.0,0.0,11.825,1.9],"rotation":270,"texture":"#o3"}}},{"from":[2.52797,11.16662,7.6306],"to":[2.81297,11.77462,7.7636],"rotation":{"angle":22.5,"axis":"z","origin":[2.67047,11.47062,7.6971]},"faces":{"north":{"uv":[0.0,0.0,11.825,1.9],"texture":"#o3"},"south":{"uv":[0.0,0.0,11.825,1.9],"texture":"#o3"},"east":{"uv":[0.0,0.0,11.825,1.9],"texture":"#o3"},"west":{"uv":[0.0,0.0,11.825,1.9],"texture":"#o3"},"up":{"uv":[0.0,0.0,11.825,1.9],"rotation":90,"texture":"#o3"},"down":{"uv":[0.0,0.0,11.825,1.9],"rotation":270,"texture":"#o3"}}},{"from":[2.47097,11.31862,7.6306],"to":[2.75597,11.92662,7.7636],"rotation":{"angle":0.0,"axis":"y","origin":[25.49033,-8.20226,-7.9989]},"faces":{"north":{"uv":[0.0,0.0,11.825,1.9],"texture":"#o3"},"south":{"uv":[0.0,0.0,11.825,1.9],"texture":"#o3"},"east":{"uv":[0.0,0.0,11.825,1.9],"texture":"#o3"},"west":{"uv":[0.0,0.0,11.825,1.9],"texture":"#o3"},"up":{"uv":[0.0,0.0,11.825,1.9],"rotation":90,"texture":"#o3"},"down":{"uv":[0.0,0.0,11.825,1.9],"rotation":270,"texture":"#o3"}}},{"from":[2.47097,11.31862,8.2386],"to":[2.75597,11.92662,8.3716],"rotation":{"angle":0.0,"axis":"y","origin":[25.49033,-8.20226,-7.9989]},"faces":{"north":{"uv":[11.825,0.0,0.0,1.9],"texture":"#o3"},"south":{"uv":[11.825,0.0,0.0,1.9],"texture":"#o3"},"east":{"uv":[11.825,0.0,0.0,1.9],"texture":"#o3"},"west":{"uv":[11.825,0.0,0.0,1.9],"texture":"#o3"},"up":{"uv":[11.825,0.0,0.0,1.9],"rotation":90,"texture":"#o3"},"down":{"uv":[11.825,0.0,0.0,1.9],"rotation":270,"texture":"#o3"}}},{"from":[2.34379,11.28722,8.2386],"to":[2.62879,11.89522,8.3716],"rotation":{"angle":-22.5,"axis":"z","origin":[2.48629,11.59122,8.3051]},"faces":{"north":{"uv":[11.825,0.0,0.0,1.9],"texture":"#o3"},"south":{"uv":[11.825,0.0,0.0,1.9],"texture":"#o3"},"east":{"uv":[11.825,0.0,0.0,1.9],"texture":"#o3"},"west":{"uv":[11.825,0.0,0.0,1.9],"texture":"#o3"},"up":{"uv":[11.825,0.0,0.0,1.9],"rotation":90,"texture":"#o3"},"down":{"uv":[11.825,0.0,0.0,1.9],"rotation":270,"texture":"#o3"}}},{"from":[2.52797,11.16662,8.2386],"to":[2.81297,11.77462,8.3716],"rotation":{"angle":22.5,"axis":"z","origin":[2.67047,11.47062,8.3051]},"faces":{"north":{"uv":[11.825,0.0,0.0,1.9],"texture":"#o3"},"south":{"uv":[11.825,0.0,0.0,1.9],"texture":"#o3"},"east":{"uv":[11.825,0.0,0.0,1.9],"texture":"#o3"},"west":{"uv":[11.825,0.0,0.0,1.9],"texture":"#o3"},"up":{"uv":[11.825,0.0,0.0,1.9],"rotation":90,"texture":"#o3"},"down":{"uv":[11.825,0.0,0.0,1.9],"rotation":270,"texture":"#o3"}}},{"from":[15.75779,11.38522,7.9346],"to":[16.04279,11.89322,8.0676],"rotation":{"angle":-22.5,"axis":"z","origin":[15.90029,11.58922,8.0011]},"faces":{"north":{"uv":[0.0,0.0,11.825,1.9],"texture":"#o3"},"south":{"uv":[0.0,0.0,11.825,1.9],"texture":"#o3"},"east":{"uv":[0.0,0.0,11.825,1.9],"texture":"#o3"},"west":{"uv":[0.0,0.0,11.825,1.9],"texture":"#o3"},"up":{"uv":[0.0,0.0,11.825,1.9],"rotation":90,"texture":"#o3"},"down":{"uv":[0.0,0.0,11.825,1.9],"rotation":270,"texture":"#o3"}}},{"from":[15.98017,11.5064,7.9346],"to":[16.58817,11.7514,8.0676],"rotation":{"angle":-45.0,"axis":"z","origin":[16.28417,11.6089,8.0011]},"faces":{"north":{"uv":[0.0,0.0,11.825,1.9],"rotation":90,"texture":"#o3"},"south":{"uv":[0.0,0.0,11.825,1.9],"rotation":90,"texture":"#o3"},"east":{"uv":[0.0,0.0,11.825,1.9],"rotation":90,"texture":"#o3"},"west":{"uv":[0.0,0.0,11.825,1.9],"rotation":90,"texture":"#o3"},"up":{"uv":[0.0,0.0,11.825,1.9],"rotation":180,"texture":"#o3"},"down":{"uv":[0.0,0.0,11.825,1.9],"texture":"#o3"}}},{"from":[15.88497,11.31662,7.9346],"to":[16.16997,11.92462,8.0676],"rotation":{"angle":0.0,"axis":"y","origin":[25.49033,-8.05226,-7.9989]},"faces":{"north":{"uv":[0.0,0.0,11.825,1.9],"texture":"#o3"},"south":{"uv":[0.0,0.0,11.825,1.9],"texture":"#o3"},"east":{"uv":[0.0,0.0,11.825,1.9],"texture":"#o3"},"west":{"uv":[0.0,0.0,11.825,1.9],"texture":"#o3"},"up":{"uv":[0.0,0.0,11.825,1.9],"rotation":90,"texture":"#o3"},"down":{"uv":[0.0,0.0,11.825,1.9],"rotation":270,"texture":"#o3"}}},{"from":[5.99863,0.8499,7.2411],"to":[6.83463,1.3819,8.7611],"rotation":{"angle":0.0,"axis":"y","origin":[27.49033,-8.05226,-7.9989]},"faces":{"north":{"uv":[0.0,0.0,0.7,1.1],"rotation":90,"texture":"#o1"},"south":{"uv":[0.0,0.0,0.7,1.1],"rotation":90,"texture":"#o1"},"east":{"uv":[0.0,0.0,0.7,1.1],"rotation":90,"texture":"#o1"},"west":{"uv":[0.0,0.0,0.7,1.1],"rotation":90,"texture":"#o1"},"up":{"uv":[0.0,0.0,0.7,1.1],"rotation":180,"texture":"#o1"},"down":{"uv":[0.0,0.0,0.7,1.1],"texture":"#o1"}}},{"from":[6.51213,0.85096,7.34232],"to":[6.77813,1.38296,8.10232],"rotation":{"angle":-22.5,"axis":"y","origin":[6.93013,1.11696,8.10232]},"faces":{"north":{"uv":[0.0,0.0,0.7,0.35],"rotation":90,"texture":"#o1"},"south":{"uv":[0.0,0.0,0.7,0.35],"rotation":90,"texture":"#o1"},"east":{"uv":[0.0,0.0,0.7,0.35],"rotation":90,"texture":"#o1"},"west":{"uv":[0.0,0.0,0.7,0.35],"rotation":90,"texture":"#o1"},"up":{"uv":[0.0,0.0,0.7,0.35],"rotation":180,"texture":"#o1"},"down":{"uv":[0.0,0.0,0.7,0.35],"texture":"#o1"}}},{"from":[6.51213,0.85096,7.89988],"to":[6.77813,1.38296,8.65988],"rotation":{"angle":22.5,"axis":"y","origin":[6.93013,1.11696,7.89988]},"faces":{"north":{"uv":[0.0,0.35,0.7,0.0],"rotation":270,"texture":"#o1"},"south":{"uv":[0.0,0.35,0.7,0.0],"rotation":270,"texture":"#o1"},"east":{"uv":[0.0,0.35,0.7,0.0],"rotation":270,"texture":"#o1"},"west":{"uv":[0.0,0.35,0.7,0.0],"rotation":270,"texture":"#o1"},"up":{"uv":[0.0,0.35,0.7,0.0],"texture":"#o1"},"down":{"uv":[0.0,0.35,0.7,0.0],"rotation":180,"texture":"#o1"}}},{"from":[6.77277,0.851,7.91728],"to":[7.03877,1.383,8.67728],"rotation":{"angle":45.0,"axis":"y","origin":[6.90577,1.117,8.29728]},"faces":{"north":{"uv":[0.0,0.35,0.7,0.0],"rotation":270,"texture":"#o1"},"south":{"uv":[0.0,0.35,0.7,0.0],"rotation":270,"texture":"#o1"},"east":{"uv":[0.0,0.35,0.7,0.0],"rotation":270,"texture":"#o1"},"west":{"uv":[0.0,0.35,0.7,0.0],"rotation":270,"texture":"#o1"},"up":{"uv":[0.0,0.35,0.7,0.0],"texture":"#o1"},"down":{"uv":[0.0,0.35,0.7,0.0],"rotation":180,"texture":"#o1"}}},{"from":[6.77277,0.851,7.32492],"to":[7.03877,1.383,8.08492],"rotation":{"angle":-45.0,"axis":"y","origin":[6.90577,1.117,7.70492]},"faces":{"north":{"uv":[0.0,0.0,0.7,0.35],"rotation":90,"texture":"#o1"},"south":{"uv":[0.0,0.0,0.7,0.35],"rotation":90,"texture":"#o1"},"east":{"uv":[0.0,0.0,0.7,0.35],"rotation":90,"texture":"#o1"},"west":{"uv":[0.0,0.0,0.7,0.35],"rotation":90,"texture":"#o1"},"up":{"uv":[0.0,0.0,0.7,0.35],"rotation":180,"texture":"#o1"},"down":{"uv":[0.0,0.0,0.7,0.35],"texture":"#o1"}}},{"from":[5.99863,0.851,7.53026],"to":[7.26853,1.3819,8.47194],"rotation":{"angle":0.0,"axis":"y","origin":[27.49033,-8.05226,-7.9989]},"faces":{"north":{"uv":[0.0,0.0,0.69855,1.67092],"rotation":90,"texture":"#o1"},"south":{"uv":[0.0,0.0,0.69855,1.67092],"rotation":90,"texture":"#o1"},"east":{"uv":[0.0,0.0,0.69855,1.67092],"rotation":90,"texture":"#o1"},"west":{"uv":[0.0,0.0,0.69855,1.67092],"rotation":90,"texture":"#o1"},"up":{"uv":[0.0,0.0,0.69855,1.67092],"rotation":180,"texture":"#o1"},"down":{"uv":[0.0,0.0,0.69855,1.67092],"texture":"#o1"}}},{"from":[5.24619,1.11802,7.2411],"to":[6.08219,1.61202,8.7611],"rotation":{"angle":-22.5,"axis":"z","origin":[5.36019,1.19402,8.00832]},"faces":{"north":{"uv":[0.0,0.0,0.65,1.1],"rotation":90,"texture":"#o1"},"south":{"uv":[0.0,0.0,0.65,1.1],"rotation":90,"texture":"#o1"},"east":{"uv":[0.0,0.0,0.65,1.1],"rotation":90,"texture":"#o1"},"west":{"uv":[0.0,0.0,0.65,1.1],"rotation":90,"texture":"#o1"},"up":{"uv":[0.0,0.0,0.65,1.1],"rotation":180,"texture":"#o1"},"down":{"uv":[0.0,0.0,0.65,1.1],"texture":"#o1"}}},{"from":[4.06063,1.0779,7.2411],"to":[5.41483,1.62382,8.7611],"rotation":{"angle":0.0,"axis":"y","origin":[27.49033,-8.05226,-7.9989]},"faces":{"north":{"uv":[0.0,0.0,0.71832,1.78185],"rotation":90,"texture":"#o1"},"south":{"uv":[0.0,0.0,0.71832,1.78185],"rotation":90,"texture":"#o1"},"east":{"uv":[0.0,0.0,0.71832,1.78185],"rotation":90,"texture":"#o1"},"west":{"uv":[0.0,0.0,0.71832,1.78185],"rotation":90,"texture":"#o1"},"up":{"uv":[0.0,0.0,0.71832,1.78185],"rotation":180,"texture":"#o1"},"down":{"uv":[0.0,0.0,0.71832,1.78185],"texture":"#o1"}}},{"from":[4.06565,1.0779,7.03852],"to":[4.40651,1.6207,8.00926],"rotation":{"angle":22.5,"axis":"y","origin":[4.74277,1.34774,8.00926]},"faces":{"north":{"uv":[0.0,0.0,0.7142,0.44849],"rotation":90,"texture":"#o1"},"south":{"uv":[0.0,0.0,0.7142,0.44849],"rotation":90,"texture":"#o1"},"east":{"uv":[0.0,0.0,0.7142,0.44849],"rotation":90,"texture":"#o1"},"west":{"uv":[0.0,0.0,0.7142,0.44849],"rotation":90,"texture":"#o1"},"up":{"uv":[0.0,0.0,0.7142,0.44849],"rotation":180,"texture":"#o1"},"down":{"uv":[0.0,0.0,0.7142,0.44849],"texture":"#o1"}}},{"from":[4.06565,1.0779,7.99294],"to":[4.40651,1.6207,8.96368],"rotation":{"angle":-22.5,"axis":"y","origin":[4.74277,1.34774,7.99294]},"faces":{"north":{"uv":[0.0,0.44849,0.7142,0.0],"rotation":270,"texture":"#o1"},"south":{"uv":[0.0,0.44849,0.7142,0.0],"rotation":270,"texture":"#o1"},"east":{"uv":[0.0,0.44849,0.7142,0.0],"rotation":270,"texture":"#o1"},"west":{"uv":[0.0,0.44849,0.7142,0.0],"rotation":270,"texture":"#o1"},"up":{"uv":[0.0,0.44849,0.7142,0.0],"texture":"#o1"},"down":{"uv":[0.0,0.44849,0.7142,0.0],"rotation":180,"texture":"#o1"}}},{"from":[3.91893,1.0779,7.76324],"to":[4.11653,1.62,8.76174],"rotation":{"angle":-45.0,"axis":"y","origin":[4.08935,1.3486,8.2486]},"faces":{"north":{"uv":[0.0,0.44849,0.7142,0.0],"rotation":270,"texture":"#o1"},"south":{"uv":[0.0,0.44849,0.7142,0.0],"rotation":270,"texture":"#o1"},"east":{"uv":[0.0,0.44849,0.7142,0.0],"rotation":270,"texture":"#o1"},"west":{"uv":[0.0,0.44849,0.7142,0.0],"rotation":270,"texture":"#o1"},"up":{"uv":[0.0,0.44849,0.7142,0.0],"texture":"#o1"},"down":{"uv":[0.0,0.44849,0.7142,0.0],"rotation":180,"texture":"#o1"}}},{"from":[3.91893,1.0779,7.24046],"to":[4.11653,1.62,8.23896],"rotation":{"angle":45.0,"axis":"y","origin":[4.08935,1.3486,7.7536]},"faces":{"north":{"uv":[0.0,0.0,0.7142,0.44849],"rotation":90,"texture":"#o1"},"south":{"uv":[0.0,0.0,0.7142,0.44849],"rotation":90,"texture":"#o1"},"east":{"uv":[0.0,0.0,0.7142,0.44849],"rotation":90,"texture":"#o1"},"west":{"uv":[0.0,0.0,0.7142,0.44849],"rotation":90,"texture":"#o1"},"up":{"uv":[0.0,0.0,0.7142,0.44849],"rotation":180,"texture":"#o1"},"down":{"uv":[0.0,0.0,0.7142,0.44849],"texture":"#o1"}}},{"from":[3.60601,1.0779,7.51126],"to":[5.41483,1.62382,8.49094],"rotation":{"angle":0.0,"axis":"y","origin":[27.49033,-8.05226,-7.9989]},"faces":{"north":{"uv":[0.0,0.0,0.71832,2.38004],"rotation":90,"texture":"#o1"},"south":{"uv":[0.0,0.0,0.71832,2.38004],"rotation":90,"texture":"#o1"},"east":{"uv":[0.0,0.0,0.71832,2.38004],"rotation":90,"texture":"#o1"},"west":{"uv":[0.0,0.0,0.71832,2.38004],"rotation":90,"texture":"#o1"},"up":{"uv":[0.0,0.0,0.71832,2.38004],"rotation":180,"texture":"#o1"},"down":{"uv":[0.0,0.0,0.71832,2.38004],"texture":"#o1"}}},{"from":[4.16747,1.91364,7.51394],"to":[6.97947,2.97764,8.50194],"rotation":{"angle":-22.5,"axis":"z","origin":[4.58547,1.49564,8.00794]},"faces":{"north":{"uv":[0.0,3.7,1.4,7.4],"rotation":90,"texture":"#o3"},"south":{"uv":[0.0,3.7,1.4,7.4],"rotation":90,"texture":"#o3"},"east":{"uv":[0.0,3.7,1.4,7.4],"rotation":90,"texture":"#o3"},"west":{"uv":[0.0,3.7,1.4,7.4],"rotation":90,"texture":"#o3"},"up":{"uv":[0.0,3.7,1.4,7.4],"rotation":180,"texture":"#o3"},"down":{"uv":[0.0,3.7,1.4,7.4],"texture":"#o3"}}},{"from":[3.40747,1.45764,7.51394],"to":[4.47147,2.06564,8.50194],"rotation":{"angle":-22.5,"axis":"z","origin":[3.82547,0.58364,8.00794]},"faces":{"north":{"uv":[0.0,1.5,0.8,2.9],"rotation":90,"texture":"#o3"},"south":{"uv":[0.0,1.5,0.8,2.9],"rotation":90,"texture":"#o3"},"east":{"uv":[0.0,1.5,0.8,2.9],"rotation":90,"texture":"#o3"},"west":{"uv":[0.0,1.5,0.8,2.9],"rotation":90,"texture":"#o3"},"up":{"uv":[0.0,1.5,0.8,2.9],"rotation":180,"texture":"#o3"},"down":{"uv":[0.0,1.5,0.8,2.9],"texture":"#o3"}}},{"from":[4.79269,1.08952,7.51328],"to":[5.93269,1.92552,8.50128],"rotation":{"angle":0.0,"axis":"y","origin":[27.49033,-8.05226,-7.9989]},"faces":{"north":{"uv":[0.0,1.5,1.1,3.0],"rotation":90,"texture":"#o3"},"south":{"uv":[0.0,1.5,1.1,3.0],"rotation":90,"texture":"#o3"},"east":{"uv":[0.0,1.5,1.1,3.0],"rotation":90,"texture":"#o3"},"west":{"uv":[0.0,1.5,1.1,3.0],"rotation":90,"texture":"#o3"},"up":{"uv":[0.0,1.5,1.1,3.0],"rotation":180,"texture":"#o3"},"down":{"uv":[0.0,1.5,1.1,3.0],"texture":"#o3"}}},{"from":[-16.0,-16.0,-15.99],"to":[32.0,32.0,-15.99],"faces":{"north":{"uv":[0.0,0.0,16.0,16.0],"texture":"#icon_background"}}},{"from":[-16.0,-16.0,-16.0],"to":[32.0,32.0,-16.0],"faces":{"north":{"uv":[0.0,0.0,16.0,16.0],"texture":"#icon"}}}],"display":{"firstperson_lefthand":{"rotation":[0.0,0.0,0.0],"translation":[0.0,0.0,0.0],"scale":[0.0,0.0,0.0]},"firstperson_righthand":{"rotation":[0.0,90.0,0.0],"translation":[-8.958,13.995,2.25],"scale":[1.0,1.0,1.0]},"thirdperson_lefthand":{"rotation":[0.0,0.0,0.0],"translation":[0.0,0.0,0.0],"scale":[0.0,0.0,0.0]},"thirdperson_righthand":{"rotation":[0.0,0.0,0.0],"translation":[0.0,0.0,0.0],"scale":[0.0,0.0,0.0]},"ground":{"rotation":[90.0,0.0,0.0],"translation":[-0.75,0.0,0.0],"scale":[0.4,0.4,0.4]},"gui":{"rotation":[0.0,-180.0,0.0],"translation":[0.0,0.0,0.0],"scale":[0.333,0.333,0.333]},"fixed":{"rotation":[0.0,0.0,30.0],"translation":[-0.25,0.5,-0.5],"scale":[2.0,2.0,2.0]}},"gui_light":"front"}