{"parent":"item/generated","textures":{"layer0":"item/music_disc_13"},"overrides":[{"predicate":{"custom_model_data":1.0},"model":"raincoat:generated/fb015529dad7aaa092e943a38ea004a5b4980642fc58e184e723543557aab903"},{"predicate":{"custom_model_data":2.0},"model":"raincoat:generated/493fb592d93e9af67ea7d6d94e33645a14eafc20dbb5988ac30e0418df90a25b"},{"predicate":{"custom_model_data":3.0},"model":"raincoat:generated/210330bd89a0f6984dfe52c14ee723f8b84d70d1c4592d8a18617300bde2dbd8"},{"predicate":{"custom_model_data":4.0},"model":"raincoat:generated/b1ae2520c267d978492ac1f55574fa99c5db4a29e95edeb2893b397110bf35cd"},{"predicate":{"custom_model_data":5.0},"model":"raincoat:generated/4ad1740507d04779136b8690202c6c3cfd11b86dbbeb26b90cdea63adfd28286"},{"predicate":{"custom_model_data":6.0},"model":"raincoat:generated/3e8be6400869bb7279feef0f9ff0847de39b3068b3ae51cdc4ac807951730712"},{"predicate":{"custom_model_data":7.0},"model":"raincoat:generated/9e6d1788e4e12f35dff55c6b15e18b177cb33f8ef5eec95e567fb654a7b6a1c4"},{"predicate":{"custom_model_data":8.0},"model":"raincoat:generated/c8b0c66af6fce05ae696f48128595d90cf7ef78a248f8cedebce45eab4a2e1e2"}]}