{"parent":"item/generated","textures":{"layer0":"item/music_disc_13"},"overrides":[{"predicate":{"custom_model_data":1.0},"model":"raincoat:generated/b19e0a26f6a171fd0cb34514abae7e9a1951cca914fa91f8c2855b6e9256a10d"},{"predicate":{"custom_model_data":2.0},"model":"raincoat:generated/3aef2b29e05b110fb5797dec3c87e793fd786cfea02e95aa5a4c765903c3add5"},{"predicate":{"custom_model_data":3.0},"model":"raincoat:generated/c815bac7803d50a928a5cfb1e1d524ce42361c430a0c8479dcc5013396508e77"},{"predicate":{"custom_model_data":4.0},"model":"raincoat:generated/8575a446846b712b246da94475fd10f88353cd4b12e3d01aee9d1d08cf07e13d"},{"predicate":{"custom_model_data":5.0},"model":"raincoat:generated/45fb5f6d86acfda37661903c60cf5013fe7012a9b221cef83141a96b44a1ed2e"},{"predicate":{"custom_model_data":6.0},"model":"raincoat:generated/01116457327403c4cfc177a6bcf14d20c6873373a4ff315ba5e21b57458b990d"},{"predicate":{"custom_model_data":7.0},"model":"raincoat:generated/9e6d1788e4e12f35dff55c6b15e18b177cb33f8ef5eec95e567fb654a7b6a1c4"},{"predicate":{"custom_model_data":8.0},"model":"raincoat:generated/ec7baef69fbc633620b47a6abc3947206712535c0481c5b845c8f53bb5dcb0fc"}]}