{"parent":"raincoat:generated/8a1715cdb0f530f35c1a67b951a7049230170a2f","display":{"thirdperson_lefthand":{"scale":[0.0,0.0,0.0]},"thirdperson_righthand":{"scale":[0.0,0.0,0.0]},"firstperson_lefthand":{"scale":[0.0,0.0,0.0]},"firstperson_righthand":{"rotation":[0.0,66.0,0.0],"translation":[-17.0,15.85,-5.25],"scale":[2.0,2.0,2.0]},"head":{"rotation":[0.0,-90.0,-90.0],"translation":[-1.25,-42.0,4.5],"scale":[1.8,1.8,1.8]},"gui":{"rotation":[0.0,-180.0,0.0],"scale":[0.33333334,0.33333334,0.33333334]},"ground":{"rotation":[0.0,0.0,90.0],"translation":[-2.75,0.0,-3.5],"scale":[0.8,0.8,0.8]}}}