{"parent":"item/generated","textures":{"layer0":"item/music_disc_13"},"overrides":[{"predicate":{"custom_model_data":1},"model":"generated/6faa4731ffe9d1871e90b3e7d862ad1db8c6725c9a5d5e2fd0a86ff0226e9271"},{"predicate":{"custom_model_data":2},"model":"generated/94f1089b30096f829b49874d4ab0f181e50b1f43775f75aea50f09bb76479afb"},{"predicate":{"custom_model_data":3},"model":"generated/68bf9028b0cd41c83c4e6b2c29157c88e250f1f5c97ff1a63274b02aa34f1274"},{"predicate":{"custom_model_data":4},"model":"generated/6010597ac36cab5c6a0627b61d417b61b3b937b979961035b6eee1e8db63e64f"},{"predicate":{"custom_model_data":5},"model":"generated/04b773df09b5c441afd3982fdb81bbd569a75c4a29153a1c6bc7f8d73618e91d"},{"predicate":{"custom_model_data":6},"model":"generated/14ebf29da82d91361ef8eee352c0209c870f780d89b0fdac5172b88bc5d77311"},{"predicate":{"custom_model_data":7},"model":"generated/6f41929a9bce9a88c81a6fa51a6f32a438dad3de2bb621cc61c417afd8208a35"},{"predicate":{"custom_model_data":8},"model":"generated/73a9341621d9d2a388a1f1c717a8ad41e7625cb7be741ccf8b9a912f67056723"}]}