{"providers":[{"type":"bitmap","file":"rainboots/log/colt_python.png","ascent":7,"height":7,"chars":["ခ"]},{"type":"bitmap","file":"rainboots/log/m1911.png","ascent":7,"height":7,"chars":["ဂ"]},{"type":"bitmap","file":"rainboots/log/px4.png","ascent":7,"height":7,"chars":["ဃ"]},{"type":"bitmap","file":"rainboots/log/aa12.png","ascent":7,"height":7,"chars":["င"]},{"type":"bitmap","file":"rainboots/log/m1897.png","ascent":7,"height":7,"chars":["စ"]},{"type":"bitmap","file":"rainboots/log/mpx.png","ascent":7,"height":7,"chars":["ဆ"]},{"type":"bitmap","file":"rainboots/log/ump45.png","ascent":7,"height":7,"chars":["ဇ"]},{"type":"bitmap","file":"rainboots/log/ak12.png","ascent":7,"height":7,"chars":["ဈ"]},{"type":"bitmap","file":"rainboots/log/m16a1.png","ascent":7,"height":7,"chars":["ဉ"]},{"type":"bitmap","file":"rainboots/log/kar98k.png","ascent":7,"height":7,"chars":["ည"]},{"type":"bitmap","file":"rainboots/log/glock19.png","ascent":7,"height":7,"chars":["ဋ"]},{"type":"bitmap","file":"rainboots/log/scorpion.png","ascent":7,"height":7,"chars":["ဌ"]},{"type":"bitmap","file":"rainboots/log/bizon.png","ascent":7,"height":7,"chars":["ဍ"]},{"type":"bitmap","file":"rainboots/log/vector.png","ascent":7,"height":7,"chars":["ဎ"]},{"type":"bitmap","file":"rainboots/log/fal.png","ascent":7,"height":7,"chars":["ဏ"]},{"type":"bitmap","file":"rainboots/log/hk416.png","ascent":7,"height":7,"chars":["တ"]},{"type":"bitmap","file":"rainboots/log/ak47.png","ascent":7,"height":7,"chars":["ထ"]},{"type":"bitmap","file":"rainboots/log/xcr.png","ascent":7,"height":7,"chars":["ဒ"]},{"type":"bitmap","file":"rainboots/log/dsr.png","ascent":7,"height":7,"chars":["ဓ"]},{"type":"bitmap","file":"rainboots/log/frag_grenade.png","ascent":8,"height":9,"chars":[" "]},{"type":"bitmap","file":"rainboots/log/fall.png","ascent":8,"height":9,"chars":["　"]},{"type":"bitmap","file":"rainboots/log/knife.png","ascent":5,"height":8,"chars":["、"]}]}