{"parent":"item/generated","textures":{"layer0":"item/music_disc_13"},"overrides":[{"predicate":{"custom_model_data":1.0},"model":"raincoat:generated/a5795971e48d3cf30ccbd7ecb6dd471b72c277f4f7e5f68806e37b69257603b2"},{"predicate":{"custom_model_data":2.0},"model":"raincoat:generated/493fb592d93e9af67ea7d6d94e33645a14eafc20dbb5988ac30e0418df90a25b"},{"predicate":{"custom_model_data":3.0},"model":"raincoat:generated/d4048bc58813e88caf9bdafa6a32651e58b914472e9f81a273ecae5e2874023b"},{"predicate":{"custom_model_data":4.0},"model":"raincoat:generated/ecc6c2703c71ac787d00944e3c8ab444efb858eaa079fa7b7aceacd3ea6fd249"},{"predicate":{"custom_model_data":5.0},"model":"raincoat:generated/4a2349764756bfcccc2083a0e8ba55a2688f8fa9c21dec258650c36efcf196b7"},{"predicate":{"custom_model_data":6.0},"model":"raincoat:generated/a8e5b860053d4e1016a1f5b388af28a34b6b24d1b2ec09f1674afc1904fa23ed"},{"predicate":{"custom_model_data":7.0},"model":"raincoat:generated/39f011fd784aefc648aa00d64d2bf607f418839b61c731ba1d07088d88925b57"},{"predicate":{"custom_model_data":8.0},"model":"raincoat:generated/38cab8139078a3b4ae9cb108a742996520a0f7c8b89d57db05c6e37c2a8373c2"}]}