{"elements":[{"from":[7.93044,6.0,-3.25],"to":[8.06956,6.14,-3.1],"faces":{"north":{"texture":"#o4","uv":[0.5,2.0,1.0,2.5]},"east":{"texture":"#o4","uv":[0.5,2.0,1.0,2.5]},"south":{"texture":"#o4","uv":[0.5,2.0,1.0,2.5]},"west":{"texture":"#o4","uv":[0.5,2.0,1.0,2.5]},"up":{"texture":"#o4","uv":[0.5,2.0,1.0,2.5]},"down":{"texture":"#o4","uv":[0.5,2.0,1.0,2.5]}},"rotation":{"angle":0.0,"axis":"z","origin":[8.0,5.6,-3.0]}},{"from":[7.80054,4.95,-3.2],"to":[8.19946,5.3,0.2],"faces":{"north":{"texture":"#o4","uv":[0.5,1.0,1.0,1.5]},"east":{"texture":"#o4","uv":[0.5,1.0,1.0,1.5]},"south":{"texture":"#o4","uv":[0.5,1.0,1.0,1.5]},"west":{"texture":"#o4","uv":[0.5,1.0,1.0,1.5]},"up":{"texture":"#o4","uv":[0.5,1.0,1.0,1.5]},"down":{"texture":"#o4","uv":[0.5,1.0,1.0,1.5]}},"rotation":{"angle":0.0,"axis":"z","origin":[8.0,5.6,-0.4]}},{"from":[7.80054,4.7,-3.5],"to":[8.19946,4.95,-3.0],"faces":{"north":{"texture":"#o4","uv":[0.5,1.0,1.0,1.5]},"east":{"texture":"#o4","uv":[0.5,1.0,1.0,1.5]},"south":{"texture":"#o4","uv":[0.5,1.0,1.0,1.5]},"west":{"texture":"#o4","uv":[0.5,1.0,1.0,1.5]},"up":{"texture":"#o4","uv":[0.5,1.0,1.0,1.5]},"down":{"texture":"#o4","uv":[0.5,1.0,1.0,1.5]}},"rotation":{"angle":0.0,"axis":"z","origin":[8.0,5.25,-0.4]}},{"from":[7.80054,4.84017,-3.16161],"to":[8.19946,5.09017,-2.76161],"faces":{"north":{"texture":"#o4","uv":[0.5,1.0,1.0,1.5]},"east":{"texture":"#o4","uv":[0.5,1.0,1.0,1.5]},"south":{"texture":"#o4","uv":[0.5,1.0,1.0,1.5]},"west":{"texture":"#o4","uv":[0.5,1.0,1.0,1.5]},"up":{"texture":"#o4","uv":[0.5,1.0,1.0,1.5]},"down":{"texture":"#o4","uv":[0.5,1.0,1.0,1.5]}},"rotation":{"angle":-45.0,"axis":"x","origin":[8.0,4.96517,-2.91161]}},{"from":[7.90054,4.1,-0.3],"to":[8.09946,4.97,0.2],"faces":{"north":{"texture":"#o4","uv":[0.5,1.0,1.0,1.5]},"east":{"texture":"#o4","uv":[0.5,1.0,1.0,1.5]},"south":{"texture":"#o4","uv":[0.5,1.0,1.0,1.5]},"west":{"texture":"#o4","uv":[0.5,1.0,1.0,1.5]},"up":{"texture":"#o4","uv":[0.5,1.0,1.0,1.5]},"down":{"texture":"#o4","uv":[0.5,1.0,1.0,1.5]}},"rotation":{"angle":0.0,"axis":"z","origin":[8.0,5.65,-0.4]}},{"from":[7.90054,5.72,16.4],"to":[8.09946,6.12,16.9],"faces":{"north":{"texture":"#o4","uv":[0.5,1.0,1.0,1.5]},"east":{"texture":"#o4","uv":[0.5,1.0,1.0,1.5]},"south":{"texture":"#o4","uv":[0.5,1.0,1.0,1.5]},"west":{"texture":"#o4","uv":[0.5,1.0,1.0,1.5]},"up":{"texture":"#o4","uv":[0.5,1.0,1.0,1.5]},"down":{"texture":"#o4","uv":[0.5,1.0,1.0,1.5]}},"rotation":{"angle":-45.0,"axis":"z","origin":[8.0,5.62,13.8]}},{"from":[7.90054,5.72,16.4],"to":[8.09946,6.12,16.9],"faces":{"north":{"texture":"#o4","uv":[0.5,1.0,1.0,1.5]},"east":{"texture":"#o4","uv":[0.5,1.0,1.0,1.5]},"south":{"texture":"#o4","uv":[0.5,1.0,1.0,1.5]},"west":{"texture":"#o4","uv":[0.5,1.0,1.0,1.5]},"up":{"texture":"#o4","uv":[0.5,1.0,1.0,1.5]},"down":{"texture":"#o4","uv":[0.5,1.0,1.0,1.5]}},"rotation":{"angle":-22.5,"axis":"z","origin":[8.0,5.62,13.8]}},{"from":[7.90054,5.72,16.4],"to":[8.09946,6.12,16.9],"faces":{"north":{"texture":"#o4","uv":[0.5,1.0,1.0,1.5]},"east":{"texture":"#o4","uv":[0.5,1.0,1.0,1.5]},"south":{"texture":"#o4","uv":[0.5,1.0,1.0,1.5]},"west":{"texture":"#o4","uv":[0.5,1.0,1.0,1.5]},"up":{"texture":"#o4","uv":[0.5,1.0,1.0,1.5]},"down":{"texture":"#o4","uv":[0.5,1.0,1.0,1.5]}},"rotation":{"angle":0.0,"axis":"z","origin":[8.0,5.62,13.8]}},{"from":[7.70054,4.12,16.9],"to":[8.29946,5.56693,17.36955],"faces":{"north":{"texture":"#o4","uv":[0.5,1.0,1.0,1.5]},"east":{"texture":"#o4","uv":[0.5,1.0,1.0,1.5]},"south":{"texture":"#o4","uv":[0.5,1.0,1.0,1.5]},"west":{"texture":"#o4","uv":[0.5,1.0,1.0,1.5]},"up":{"texture":"#o4","uv":[0.5,1.0,1.0,1.5]},"down":{"texture":"#o4","uv":[0.5,1.0,1.0,1.5]}},"rotation":{"angle":0.0,"axis":"z","origin":[8.0,5.62,14.3]}},{"from":[7.70054,5.74727,18.20564],"to":[8.29946,6.04727,19.06564],"faces":{"north":{"texture":"#o4","uv":[0.5,1.0,1.0,1.5]},"east":{"texture":"#o4","uv":[0.5,1.0,1.0,1.5]},"south":{"texture":"#o4","uv":[0.5,1.0,1.0,1.5]},"west":{"texture":"#o4","uv":[0.5,1.0,1.0,1.5]},"up":{"texture":"#o4","uv":[0.5,1.0,1.0,1.5]},"down":{"texture":"#o4","uv":[0.5,1.0,1.0,1.5]}},"rotation":{"angle":22.5,"axis":"x","origin":[8.0,5.99727,17.16564]}},{"from":[7.70054,4.65917,19.07904],"to":[8.29946,5.20917,19.75904],"faces":{"north":{"texture":"#o4","uv":[0.5,3.0,1.0,3.5]},"east":{"texture":"#o4","uv":[0.5,3.0,1.0,3.5]},"south":{"texture":"#o4","uv":[0.5,3.0,1.0,3.5]},"west":{"texture":"#o4","uv":[0.5,3.0,1.0,3.5]},"up":{"texture":"#o4","uv":[0.5,3.0,1.0,3.5]},"down":{"texture":"#o4","uv":[0.5,3.0,1.0,3.5]}},"rotation":{"angle":0.0,"axis":"x","origin":[8.0,5.15917,19.37904]}},{"from":[7.70054,4.25323,20.59846],"to":[8.29946,4.85323,21.67846],"faces":{"north":{"texture":"#o4","uv":[0.5,3.0,1.0,3.5]},"east":{"texture":"#o4","uv":[0.5,3.0,1.0,3.5]},"south":{"texture":"#o4","uv":[0.5,3.0,1.0,3.5]},"west":{"texture":"#o4","uv":[0.5,3.0,1.0,3.5]},"up":{"texture":"#o4","uv":[0.5,3.0,1.0,3.5]},"down":{"texture":"#o4","uv":[0.5,3.0,1.0,3.5]}},"rotation":{"angle":0.0,"axis":"x","origin":[8.0,4.80323,21.07846]}},{"from":[7.70054,4.478,21.50252],"to":[8.29946,5.178,22.18252],"faces":{"north":{"texture":"#o4","uv":[0.5,3.0,1.0,3.5]},"east":{"texture":"#o4","uv":[0.5,3.0,1.0,3.5]},"south":{"texture":"#o4","uv":[0.5,3.0,1.0,3.5]},"west":{"texture":"#o4","uv":[0.5,3.0,1.0,3.5]},"up":{"texture":"#o4","uv":[0.5,3.0,1.0,3.5]},"down":{"texture":"#o4","uv":[0.5,3.0,1.0,3.5]}},"rotation":{"angle":-45.0,"axis":"x","origin":[8.0,5.128,21.98252]}},{"from":[7.70054,2.76512,22.08859],"to":[8.29946,5.30478,24.76858],"faces":{"north":{"texture":"#o4","uv":[0.5,3.0,1.0,3.5]},"east":{"texture":"#o4","uv":[0.5,3.0,1.0,3.5]},"south":{"texture":"#o4","uv":[0.5,3.0,1.0,3.5]},"west":{"texture":"#o4","uv":[0.5,3.0,1.0,3.5]},"up":{"texture":"#o4","uv":[0.5,3.0,1.0,3.5]},"down":{"texture":"#o4","uv":[0.5,3.0,1.0,3.5]}},"rotation":{"angle":0.0,"axis":"x","origin":[8.0,5.25478,22.56858]}},{"from":[7.70054,2.3049,24.71291],"to":[8.29946,5.1249,27.89291],"faces":{"north":{"texture":"#o4","uv":[0.5,3.0,1.0,3.5]},"east":{"texture":"#o4","uv":[0.5,3.0,1.0,3.5]},"south":{"texture":"#o4","uv":[0.5,3.0,1.0,3.5]},"west":{"texture":"#o4","uv":[0.5,3.0,1.0,3.5]},"up":{"texture":"#o4","uv":[0.5,3.0,1.0,3.5]},"down":{"texture":"#o4","uv":[0.5,3.0,1.0,3.5]}},"rotation":{"angle":22.5,"axis":"x","origin":[8.0,5.0749,25.19291]}},{"from":[7.70054,1.35748,28.26004],"to":[8.29946,4.75748,30.48004],"faces":{"north":{"texture":"#o4","uv":[0.5,3.0,1.0,3.5]},"east":{"texture":"#o4","uv":[0.5,3.0,1.0,3.5]},"south":{"texture":"#o4","uv":[0.5,3.0,1.0,3.5]},"west":{"texture":"#o4","uv":[0.5,3.0,1.0,3.5]},"up":{"texture":"#o4","uv":[0.5,3.0,1.0,3.5]},"down":{"texture":"#o4","uv":[0.5,3.0,1.0,3.5]}},"rotation":{"angle":22.5,"axis":"x","origin":[8.0,4.70748,28.74004]}},{"from":[7.70054,0.45748,27.46004],"to":[8.29946,0.55748,30.44004],"faces":{"north":{"texture":"#o4","uv":[0.5,3.0,1.0,3.5]},"east":{"texture":"#o4","uv":[0.5,3.0,1.0,3.5]},"south":{"texture":"#o4","uv":[0.5,3.0,1.0,3.5]},"west":{"texture":"#o4","uv":[0.5,3.0,1.0,3.5]},"up":{"texture":"#o4","uv":[0.5,3.0,1.0,3.5]},"down":{"texture":"#o4","uv":[0.5,3.0,1.0,3.5]}},"rotation":{"angle":22.5,"axis":"x","origin":[8.0,0.50748,29.94004]}},{"from":[7.70054,0.55748,27.36004],"to":[8.29946,0.72748,30.41004],"faces":{"north":{"texture":"#o4","uv":[0.5,3.0,1.0,3.5]},"east":{"texture":"#o4","uv":[0.5,3.0,1.0,3.5]},"south":{"texture":"#o4","uv":[0.5,3.0,1.0,3.5]},"west":{"texture":"#o4","uv":[0.5,3.0,1.0,3.5]},"up":{"texture":"#o4","uv":[0.5,3.0,1.0,3.5]},"down":{"texture":"#o4","uv":[0.5,3.0,1.0,3.5]}},"rotation":{"angle":22.5,"axis":"x","origin":[8.0,0.50748,29.94004]}},{"from":[7.70054,0.72748,27.46004],"to":[8.29946,0.92748,30.33004],"faces":{"north":{"texture":"#o4","uv":[0.5,3.0,1.0,3.5]},"east":{"texture":"#o4","uv":[0.5,3.0,1.0,3.5]},"south":{"texture":"#o4","uv":[0.5,3.0,1.0,3.5]},"west":{"texture":"#o4","uv":[0.5,3.0,1.0,3.5]},"up":{"texture":"#o4","uv":[0.5,3.0,1.0,3.5]},"down":{"texture":"#o4","uv":[0.5,3.0,1.0,3.5]}},"rotation":{"angle":22.5,"axis":"x","origin":[8.0,0.50748,29.94004]}},{"from":[7.70054,1.59026,23.06515],"to":[8.29946,1.88026,26.64515],"faces":{"north":{"texture":"#o4","uv":[0.5,3.0,1.0,3.5]},"east":{"texture":"#o4","uv":[0.5,3.0,1.0,3.5]},"south":{"texture":"#o4","uv":[0.5,3.0,1.0,3.5]},"west":{"texture":"#o4","uv":[0.5,3.0,1.0,3.5]},"up":{"texture":"#o4","uv":[0.5,3.0,1.0,3.5]},"down":{"texture":"#o4","uv":[0.5,3.0,1.0,3.5]}},"rotation":{"angle":22.5,"axis":"x","origin":[8.0,1.64026,26.14515]}},{"from":[7.70054,2.29463,20.85341],"to":[8.29946,4.37463,22.55341],"faces":{"north":{"texture":"#o4","uv":[0.5,3.0,1.0,3.5]},"east":{"texture":"#o4","uv":[0.5,3.0,1.0,3.5]},"south":{"texture":"#o4","uv":[0.5,3.0,1.0,3.5]},"west":{"texture":"#o4","uv":[0.5,3.0,1.0,3.5]},"up":{"texture":"#o4","uv":[0.5,3.0,1.0,3.5]},"down":{"texture":"#o4","uv":[0.5,3.0,1.0,3.5]}},"rotation":{"angle":-22.5,"axis":"x","origin":[8.0,2.89463,20.90341]}},{"from":[7.70054,3.63436,19.18521],"to":[8.29946,5.04438,20.98637],"faces":{"north":{"texture":"#o4","uv":[0.5,3.0,1.0,3.5]},"east":{"texture":"#o4","uv":[0.5,3.0,1.0,3.5]},"south":{"texture":"#o4","uv":[0.5,3.0,1.0,3.5]},"west":{"texture":"#o4","uv":[0.5,3.0,1.0,3.5]},"up":{"texture":"#o4","uv":[0.5,3.0,1.0,3.5]},"down":{"texture":"#o4","uv":[0.5,3.0,1.0,3.5]}},"rotation":{"angle":22.5,"axis":"x","origin":[8.0,3.68436,19.88637]}},{"from":[7.70054,3.77598,18.81443],"to":[8.29946,4.97598,19.55443],"faces":{"north":{"texture":"#o4","uv":[0.5,3.0,1.0,3.5]},"east":{"texture":"#o4","uv":[0.5,3.0,1.0,3.5]},"south":{"texture":"#o4","uv":[0.5,3.0,1.0,3.5]},"west":{"texture":"#o4","uv":[0.5,3.0,1.0,3.5]},"up":{"texture":"#o4","uv":[0.5,3.0,1.0,3.5]},"down":{"texture":"#o4","uv":[0.5,3.0,1.0,3.5]}},"rotation":{"angle":0.0,"axis":"x","origin":[8.0,3.82598,19.05443]}},{"from":[7.80054,3.76891,18.80736],"to":[8.19946,3.77598,19.02443],"faces":{"north":{"texture":"#o4","uv":[0.5,1.0,1.0,1.5]},"east":{"texture":"#o4","uv":[0.5,1.0,1.0,1.5]},"south":{"texture":"#o4","uv":[0.5,1.0,1.0,1.5]},"west":{"texture":"#o4","uv":[0.5,1.0,1.0,1.5]},"up":{"texture":"#o4","uv":[0.5,1.0,1.0,1.5]},"down":{"texture":"#o4","uv":[0.5,1.0,1.0,1.5]}},"rotation":{"angle":0.0,"axis":"x","origin":[8.0,3.72598,19.02443]}},{"from":[7.80054,3.37598,18.84443],"to":[8.19946,3.77598,18.92443],"faces":{"north":{"texture":"#o4","uv":[0.5,1.0,1.0,1.5]},"east":{"texture":"#o4","uv":[0.5,1.0,1.0,1.5]},"south":{"texture":"#o4","uv":[0.5,1.0,1.0,1.5]},"west":{"texture":"#o4","uv":[0.5,1.0,1.0,1.5]},"up":{"texture":"#o4","uv":[0.5,1.0,1.0,1.5]},"down":{"texture":"#o4","uv":[0.5,1.0,1.0,1.5]}},"rotation":{"angle":0.0,"axis":"x","origin":[8.0,3.72598,19.02443]}},{"from":[7.80054,2.88991,18.77979],"to":[8.19946,3.31991,18.85979],"faces":{"north":{"texture":"#o4","uv":[0.5,1.0,1.0,1.5]},"east":{"texture":"#o4","uv":[0.5,1.0,1.0,1.5]},"south":{"texture":"#o4","uv":[0.5,1.0,1.0,1.5]},"west":{"texture":"#o4","uv":[0.5,1.0,1.0,1.5]},"up":{"texture":"#o4","uv":[0.5,1.0,1.0,1.5]},"down":{"texture":"#o4","uv":[0.5,1.0,1.0,1.5]}},"rotation":{"angle":45.0,"axis":"x","origin":[8.0,3.26991,18.95979]}},{"from":[7.80054,3.07192,17.99038],"to":[8.19946,3.15192,18.62038],"faces":{"north":{"texture":"#o4","uv":[0.5,1.0,1.0,1.5]},"east":{"texture":"#o4","uv":[0.5,1.0,1.0,1.5]},"south":{"texture":"#o4","uv":[0.5,1.0,1.0,1.5]},"west":{"texture":"#o4","uv":[0.5,1.0,1.0,1.5]},"up":{"texture":"#o4","uv":[0.5,1.0,1.0,1.5]},"down":{"texture":"#o4","uv":[0.5,1.0,1.0,1.5]}},"rotation":{"angle":0.0,"axis":"x","origin":[8.0,2.97192,18.57038]}},{"from":[7.90054,3.77192,18.08038],"to":[8.09946,3.85192,18.57038],"faces":{"north":{"texture":"#o4","uv":[0.5,1.0,1.0,1.5]},"east":{"texture":"#o4","uv":[0.5,1.0,1.0,1.5]},"south":{"texture":"#o4","uv":[0.5,1.0,1.0,1.5]},"west":{"texture":"#o4","uv":[0.5,1.0,1.0,1.5]},"up":{"texture":"#o4","uv":[0.5,1.0,1.0,1.5]},"down":{"texture":"#o4","uv":[0.5,1.0,1.0,1.5]}},"rotation":{"angle":45.0,"axis":"x","origin":[8.0,3.81192,18.39538]}},{"from":[7.90054,3.30646,18.46741],"to":[8.09946,3.71646,18.54741],"faces":{"north":{"texture":"#o4","uv":[0.5,1.0,1.0,1.5]},"east":{"texture":"#o4","uv":[0.5,1.0,1.0,1.5]},"south":{"texture":"#o4","uv":[0.5,1.0,1.0,1.5]},"west":{"texture":"#o4","uv":[0.5,1.0,1.0,1.5]},"up":{"texture":"#o4","uv":[0.5,1.0,1.0,1.5]},"down":{"texture":"#o4","uv":[0.5,1.0,1.0,1.5]}},"rotation":{"angle":0.0,"axis":"x","origin":[8.0,3.22146,18.50741]}},{"from":[7.80054,3.09867,17.51591],"to":[8.19946,3.17867,17.95591],"faces":{"north":{"texture":"#o4","uv":[0.5,1.0,1.0,1.5]},"east":{"texture":"#o4","uv":[0.5,1.0,1.0,1.5]},"south":{"texture":"#o4","uv":[0.5,1.0,1.0,1.5]},"west":{"texture":"#o4","uv":[0.5,1.0,1.0,1.5]},"up":{"texture":"#o4","uv":[0.5,1.0,1.0,1.5]},"down":{"texture":"#o4","uv":[0.5,1.0,1.0,1.5]}},"rotation":{"angle":22.5,"axis":"x","origin":[8.0,2.99867,17.90591]}},{"from":[7.80054,3.52671,17.46523],"to":[8.19946,3.96671,17.54523],"faces":{"north":{"texture":"#o4","uv":[0.5,1.0,1.0,1.5]},"east":{"texture":"#o4","uv":[0.5,1.0,1.0,1.5]},"south":{"texture":"#o4","uv":[0.5,1.0,1.0,1.5]},"west":{"texture":"#o4","uv":[0.5,1.0,1.0,1.5]},"up":{"texture":"#o4","uv":[0.5,1.0,1.0,1.5]},"down":{"texture":"#o4","uv":[0.5,1.0,1.0,1.5]}},"rotation":{"angle":0.0,"axis":"x","origin":[8.0,3.57671,17.36523]}},{"from":[7.80054,3.20736,17.61827],"to":[8.19946,3.51736,17.69827],"faces":{"north":{"texture":"#o4","uv":[0.5,1.0,1.0,1.5]},"east":{"texture":"#o4","uv":[0.5,1.0,1.0,1.5]},"south":{"texture":"#o4","uv":[0.5,1.0,1.0,1.5]},"west":{"texture":"#o4","uv":[0.5,1.0,1.0,1.5]},"up":{"texture":"#o4","uv":[0.5,1.0,1.0,1.5]},"down":{"texture":"#o4","uv":[0.5,1.0,1.0,1.5]}},"rotation":{"angle":-22.5,"axis":"x","origin":[8.0,3.13736,17.51827]}},{"from":[7.70054,3.6766,18.47452],"to":[8.29946,3.9366,18.77452],"faces":{"north":{"texture":"#o4","uv":[0.5,3.0,1.0,3.5]},"east":{"texture":"#o4","uv":[0.5,3.0,1.0,3.5]},"south":{"texture":"#o4","uv":[0.5,3.0,1.0,3.5]},"west":{"texture":"#o4","uv":[0.5,3.0,1.0,3.5]},"up":{"texture":"#o4","uv":[0.5,3.0,1.0,3.5]},"down":{"texture":"#o4","uv":[0.5,3.0,1.0,3.5]}},"rotation":{"angle":-45.0,"axis":"x","origin":[8.0,4.1366,18.52452]}},{"from":[7.80054,3.6766,18.46452],"to":[8.19946,4.0366,18.76452],"faces":{"north":{"texture":"#o4","uv":[0.5,1.0,1.0,1.5]},"east":{"texture":"#o4","uv":[0.5,1.0,1.0,1.5]},"south":{"texture":"#o4","uv":[0.5,1.0,1.0,1.5]},"west":{"texture":"#o4","uv":[0.5,1.0,1.0,1.5]},"up":{"texture":"#o4","uv":[0.5,1.0,1.0,1.5]},"down":{"texture":"#o4","uv":[0.5,1.0,1.0,1.5]}},"rotation":{"angle":-45.0,"axis":"x","origin":[8.0,4.1366,18.52452]}},{"from":[7.70054,3.95983,18.63058],"to":[8.29946,4.57983,18.93058],"faces":{"north":{"texture":"#o4","uv":[0.5,3.0,1.0,3.5]},"east":{"texture":"#o4","uv":[0.5,3.0,1.0,3.5]},"south":{"texture":"#o4","uv":[0.5,3.0,1.0,3.5]},"west":{"texture":"#o4","uv":[0.5,3.0,1.0,3.5]},"up":{"texture":"#o4","uv":[0.5,3.0,1.0,3.5]},"down":{"texture":"#o4","uv":[0.5,3.0,1.0,3.5]}},"rotation":{"angle":0.0,"axis":"x","origin":[8.0,4.41983,18.68058]}},{"from":[7.70054,4.52568,18.80281],"to":[8.29946,5.32461,19.10695],"faces":{"north":{"texture":"#o4","uv":[0.5,3.0,1.0,3.5]},"east":{"texture":"#o4","uv":[0.5,3.0,1.0,3.5]},"south":{"texture":"#o4","uv":[0.5,3.0,1.0,3.5]},"west":{"texture":"#o4","uv":[0.5,3.0,1.0,3.5]},"up":{"texture":"#o4","uv":[0.5,3.0,1.0,3.5]},"down":{"texture":"#o4","uv":[0.5,3.0,1.0,3.5]}},"rotation":{"angle":22.5,"axis":"x","origin":[8.0,4.98568,18.85281]}},{"from":[7.70054,3.95882,17.45301],"to":[8.29946,5.15882,18.63301],"faces":{"north":{"texture":"#o4","uv":[0.5,1.0,1.0,1.5]},"east":{"texture":"#o4","uv":[0.5,1.0,1.0,1.5]},"south":{"texture":"#o4","uv":[0.5,1.0,1.0,1.5]},"west":{"texture":"#o4","uv":[0.5,1.0,1.0,1.5]},"up":{"texture":"#o4","uv":[0.5,1.0,1.0,1.5]},"down":{"texture":"#o4","uv":[0.5,1.0,1.0,1.5]}},"rotation":{"angle":0.0,"axis":"x","origin":[8.0,4.00882,18.13301]}},{"from":[7.70054,4.4155,17.38395],"to":[8.29946,5.0355,18.94395],"faces":{"north":{"texture":"#o4","uv":[0.5,1.0,1.0,1.5]},"east":{"texture":"#o4","uv":[0.5,1.0,1.0,1.5]},"south":{"texture":"#o4","uv":[0.5,1.0,1.0,1.5]},"west":{"texture":"#o4","uv":[0.5,1.0,1.0,1.5]},"up":{"texture":"#o4","uv":[0.5,1.0,1.0,1.5]},"down":{"texture":"#o4","uv":[0.5,1.0,1.0,1.5]}},"rotation":{"angle":22.5,"axis":"x","origin":[8.0,5.3355,18.89395]}},{"from":[7.70054,4.14636,16.93021],"to":[8.29946,5.24636,17.51021],"faces":{"north":{"texture":"#o4","uv":[0.5,1.0,1.0,1.5]},"east":{"texture":"#o4","uv":[0.5,1.0,1.0,1.5]},"south":{"texture":"#o4","uv":[0.5,1.0,1.0,1.5]},"west":{"texture":"#o4","uv":[0.5,1.0,1.0,1.5]},"up":{"texture":"#o4","uv":[0.5,1.0,1.0,1.5]},"down":{"texture":"#o4","uv":[0.5,1.0,1.0,1.5]}},"rotation":{"angle":22.5,"axis":"x","origin":[8.0,4.19636,17.01021]}},{"from":[7.70054,1.40273,26.58796],"to":[8.29946,4.84273,28.27796],"faces":{"north":{"texture":"#o4","uv":[0.5,3.0,1.0,3.5]},"east":{"texture":"#o4","uv":[0.5,3.0,1.0,3.5]},"south":{"texture":"#o4","uv":[0.5,3.0,1.0,3.5]},"west":{"texture":"#o4","uv":[0.5,3.0,1.0,3.5]},"up":{"texture":"#o4","uv":[0.5,3.0,1.0,3.5]},"down":{"texture":"#o4","uv":[0.5,3.0,1.0,3.5]}},"rotation":{"angle":0.0,"axis":"x","origin":[8.0,1.45273,27.16796]}},{"from":[7.70054,4.50736,25.63572],"to":[8.29946,4.93736,28.31572],"faces":{"north":{"texture":"#o4","uv":[0.5,3.0,1.0,3.5]},"east":{"texture":"#o4","uv":[0.5,3.0,1.0,3.5]},"south":{"texture":"#o4","uv":[0.5,3.0,1.0,3.5]},"west":{"texture":"#o4","uv":[0.5,3.0,1.0,3.5]},"up":{"texture":"#o4","uv":[0.5,3.0,1.0,3.5]},"down":{"texture":"#o4","uv":[0.5,3.0,1.0,3.5]}},"rotation":{"angle":0.0,"axis":"x","origin":[8.0,4.88736,26.11572]}},{"from":[7.70054,0.76994,29.18285],"to":[8.29946,4.56994,30.38285],"faces":{"north":{"texture":"#o4","uv":[0.5,3.0,1.0,3.5]},"east":{"texture":"#o4","uv":[0.5,3.0,1.0,3.5]},"south":{"texture":"#o4","uv":[0.5,3.0,1.0,3.5]},"west":{"texture":"#o4","uv":[0.5,3.0,1.0,3.5]},"up":{"texture":"#o4","uv":[0.5,3.0,1.0,3.5]},"down":{"texture":"#o4","uv":[0.5,3.0,1.0,3.5]}},"rotation":{"angle":0.0,"axis":"x","origin":[8.0,4.51994,29.66285]}},{"from":[7.68054,0.24994,30.38285],"to":[8.31946,4.58994,30.46285],"faces":{"north":{"texture":"#o4","uv":[0.5,1.0,1.0,1.5]},"east":{"texture":"#o4","uv":[0.5,1.0,1.0,1.5]},"south":{"texture":"#o4","uv":[0.5,1.0,1.0,1.5]},"west":{"texture":"#o4","uv":[0.5,1.0,1.0,1.5]},"up":{"texture":"#o4","uv":[0.5,1.0,1.0,1.5]},"down":{"texture":"#o4","uv":[0.5,1.0,1.0,1.5]}},"rotation":{"angle":0.0,"axis":"x","origin":[8.0,4.41994,29.66285]}},{"from":[7.90054,5.72,16.4],"to":[8.09946,6.12,16.9],"faces":{"north":{"texture":"#o4","uv":[0.5,1.0,1.0,1.5]},"east":{"texture":"#o4","uv":[0.5,1.0,1.0,1.5]},"south":{"texture":"#o4","uv":[0.5,1.0,1.0,1.5]},"west":{"texture":"#o4","uv":[0.5,1.0,1.0,1.5]},"up":{"texture":"#o4","uv":[0.5,1.0,1.0,1.5]},"down":{"texture":"#o4","uv":[0.5,1.0,1.0,1.5]}},"rotation":{"angle":22.5,"axis":"z","origin":[8.0,5.62,13.8]}},{"from":[7.90054,5.72,16.4],"to":[8.09946,6.12,16.9],"faces":{"north":{"texture":"#o4","uv":[0.5,1.0,1.0,1.5]},"east":{"texture":"#o4","uv":[0.5,1.0,1.0,1.5]},"south":{"texture":"#o4","uv":[0.5,1.0,1.0,1.5]},"west":{"texture":"#o4","uv":[0.5,1.0,1.0,1.5]},"up":{"texture":"#o4","uv":[0.5,1.0,1.0,1.5]},"down":{"texture":"#o4","uv":[0.5,1.0,1.0,1.5]}},"rotation":{"angle":45.0,"axis":"z","origin":[8.0,5.62,13.8]}},{"from":[7.5,5.52054,16.4],"to":[7.9,5.71946,16.9],"faces":{"north":{"texture":"#o4","uv":[0.5,1.0,1.0,1.5]},"east":{"texture":"#o4","uv":[0.5,1.0,1.0,1.5]},"south":{"texture":"#o4","uv":[0.5,1.0,1.0,1.5]},"west":{"texture":"#o4","uv":[0.5,1.0,1.0,1.5]},"up":{"texture":"#o4","uv":[0.5,1.0,1.0,1.5]},"down":{"texture":"#o4","uv":[0.5,1.0,1.0,1.5]}},"rotation":{"angle":-22.5,"axis":"z","origin":[8.0,5.62,13.8]}},{"from":[7.5,4.52054,16.4],"to":[8.5,5.71946,16.9],"faces":{"north":{"texture":"#o4","uv":[0.5,1.0,1.0,1.5]},"east":{"texture":"#o4","uv":[0.5,1.0,1.0,1.5]},"south":{"texture":"#o4","uv":[0.5,1.0,1.0,1.5]},"west":{"texture":"#o4","uv":[0.5,1.0,1.0,1.5]},"up":{"texture":"#o4","uv":[0.5,1.0,1.0,1.5]},"down":{"texture":"#o4","uv":[0.5,1.0,1.0,1.5]}},"rotation":{"angle":0.0,"axis":"z","origin":[8.0,5.62,13.8]}},{"from":[7.59239,4.56119,15.7],"to":[8.40761,5.11946,16.4],"faces":{"north":{"texture":"#o4","uv":[0.5,1.0,1.0,1.5]},"east":{"texture":"#o4","uv":[0.5,1.0,1.0,1.5]},"south":{"texture":"#o4","uv":[0.5,1.0,1.0,1.5]},"west":{"texture":"#o4","uv":[0.5,1.0,1.0,1.5]},"up":{"texture":"#o4","uv":[0.5,1.0,1.0,1.5]},"down":{"texture":"#o4","uv":[0.5,1.0,1.0,1.5]}},"rotation":{"angle":0.0,"axis":"z","origin":[8.0,5.62,13.8]}},{"from":[8.4,4.52054,14.0],"to":[8.5,5.31946,16.4],"faces":{"north":{"texture":"#o4","uv":[0.5,1.0,1.0,1.5]},"east":{"texture":"#o4","uv":[0.5,1.0,1.0,1.5]},"south":{"texture":"#o4","uv":[0.5,1.0,1.0,1.5]},"west":{"texture":"#o4","uv":[0.5,1.0,1.0,1.5]},"up":{"texture":"#o4","uv":[0.5,1.0,1.0,1.5]},"down":{"texture":"#o4","uv":[0.5,1.0,1.0,1.5]}},"rotation":{"angle":0.0,"axis":"z","origin":[8.0,5.62,13.8]}},{"from":[8.1,5.52054,16.4],"to":[8.5,5.71946,16.9],"faces":{"north":{"texture":"#o4","uv":[0.5,1.0,1.0,1.5]},"east":{"texture":"#o4","uv":[0.5,1.0,1.0,1.5]},"south":{"texture":"#o4","uv":[0.5,1.0,1.0,1.5]},"west":{"texture":"#o4","uv":[0.5,1.0,1.0,1.5]},"up":{"texture":"#o4","uv":[0.5,1.0,1.0,1.5]},"down":{"texture":"#o4","uv":[0.5,1.0,1.0,1.5]}},"rotation":{"angle":22.5,"axis":"z","origin":[8.0,5.62,13.8]}},{"from":[7.70054,5.32,16.6],"to":[8.29946,5.64547,18.14561],"faces":{"north":{"texture":"#o4","uv":[0.5,1.0,1.0,1.5]},"east":{"texture":"#o4","uv":[0.5,1.0,1.0,1.5]},"south":{"texture":"#o4","uv":[0.5,1.0,1.0,1.5]},"west":{"texture":"#o4","uv":[0.5,1.0,1.0,1.5]},"up":{"texture":"#o4","uv":[0.5,1.0,1.0,1.5]},"down":{"texture":"#o4","uv":[0.5,1.0,1.0,1.5]}},"rotation":{"angle":0.0,"axis":"z","origin":[8.0,5.62,14.3]}},{"from":[7.90054,5.82727,17.49564],"to":[8.09946,5.92727,18.26564],"faces":{"north":{"texture":"#o4","uv":[0.5,1.0,1.0,1.5]},"east":{"texture":"#o4","uv":[0.5,1.0,1.0,1.5]},"south":{"texture":"#o4","uv":[0.5,1.0,1.0,1.5]},"west":{"texture":"#o4","uv":[0.5,1.0,1.0,1.5]},"up":{"texture":"#o4","uv":[0.5,1.0,1.0,1.5]},"down":{"texture":"#o4","uv":[0.5,1.0,1.0,1.5]}},"rotation":{"angle":0.0,"axis":"x","origin":[8.0,5.97727,17.36564]}},{"from":[7.90054,5.47144,17.87675],"to":[8.09946,5.57144,18.07675],"faces":{"north":{"texture":"#o4","uv":[0.5,1.0,1.0,1.5]},"east":{"texture":"#o4","uv":[0.5,1.0,1.0,1.5]},"south":{"texture":"#o4","uv":[0.5,1.0,1.0,1.5]},"west":{"texture":"#o4","uv":[0.5,1.0,1.0,1.5]},"up":{"texture":"#o4","uv":[0.5,1.0,1.0,1.5]},"down":{"texture":"#o4","uv":[0.5,1.0,1.0,1.5]}},"rotation":{"angle":-22.5,"axis":"x","origin":[8.0,5.62144,17.17675]}},{"from":[7.90054,5.75074,17.48087],"to":[8.09946,5.85074,17.88087],"faces":{"north":{"texture":"#o4","uv":[0.5,1.0,1.0,1.5]},"east":{"texture":"#o4","uv":[0.5,1.0,1.0,1.5]},"south":{"texture":"#o4","uv":[0.5,1.0,1.0,1.5]},"west":{"texture":"#o4","uv":[0.5,1.0,1.0,1.5]},"up":{"texture":"#o4","uv":[0.5,1.0,1.0,1.5]},"down":{"texture":"#o4","uv":[0.5,1.0,1.0,1.5]}},"rotation":{"angle":0.0,"axis":"x","origin":[8.0,5.90074,16.98087]}},{"from":[7.90054,5.62,13.3],"to":[8.09946,6.12,14.0],"faces":{"north":{"texture":"#o4","uv":[0.5,1.0,1.0,1.5]},"east":{"texture":"#o4","uv":[0.5,1.0,1.0,1.5]},"south":{"texture":"#o4","uv":[0.5,1.0,1.0,1.5]},"west":{"texture":"#o4","uv":[0.5,1.0,1.0,1.5]},"up":{"texture":"#o4","uv":[0.5,1.0,1.0,1.5]},"down":{"texture":"#o4","uv":[0.5,1.0,1.0,1.5]}},"rotation":{"angle":-45.0,"axis":"z","origin":[8.0,5.62,13.8]}},{"from":[7.89514,5.62,13.3],"to":[8.09946,6.10694,14.0],"faces":{"north":{"texture":"#o4","uv":[0.5,1.0,1.0,1.5]},"south":{"texture":"#o4","uv":[0.5,1.0,1.0,1.5]},"up":{"texture":"#o4","uv":[0.5,0.0,1.0,0.5]},"down":{"texture":"#o4","uv":[0.5,1.0,1.0,1.5]}},"rotation":{"angle":-22.5,"axis":"z","origin":[8.0,5.62,13.8]}},{"from":[7.91054,5.62,13.3],"to":[8.08946,6.11,14.0],"faces":{"north":{"texture":"#o4","uv":[0.5,1.0,1.0,1.5]},"south":{"texture":"#o4","uv":[0.5,1.0,1.0,1.5]},"up":{"texture":"#o4","uv":[0.5,0.0,1.0,0.5]},"down":{"texture":"#o4","uv":[0.5,1.0,1.0,1.5]}},"rotation":{"angle":0.0,"axis":"z","origin":[8.0,5.62,13.8]}},{"from":[7.90054,5.62,13.3],"to":[8.10486,6.10694,14.0],"faces":{"north":{"texture":"#o4","uv":[0.5,1.0,1.0,1.5]},"south":{"texture":"#o4","uv":[0.5,1.0,1.0,1.5]},"up":{"texture":"#o4","uv":[0.5,0.0,1.0,0.5]},"down":{"texture":"#o4","uv":[0.5,1.0,1.0,1.5]}},"rotation":{"angle":22.5,"axis":"z","origin":[8.0,5.62,13.8]}},{"from":[7.90054,5.62,13.3],"to":[8.09946,6.12,14.0],"faces":{"north":{"texture":"#o4","uv":[0.5,1.0,1.0,1.5]},"east":{"texture":"#o4","uv":[0.5,1.0,1.0,1.5]},"south":{"texture":"#o4","uv":[0.5,1.0,1.0,1.5]},"west":{"texture":"#o4","uv":[0.5,1.0,1.0,1.5]},"up":{"texture":"#o4","uv":[0.5,1.0,1.0,1.5]},"down":{"texture":"#o4","uv":[0.5,1.0,1.0,1.5]}},"rotation":{"angle":45.0,"axis":"z","origin":[8.0,5.62,13.8]}},{"from":[7.5,5.52054,13.3],"to":[8.0,5.71946,14.0],"faces":{"north":{"texture":"#o4","uv":[0.5,1.0,1.0,1.5]},"east":{"texture":"#o4","uv":[0.5,1.0,1.0,1.5]},"south":{"texture":"#o4","uv":[0.5,1.0,1.0,1.5]},"west":{"texture":"#o4","uv":[0.5,1.0,1.0,1.5]},"up":{"texture":"#o4","uv":[0.5,1.0,1.0,1.5]},"down":{"texture":"#o4","uv":[0.5,1.0,1.0,1.5]}},"rotation":{"angle":-22.5,"axis":"z","origin":[8.0,5.62,13.8]}},{"from":[7.5,4.52054,13.3],"to":[8.5,5.71946,14.0],"faces":{"north":{"texture":"#o4","uv":[0.5,1.0,1.0,1.5]},"east":{"texture":"#o4","uv":[0.5,1.0,1.0,1.5]},"south":{"texture":"#o4","uv":[0.5,1.0,1.0,1.5]},"west":{"texture":"#o4","uv":[0.5,1.0,1.0,1.5]},"up":{"texture":"#o4","uv":[0.5,1.0,1.0,1.5]},"down":{"texture":"#o4","uv":[0.5,1.0,1.0,1.5]}},"rotation":{"angle":0.0,"axis":"z","origin":[8.0,5.62,13.8]}},{"from":[8.0,5.52054,13.3],"to":[8.5,5.71946,14.0],"faces":{"north":{"texture":"#o4","uv":[0.5,1.0,1.0,1.5]},"east":{"texture":"#o4","uv":[0.5,1.0,1.0,1.5]},"south":{"texture":"#o4","uv":[0.5,1.0,1.0,1.5]},"west":{"texture":"#o4","uv":[0.5,1.0,1.0,1.5]},"up":{"texture":"#o4","uv":[0.5,1.0,1.0,1.5]},"down":{"texture":"#o4","uv":[0.5,1.0,1.0,1.5]}},"rotation":{"angle":22.5,"axis":"z","origin":[8.0,5.62,13.8]}},{"from":[7.90054,4.12,13.3],"to":[8.09946,4.52,14.0],"faces":{"north":{"texture":"#o4","uv":[0.5,1.0,1.0,1.5]},"east":{"texture":"#o4","uv":[0.5,1.0,1.0,1.5]},"south":{"texture":"#o4","uv":[0.5,1.0,1.0,1.5]},"west":{"texture":"#o4","uv":[0.5,1.0,1.0,1.5]},"up":{"texture":"#o4","uv":[0.5,1.0,1.0,1.5]},"down":{"texture":"#o4","uv":[0.5,1.0,1.0,1.5]}},"rotation":{"angle":45.0,"axis":"z","origin":[8.0,4.62,13.8]}},{"from":[8.4,4.52054,14.0],"to":[8.5,4.71946,16.4],"faces":{"north":{"texture":"#o4","uv":[0.5,1.0,1.0,1.5]},"east":{"texture":"#o4","uv":[0.5,1.0,1.0,1.5]},"south":{"texture":"#o4","uv":[0.5,1.0,1.0,1.5]},"west":{"texture":"#o4","uv":[0.5,1.0,1.0,1.5]},"up":{"texture":"#o4","uv":[0.5,1.0,1.0,1.5]},"down":{"texture":"#o4","uv":[0.5,1.0,1.0,1.5]}},"rotation":{"angle":-22.5,"axis":"z","origin":[8.0,4.62,13.8]}},{"from":[8.1,4.52054,13.3],"to":[8.5,4.71946,14.0],"faces":{"north":{"texture":"#o4","uv":[0.5,1.0,1.0,1.5]},"east":{"texture":"#o4","uv":[0.5,1.0,1.0,1.5]},"south":{"texture":"#o4","uv":[0.5,1.0,1.0,1.5]},"west":{"texture":"#o4","uv":[0.5,1.0,1.0,1.5]},"up":{"texture":"#o4","uv":[0.5,1.0,1.0,1.5]},"down":{"texture":"#o4","uv":[0.5,1.0,1.0,1.5]}},"rotation":{"angle":-22.5,"axis":"z","origin":[8.0,4.62,13.8]}},{"from":[8.1,4.52054,16.4],"to":[8.5,4.71946,16.9],"faces":{"north":{"texture":"#o4","uv":[0.5,1.0,1.0,1.5]},"east":{"texture":"#o4","uv":[0.5,1.0,1.0,1.5]},"south":{"texture":"#o4","uv":[0.5,1.0,1.0,1.5]},"west":{"texture":"#o4","uv":[0.5,1.0,1.0,1.5]},"up":{"texture":"#o4","uv":[0.5,1.0,1.0,1.5]},"down":{"texture":"#o4","uv":[0.5,1.0,1.0,1.5]}},"rotation":{"angle":-22.5,"axis":"z","origin":[8.0,4.62,13.8]}},{"from":[7.90054,4.12,13.3],"to":[8.09946,4.52,14.0],"faces":{"north":{"texture":"#o4","uv":[0.5,1.0,1.0,1.5]},"east":{"texture":"#o4","uv":[0.5,1.0,1.0,1.5]},"south":{"texture":"#o4","uv":[0.5,1.0,1.0,1.5]},"west":{"texture":"#o4","uv":[0.5,1.0,1.0,1.5]},"up":{"texture":"#o4","uv":[0.5,1.0,1.0,1.5]},"down":{"texture":"#o4","uv":[0.5,1.0,1.0,1.5]}},"rotation":{"angle":22.5,"axis":"z","origin":[8.0,4.62,13.8]}},{"from":[7.90054,4.12,13.3],"to":[8.09946,4.62,14.0],"faces":{"north":{"texture":"#o4","uv":[0.5,1.0,1.0,1.5]},"east":{"texture":"#o4","uv":[0.5,1.0,1.0,1.5]},"south":{"texture":"#o4","uv":[0.5,1.0,1.0,1.5]},"west":{"texture":"#o4","uv":[0.5,1.0,1.0,1.5]},"up":{"texture":"#o4","uv":[0.5,1.0,1.0,1.5]},"down":{"texture":"#o4","uv":[0.5,1.0,1.0,1.5]}},"rotation":{"angle":0.0,"axis":"z","origin":[8.0,4.62,13.8]}},{"from":[7.90054,4.12,13.3],"to":[8.09946,4.52,14.0],"faces":{"north":{"texture":"#o4","uv":[0.5,1.0,1.0,1.5]},"east":{"texture":"#o4","uv":[0.5,1.0,1.0,1.5]},"south":{"texture":"#o4","uv":[0.5,1.0,1.0,1.5]},"west":{"texture":"#o4","uv":[0.5,1.0,1.0,1.5]},"up":{"texture":"#o4","uv":[0.5,1.0,1.0,1.5]},"down":{"texture":"#o4","uv":[0.5,1.0,1.0,1.5]}},"rotation":{"angle":-22.5,"axis":"z","origin":[8.0,4.62,13.8]}},{"from":[7.90054,4.12,13.3],"to":[8.09946,4.52,14.0],"faces":{"north":{"texture":"#o4","uv":[0.5,1.0,1.0,1.5]},"east":{"texture":"#o4","uv":[0.5,1.0,1.0,1.5]},"south":{"texture":"#o4","uv":[0.5,1.0,1.0,1.5]},"west":{"texture":"#o4","uv":[0.5,1.0,1.0,1.5]},"up":{"texture":"#o4","uv":[0.5,1.0,1.0,1.5]},"down":{"texture":"#o4","uv":[0.5,1.0,1.0,1.5]}},"rotation":{"angle":-45.0,"axis":"z","origin":[8.0,4.62,13.8]}},{"from":[7.5,4.52054,14.0],"to":[7.6,4.71946,16.4],"faces":{"north":{"texture":"#o4","uv":[0.5,1.0,1.0,1.5]},"east":{"texture":"#o4","uv":[0.5,1.0,1.0,1.5]},"south":{"texture":"#o4","uv":[0.5,1.0,1.0,1.5]},"west":{"texture":"#o4","uv":[0.5,1.0,1.0,1.5]},"up":{"texture":"#o4","uv":[0.5,1.0,1.0,1.5]},"down":{"texture":"#o4","uv":[0.5,1.0,1.0,1.5]}},"rotation":{"angle":22.5,"axis":"z","origin":[8.0,4.62,13.8]}},{"from":[7.5,4.52054,13.3],"to":[7.9,4.71946,14.0],"faces":{"north":{"texture":"#o4","uv":[0.5,1.0,1.0,1.5]},"east":{"texture":"#o4","uv":[0.5,1.0,1.0,1.5]},"south":{"texture":"#o4","uv":[0.5,1.0,1.0,1.5]},"west":{"texture":"#o4","uv":[0.5,1.0,1.0,1.5]},"up":{"texture":"#o4","uv":[0.5,1.0,1.0,1.5]},"down":{"texture":"#o4","uv":[0.5,1.0,1.0,1.5]}},"rotation":{"angle":22.5,"axis":"z","origin":[8.0,4.62,13.8]}},{"from":[7.5,4.52054,16.4],"to":[7.9,4.71946,16.9],"faces":{"north":{"texture":"#o4","uv":[0.5,1.0,1.0,1.5]},"east":{"texture":"#o4","uv":[0.5,1.0,1.0,1.5]},"south":{"texture":"#o4","uv":[0.5,1.0,1.0,1.5]},"west":{"texture":"#o4","uv":[0.5,1.0,1.0,1.5]},"up":{"texture":"#o4","uv":[0.5,1.0,1.0,1.5]},"down":{"texture":"#o4","uv":[0.5,1.0,1.0,1.5]}},"rotation":{"angle":22.5,"axis":"z","origin":[8.0,4.62,13.8]}},{"from":[7.90054,4.12,16.4],"to":[8.09946,4.52,16.9],"faces":{"north":{"texture":"#o4","uv":[0.5,1.0,1.0,1.5]},"east":{"texture":"#o4","uv":[0.5,1.0,1.0,1.5]},"south":{"texture":"#o4","uv":[0.5,1.0,1.0,1.5]},"west":{"texture":"#o4","uv":[0.5,1.0,1.0,1.5]},"up":{"texture":"#o4","uv":[0.5,1.0,1.0,1.5]},"down":{"texture":"#o4","uv":[0.5,1.0,1.0,1.5]}},"rotation":{"angle":45.0,"axis":"z","origin":[8.0,4.62,16.7]}},{"from":[7.90054,4.12,16.4],"to":[8.09946,4.52,16.9],"faces":{"north":{"texture":"#o4","uv":[0.5,1.0,1.0,1.5]},"east":{"texture":"#o4","uv":[0.5,1.0,1.0,1.5]},"south":{"texture":"#o4","uv":[0.5,1.0,1.0,1.5]},"west":{"texture":"#o4","uv":[0.5,1.0,1.0,1.5]},"up":{"texture":"#o4","uv":[0.5,1.0,1.0,1.5]},"down":{"texture":"#o4","uv":[0.5,1.0,1.0,1.5]}},"rotation":{"angle":22.5,"axis":"z","origin":[8.0,4.62,16.7]}},{"from":[7.90054,4.12,16.4],"to":[8.09946,4.62,16.9],"faces":{"north":{"texture":"#o4","uv":[0.5,1.0,1.0,1.5]},"east":{"texture":"#o4","uv":[0.5,1.0,1.0,1.5]},"south":{"texture":"#o4","uv":[0.5,1.0,1.0,1.5]},"west":{"texture":"#o4","uv":[0.5,1.0,1.0,1.5]},"up":{"texture":"#o4","uv":[0.5,1.0,1.0,1.5]},"down":{"texture":"#o4","uv":[0.5,1.0,1.0,1.5]}},"rotation":{"angle":0.0,"axis":"z","origin":[8.0,4.62,16.7]}},{"from":[7.90054,4.12,16.4],"to":[8.09946,4.52,16.9],"faces":{"north":{"texture":"#o4","uv":[0.5,1.0,1.0,1.5]},"east":{"texture":"#o4","uv":[0.5,1.0,1.0,1.5]},"south":{"texture":"#o4","uv":[0.5,1.0,1.0,1.5]},"west":{"texture":"#o4","uv":[0.5,1.0,1.0,1.5]},"up":{"texture":"#o4","uv":[0.5,1.0,1.0,1.5]},"down":{"texture":"#o4","uv":[0.5,1.0,1.0,1.5]}},"rotation":{"angle":-22.5,"axis":"z","origin":[8.0,4.62,16.7]}},{"from":[7.90054,4.12,16.4],"to":[8.09946,4.52,16.9],"faces":{"north":{"texture":"#o4","uv":[0.5,1.0,1.0,1.5]},"east":{"texture":"#o4","uv":[0.5,1.0,1.0,1.5]},"south":{"texture":"#o4","uv":[0.5,1.0,1.0,1.5]},"west":{"texture":"#o4","uv":[0.5,1.0,1.0,1.5]},"up":{"texture":"#o4","uv":[0.5,1.0,1.0,1.5]},"down":{"texture":"#o4","uv":[0.5,1.0,1.0,1.5]}},"rotation":{"angle":-45.0,"axis":"z","origin":[8.0,4.62,16.7]}},{"from":[7.90054,6.02,14.0],"to":[8.09946,6.12,16.4],"faces":{"north":{"texture":"#o4","uv":[0.5,1.0,1.0,1.5]},"east":{"texture":"#o4","uv":[0.5,1.0,1.0,1.5]},"south":{"texture":"#o4","uv":[0.5,1.0,1.0,1.5]},"west":{"texture":"#o4","uv":[0.5,1.0,1.0,1.5]},"up":{"texture":"#o4","uv":[0.5,1.0,1.0,1.5]},"down":{"texture":"#o4","uv":[0.5,1.0,1.0,1.5]}},"rotation":{"angle":-22.5,"axis":"z","origin":[8.0,5.62,13.3]}},{"from":[7.90054,6.02,14.0],"to":[8.09946,6.12,16.4],"faces":{"north":{"texture":"#o4","uv":[0.5,1.0,1.0,1.5]},"east":{"texture":"#o4","uv":[0.5,1.0,1.0,1.5]},"south":{"texture":"#o4","uv":[0.5,1.0,1.0,1.5]},"west":{"texture":"#o4","uv":[0.5,1.0,1.0,1.5]},"up":{"texture":"#o4","uv":[0.5,1.0,1.0,1.5]},"down":{"texture":"#o4","uv":[0.5,1.0,1.0,1.5]}},"rotation":{"angle":0.0,"axis":"z","origin":[8.0,5.62,13.3]}},{"from":[7.90054,6.02,14.0],"to":[8.09946,6.12,16.4],"faces":{"north":{"texture":"#o4","uv":[0.5,1.0,1.0,1.5]},"east":{"texture":"#o4","uv":[0.5,1.0,1.0,1.5]},"south":{"texture":"#o4","uv":[0.5,1.0,1.0,1.5]},"west":{"texture":"#o4","uv":[0.5,1.0,1.0,1.5]},"up":{"texture":"#o4","uv":[0.5,1.0,1.0,1.5]},"down":{"texture":"#o4","uv":[0.5,1.0,1.0,1.5]}},"rotation":{"angle":22.5,"axis":"z","origin":[8.0,5.62,13.3]}},{"from":[7.90054,6.02,14.0],"to":[8.09946,6.12,16.4],"faces":{"north":{"texture":"#o4","uv":[0.5,1.0,1.0,1.5]},"east":{"texture":"#o4","uv":[0.5,1.0,1.0,1.5]},"south":{"texture":"#o4","uv":[0.5,1.0,1.0,1.5]},"west":{"texture":"#o4","uv":[0.5,1.0,1.0,1.5]},"up":{"texture":"#o4","uv":[0.5,1.0,1.0,1.5]},"down":{"texture":"#o4","uv":[0.5,1.0,1.0,1.5]}},"rotation":{"angle":45.0,"axis":"z","origin":[8.0,5.62,13.3]}},{"from":[7.5,5.52054,14.0],"to":[7.6,5.71946,16.4],"faces":{"north":{"texture":"#o4","uv":[0.5,1.0,1.0,1.5]},"east":{"texture":"#o4","uv":[0.5,1.0,1.0,1.5]},"south":{"texture":"#o4","uv":[0.5,1.0,1.0,1.5]},"west":{"texture":"#o4","uv":[0.5,1.0,1.0,1.5]},"up":{"texture":"#o4","uv":[0.5,1.0,1.0,1.5]},"down":{"texture":"#o4","uv":[0.5,1.0,1.0,1.5]}},"rotation":{"angle":-22.5,"axis":"z","origin":[8.0,5.62,13.3]}},{"from":[7.5,4.52054,14.0],"to":[7.6,5.71946,16.4],"faces":{"north":{"texture":"#o4","uv":[0.5,1.0,1.0,1.5]},"east":{"texture":"#o4","uv":[0.5,1.0,1.0,1.5]},"south":{"texture":"#o4","uv":[0.5,1.0,1.0,1.5]},"west":{"texture":"#o4","uv":[0.5,1.0,1.0,1.5]},"up":{"texture":"#o4","uv":[0.5,1.0,1.0,1.5]},"down":{"texture":"#o4","uv":[0.5,1.0,1.0,1.5]}},"rotation":{"angle":0.0,"axis":"z","origin":[8.0,5.62,13.3]}},{"from":[7.90054,4.9,14.0],"to":[8.09946,4.96,15.7],"faces":{"north":{"texture":"#o4","uv":[0.5,1.0,1.0,1.5]},"east":{"texture":"#o4","uv":[0.5,1.0,1.0,1.5]},"south":{"texture":"#o4","uv":[0.5,1.0,1.0,1.5]},"west":{"texture":"#o4","uv":[0.5,1.0,1.0,1.5]},"up":{"texture":"#o4","uv":[0.5,1.0,1.0,1.5]},"down":{"texture":"#o4","uv":[0.5,1.0,1.0,1.5]}},"rotation":{"angle":-45.0,"axis":"z","origin":[8.0,4.5,14.5]}},{"from":[7.90054,4.9,14.0],"to":[8.09946,4.96,15.7],"faces":{"north":{"texture":"#o4","uv":[0.5,1.0,1.0,1.5]},"east":{"texture":"#o4","uv":[0.5,1.0,1.0,1.5]},"south":{"texture":"#o4","uv":[0.5,1.0,1.0,1.5]},"west":{"texture":"#o4","uv":[0.5,1.0,1.0,1.5]},"up":{"texture":"#o4","uv":[0.5,1.0,1.0,1.5]},"down":{"texture":"#o4","uv":[0.5,1.0,1.0,1.5]}},"rotation":{"angle":-22.5,"axis":"z","origin":[8.0,4.5,14.5]}},{"from":[7.90054,4.9,14.0],"to":[8.09946,4.96,15.7],"faces":{"north":{"texture":"#o4","uv":[0.5,1.0,1.0,1.5]},"east":{"texture":"#o4","uv":[0.5,1.0,1.0,1.5]},"south":{"texture":"#o4","uv":[0.5,1.0,1.0,1.5]},"west":{"texture":"#o4","uv":[0.5,1.0,1.0,1.5]},"up":{"texture":"#o4","uv":[0.5,1.0,1.0,1.5]},"down":{"texture":"#o4","uv":[0.5,1.0,1.0,1.5]}},"rotation":{"angle":0.0,"axis":"z","origin":[8.0,4.5,14.5]}},{"from":[7.90054,4.9,14.0],"to":[8.09946,4.96,15.7],"faces":{"north":{"texture":"#o4","uv":[0.5,1.0,1.0,1.5]},"east":{"texture":"#o4","uv":[0.5,1.0,1.0,1.5]},"south":{"texture":"#o4","uv":[0.5,1.0,1.0,1.5]},"west":{"texture":"#o4","uv":[0.5,1.0,1.0,1.5]},"up":{"texture":"#o4","uv":[0.5,1.0,1.0,1.5]},"down":{"texture":"#o4","uv":[0.5,1.0,1.0,1.5]}},"rotation":{"angle":22.5,"axis":"z","origin":[8.0,4.5,14.5]}},{"from":[7.90054,4.9,14.0],"to":[8.09946,4.96,15.7],"faces":{"north":{"texture":"#o4","uv":[0.5,1.0,1.0,1.5]},"east":{"texture":"#o4","uv":[0.5,1.0,1.0,1.5]},"south":{"texture":"#o4","uv":[0.5,1.0,1.0,1.5]},"west":{"texture":"#o4","uv":[0.5,1.0,1.0,1.5]},"up":{"texture":"#o4","uv":[0.5,1.0,1.0,1.5]},"down":{"texture":"#o4","uv":[0.5,1.0,1.0,1.5]}},"rotation":{"angle":45.0,"axis":"z","origin":[8.0,4.5,14.5]}},{"from":[7.54,4.40054,14.0],"to":[7.6,4.59946,15.7],"faces":{"north":{"texture":"#o4","uv":[0.5,1.0,1.0,1.5]},"east":{"texture":"#o4","uv":[0.5,1.0,1.0,1.5]},"south":{"texture":"#o4","uv":[0.5,1.0,1.0,1.5]},"west":{"texture":"#o4","uv":[0.5,1.0,1.0,1.5]},"up":{"texture":"#o4","uv":[0.5,1.0,1.0,1.5]},"down":{"texture":"#o4","uv":[0.5,1.0,1.0,1.5]}},"rotation":{"angle":-22.5,"axis":"z","origin":[8.0,4.5,14.5]}},{"from":[8.4,4.40054,14.0],"to":[8.46,4.59946,15.7],"faces":{"north":{"texture":"#o4","uv":[0.5,1.0,1.0,1.5]},"east":{"texture":"#o4","uv":[0.5,1.0,1.0,1.5]},"south":{"texture":"#o4","uv":[0.5,1.0,1.0,1.5]},"west":{"texture":"#o4","uv":[0.5,1.0,1.0,1.5]},"up":{"texture":"#o4","uv":[0.5,1.0,1.0,1.5]},"down":{"texture":"#o4","uv":[0.5,1.0,1.0,1.5]}},"rotation":{"angle":22.5,"axis":"z","origin":[8.0,4.5,14.5]}},{"from":[7.83431,4.2,0.2],"to":[8.16569,5.0,13.3],"faces":{"north":{"texture":"#o4","uv":[0.5,1.0,1.0,1.5]},"east":{"texture":"#o4","uv":[0.5,1.0,1.0,1.5]},"south":{"texture":"#o4","uv":[0.5,1.0,1.0,1.5]},"west":{"texture":"#o4","uv":[0.5,1.0,1.0,1.5]},"up":{"texture":"#o4","uv":[0.5,1.0,1.0,1.5]},"down":{"texture":"#o4","uv":[0.5,1.0,1.0,1.5]}},"rotation":{"angle":45.0,"axis":"z","origin":[8.0,4.6,0.7]}},{"from":[7.83431,4.2,0.2],"to":[8.16569,5.0,13.3],"faces":{"north":{"texture":"#o4","uv":[0.5,1.0,1.0,1.5]},"east":{"texture":"#o4","uv":[0.5,1.0,1.0,1.5]},"south":{"texture":"#o4","uv":[0.5,1.0,1.0,1.5]},"west":{"texture":"#o4","uv":[0.5,1.0,1.0,1.5]},"up":{"texture":"#o4","uv":[0.5,1.0,1.0,1.5]},"down":{"texture":"#o4","uv":[0.5,1.0,1.0,1.5]}},"rotation":{"angle":0.0,"axis":"z","origin":[8.0,4.6,0.7]}},{"from":[7.6,4.43431,0.2],"to":[8.4,4.76569,13.3],"faces":{"north":{"texture":"#o4","uv":[0.5,1.0,1.0,1.5]},"east":{"texture":"#o4","uv":[0.5,1.0,1.0,1.5]},"south":{"texture":"#o4","uv":[0.5,1.0,1.0,1.5]},"west":{"texture":"#o4","uv":[0.5,1.0,1.0,1.5]},"up":{"texture":"#o4","uv":[0.5,1.0,1.0,1.5]},"down":{"texture":"#o4","uv":[0.5,1.0,1.0,1.5]}},"rotation":{"angle":45.0,"axis":"z","origin":[8.0,4.6,0.7]}},{"from":[7.6,4.43431,0.2],"to":[8.4,4.76569,13.3],"faces":{"north":{"texture":"#o4","uv":[0.5,1.0,1.0,1.5]},"east":{"texture":"#o4","uv":[0.5,1.0,1.0,1.5]},"south":{"texture":"#o4","uv":[0.5,1.0,1.0,1.5]},"west":{"texture":"#o4","uv":[0.5,1.0,1.0,1.5]},"up":{"texture":"#o4","uv":[0.5,1.0,1.0,1.5]},"down":{"texture":"#o4","uv":[0.5,1.0,1.0,1.5]}},"rotation":{"angle":0.0,"axis":"z","origin":[8.0,4.6,0.7]}},{"from":[7.79289,5.1,-0.9],"to":[8.20711,6.1,9.6],"faces":{"north":{"texture":"#o4","uv":[1.0,0.5,0.5,0.0],"rotation":90},"east":{"texture":"#o4","uv":[2.0,0.0,12.5,0.25]},"south":{"texture":"#o4","uv":[0.5,0.0,1.0,0.5]},"west":{"texture":"#o4","uv":[2.0,1.0,12.5,1.25]},"up":{"texture":"#o4","uv":[0.0,0.0,0.5,12.25]},"down":{"texture":"#o4","uv":[0.5,0.0,1.0,0.5]}},"rotation":{"angle":45.0,"axis":"z","origin":[8.0,5.6,-0.4]}},{"from":[7.79289,5.1,-0.9],"to":[8.20711,6.1,9.6],"faces":{"north":{"texture":"#o4","uv":[1.0,0.5,0.5,0.0],"rotation":90},"south":{"texture":"#o4","uv":[0.5,0.0,1.0,0.5]},"up":{"texture":"#o4","uv":[0.0,0.25,0.5,12.5]},"down":{"texture":"#o4","uv":[0.5,0.0,1.0,0.5]}},"rotation":{"angle":0.0,"axis":"z","origin":[8.0,5.6,-0.4]}},{"from":[7.5,5.39289,-0.9],"to":[8.5,5.80711,9.6],"faces":{"north":{"texture":"#o4","uv":[1.0,0.5,0.5,0.0],"rotation":90},"east":{"texture":"#o4","uv":[0.0,0.0,0.5,12.5],"rotation":90},"south":{"texture":"#o4","uv":[0.5,0.0,1.0,0.5]},"west":{"texture":"#o4","uv":[0.5,12.5,0.0,0.25],"rotation":90}},"rotation":{"angle":0.0,"axis":"z","origin":[8.0,5.6,-0.4]}},{"from":[7.5,5.39289,-0.9],"to":[8.5,5.80711,9.6],"faces":{"north":{"texture":"#o4","uv":[1.0,0.5,0.5,0.0],"rotation":90},"east":{"texture":"#o4","uv":[0.0,0.0,0.5,12.25],"rotation":90},"south":{"texture":"#o4","uv":[0.5,0.0,1.0,0.5]},"west":{"texture":"#o4","uv":[0.5,0.0,1.0,0.5]}},"rotation":{"angle":45.0,"axis":"z","origin":[8.0,5.6,-0.4]}},{"from":[7.83431,5.2,-3.5],"to":[8.16569,5.3,13.3],"faces":{"north":{"texture":"#o4","uv":[0.5,1.0,1.0,1.5]},"east":{"texture":"#o4","uv":[0.5,1.0,1.0,1.5]},"south":{"texture":"#o4","uv":[0.5,1.0,1.0,1.5]},"west":{"texture":"#o4","uv":[0.5,1.0,1.0,1.5]},"up":{"texture":"#o4","uv":[0.5,1.0,1.0,1.5]},"down":{"texture":"#o4","uv":[0.5,1.0,1.0,1.5]}},"rotation":{"angle":45.0,"axis":"z","origin":[8.0,5.6,-3.0]}},{"from":[7.83431,5.2,-3.5],"to":[8.16569,5.3,13.3],"faces":{"north":{"texture":"#o4","uv":[0.5,1.0,1.0,1.5]},"east":{"texture":"#o4","uv":[0.5,1.0,1.0,1.5]},"south":{"texture":"#o4","uv":[0.5,1.0,1.0,1.5]},"west":{"texture":"#o4","uv":[0.5,1.0,1.0,1.5]},"up":{"texture":"#o4","uv":[0.5,1.0,1.0,1.5]},"down":{"texture":"#o4","uv":[0.5,1.0,1.0,1.5]}},"rotation":{"angle":0.0,"axis":"z","origin":[8.0,5.6,-3.0]}},{"from":[7.83431,5.9,-3.5],"to":[8.16569,6.0,13.3],"faces":{"north":{"texture":"#o4","uv":[0.5,1.0,1.0,1.5]},"east":{"texture":"#o4","uv":[0.5,1.0,1.0,1.5]},"south":{"texture":"#o4","uv":[0.5,1.0,1.0,1.5]},"west":{"texture":"#o4","uv":[0.5,1.0,1.0,1.5]},"up":{"texture":"#o4","uv":[0.5,1.0,1.0,1.5]},"down":{"texture":"#o4","uv":[0.5,1.0,1.0,1.5]}},"rotation":{"angle":45.0,"axis":"z","origin":[8.0,5.6,-3.0]}},{"from":[7.83431,5.9,-3.5],"to":[8.16569,6.0,13.3],"faces":{"north":{"texture":"#o4","uv":[0.5,1.0,1.0,1.5]},"east":{"texture":"#o4","uv":[0.5,1.0,1.0,1.5]},"south":{"texture":"#o4","uv":[0.5,1.0,1.0,1.5]},"west":{"texture":"#o4","uv":[0.5,1.0,1.0,1.5]},"up":{"texture":"#o4","uv":[0.5,1.0,1.0,1.5]},"down":{"texture":"#o4","uv":[0.5,1.0,1.0,1.5]}},"rotation":{"angle":0.0,"axis":"z","origin":[8.0,5.6,-3.0]}},{"from":[7.6,5.43431,-3.5],"to":[7.7,5.76569,13.3],"faces":{"north":{"texture":"#o4","uv":[0.5,1.0,1.0,1.5]},"east":{"texture":"#o4","uv":[0.5,1.0,1.0,1.5]},"south":{"texture":"#o4","uv":[0.5,1.0,1.0,1.5]},"west":{"texture":"#o4","uv":[0.5,1.0,1.0,1.5]},"up":{"texture":"#o4","uv":[0.5,1.0,1.0,1.5]},"down":{"texture":"#o4","uv":[0.5,1.0,1.0,1.5]}},"rotation":{"angle":45.0,"axis":"z","origin":[8.0,5.6,-3.0]}},{"from":[7.6,5.43431,-3.5],"to":[7.7,5.76569,13.3],"faces":{"north":{"texture":"#o4","uv":[0.5,1.0,1.0,1.5]},"east":{"texture":"#o4","uv":[0.5,1.0,1.0,1.5]},"south":{"texture":"#o4","uv":[0.5,1.0,1.0,1.5]},"west":{"texture":"#o4","uv":[0.5,1.0,1.0,1.5]},"up":{"texture":"#o4","uv":[0.5,1.0,1.0,1.5]},"down":{"texture":"#o4","uv":[0.5,1.0,1.0,1.5]}},"rotation":{"angle":0.0,"axis":"z","origin":[8.0,5.6,-3.0]}},{"from":[8.3,5.43431,-3.5],"to":[8.4,5.76569,13.3],"faces":{"north":{"texture":"#o4","uv":[0.5,1.0,1.0,1.5]},"east":{"texture":"#o4","uv":[0.5,1.0,1.0,1.5]},"south":{"texture":"#o4","uv":[0.5,1.0,1.0,1.5]},"west":{"texture":"#o4","uv":[0.5,1.0,1.0,1.5]},"up":{"texture":"#o4","uv":[0.5,1.0,1.0,1.5]},"down":{"texture":"#o4","uv":[0.5,1.0,1.0,1.5]}},"rotation":{"angle":45.0,"axis":"z","origin":[8.0,5.6,-3.0]}},{"from":[8.3,5.43431,-3.5],"to":[8.4,5.76569,13.3],"faces":{"north":{"texture":"#o4","uv":[0.5,1.0,1.0,1.5]},"east":{"texture":"#o4","uv":[0.5,1.0,1.0,1.5]},"south":{"texture":"#o4","uv":[0.5,1.0,1.0,1.5]},"west":{"texture":"#o4","uv":[0.5,1.0,1.0,1.5]},"up":{"texture":"#o4","uv":[0.5,1.0,1.0,1.5]},"down":{"texture":"#o4","uv":[0.5,1.0,1.0,1.5]}},"rotation":{"angle":0.0,"axis":"z","origin":[8.0,5.6,-3.0]}},{"from":[7.92044,5.6,14.7],"to":[8.07956,6.0,18.9],"faces":{"north":{"texture":"#o4","uv":[0.5,0.0,1.0,0.5]},"east":{"texture":"#o4","uv":[0.5,0.0,1.0,0.5]},"south":{"texture":"#o4","uv":[0.5,0.0,1.0,0.5]},"west":{"texture":"#o4","uv":[0.5,0.0,1.0,0.5]},"up":{"texture":"#o4","uv":[0.5,0.0,1.0,0.5]},"down":{"texture":"#o4","uv":[0.5,0.0,1.0,0.5]}},"rotation":{"angle":-45.0,"axis":"z","origin":[8.0,5.6,15.2]}},{"from":[7.92044,5.6,14.7],"to":[8.07956,6.0,18.9],"faces":{"north":{"texture":"#o4","uv":[0.5,0.0,1.0,0.5]},"east":{"texture":"#o4","uv":[0.5,0.0,1.0,0.5]},"south":{"texture":"#o4","uv":[0.5,0.0,1.0,0.5]},"west":{"texture":"#o4","uv":[0.5,0.0,1.0,0.5]},"up":{"texture":"#o4","uv":[0.5,0.0,1.0,0.5]},"down":{"texture":"#o4","uv":[0.5,0.0,1.0,0.5]}},"rotation":{"angle":-22.5,"axis":"z","origin":[8.0,5.6,15.2]}},{"from":[7.92044,5.6,14.7],"to":[8.07956,6.0,18.9],"faces":{"north":{"texture":"#o4","uv":[0.5,0.0,1.0,0.5]},"east":{"texture":"#o4","uv":[0.5,0.0,1.0,0.5]},"south":{"texture":"#o4","uv":[0.5,0.0,1.0,0.5]},"west":{"texture":"#o4","uv":[0.5,0.0,1.0,0.5]},"up":{"texture":"#o4","uv":[0.5,0.0,1.0,0.5]},"down":{"texture":"#o4","uv":[0.5,0.0,1.0,0.5]}},"rotation":{"angle":0.0,"axis":"z","origin":[8.0,5.6,15.2]}},{"from":[7.92044,5.6,14.7],"to":[8.07956,6.0,18.9],"faces":{"north":{"texture":"#o4","uv":[0.5,0.0,1.0,0.5]},"east":{"texture":"#o4","uv":[0.5,0.0,1.0,0.5]},"south":{"texture":"#o4","uv":[0.5,0.0,1.0,0.5]},"west":{"texture":"#o4","uv":[0.5,0.0,1.0,0.5]},"up":{"texture":"#o4","uv":[0.5,0.0,1.0,0.5]},"down":{"texture":"#o4","uv":[0.5,0.0,1.0,0.5]}},"rotation":{"angle":22.5,"axis":"z","origin":[8.0,5.6,15.2]}},{"from":[7.92044,5.6,14.7],"to":[8.07956,6.0,18.9],"faces":{"north":{"texture":"#o4","uv":[0.5,0.0,1.0,0.5]},"east":{"texture":"#o4","uv":[0.5,0.0,1.0,0.5]},"south":{"texture":"#o4","uv":[0.5,0.0,1.0,0.5]},"west":{"texture":"#o4","uv":[0.5,0.0,1.0,0.5]},"up":{"texture":"#o4","uv":[0.5,0.0,1.0,0.5]},"down":{"texture":"#o4","uv":[0.5,0.0,1.0,0.5]}},"rotation":{"angle":45.0,"axis":"z","origin":[8.0,5.6,15.2]}},{"from":[7.6,5.52044,14.7],"to":[7.9,5.67956,18.9],"faces":{"north":{"texture":"#o4","uv":[0.5,0.0,1.0,0.5]},"east":{"texture":"#o4","uv":[0.5,0.0,1.0,0.5]},"south":{"texture":"#o4","uv":[0.5,0.0,1.0,0.5]},"west":{"texture":"#o4","uv":[0.5,0.0,1.0,0.5]},"up":{"texture":"#o4","uv":[0.5,0.0,1.0,0.5]},"down":{"texture":"#o4","uv":[0.5,0.0,1.0,0.5]}},"rotation":{"angle":-22.5,"axis":"z","origin":[8.0,5.6,15.2]}},{"from":[8.2,5.62044,14.7],"to":[8.4,5.67956,18.9],"faces":{"north":{"texture":"#o4","uv":[0.5,0.0,1.0,0.5]},"east":{"texture":"#o4","uv":[0.5,0.0,1.0,0.5]},"south":{"texture":"#o4","uv":[0.5,0.0,1.0,0.5]},"west":{"texture":"#o4","uv":[0.5,0.0,1.0,0.5]},"up":{"texture":"#o4","uv":[0.5,0.0,1.0,0.5]},"down":{"texture":"#o4","uv":[0.5,0.0,1.0,0.5]}},"rotation":{"angle":-22.5,"axis":"z","origin":[8.0,5.6,13.2]}},{"from":[7.6,5.52044,14.7],"to":[8.4,5.67956,18.9],"faces":{"north":{"texture":"#o4","uv":[0.5,0.0,1.0,0.5]},"east":{"texture":"#o4","uv":[0.5,0.0,1.0,0.5]},"south":{"texture":"#o4","uv":[0.5,0.0,1.0,0.5]},"west":{"texture":"#o4","uv":[0.5,0.0,1.0,0.5]},"up":{"texture":"#o4","uv":[0.5,0.0,1.0,0.5]},"down":{"texture":"#o4","uv":[0.5,0.0,1.0,0.5]}},"rotation":{"angle":0.0,"axis":"z","origin":[8.0,5.6,13.1]}},{"from":[7.65328,5.35257,14.7],"to":[7.85328,5.41169,18.9],"faces":{"north":{"texture":"#o4","uv":[0.5,0.0,1.0,0.5]},"east":{"texture":"#o4","uv":[0.5,0.0,1.0,0.5]},"south":{"texture":"#o4","uv":[0.5,0.0,1.0,0.5]},"west":{"texture":"#o4","uv":[0.5,0.0,1.0,0.5]},"up":{"texture":"#o4","uv":[0.5,0.0,1.0,0.5]},"down":{"texture":"#o4","uv":[0.5,0.0,1.0,0.5]}},"rotation":{"angle":22.5,"axis":"z","origin":[7.35328,5.33213,15.2]}},{"from":[8.1,5.52044,14.7],"to":[8.4,5.67956,18.9],"faces":{"north":{"texture":"#o4","uv":[0.5,0.0,1.0,0.5]},"east":{"texture":"#o4","uv":[0.5,0.0,1.0,0.5]},"south":{"texture":"#o4","uv":[0.5,0.0,1.0,0.5]},"west":{"texture":"#o4","uv":[0.5,0.0,1.0,0.5]},"up":{"texture":"#o4","uv":[0.5,0.0,1.0,0.5]},"down":{"texture":"#o4","uv":[0.5,0.0,1.0,0.5]}},"rotation":{"angle":22.5,"axis":"z","origin":[8.0,5.6,15.2]}},{"from":[7.79289,4.1,6.7],"to":[8.20711,5.1,12.8],"faces":{"north":{"texture":"#o4","uv":[0.5,3.0,1.0,3.5]},"south":{"texture":"#o4","uv":[0.5,3.0,1.0,3.5]},"up":{"texture":"#o4","uv":[1.0,0.0,1.5,16.0]},"down":{"texture":"#o4","uv":[1.0,0.0,1.5,16.0]}},"rotation":{"angle":45.0,"axis":"z","origin":[8.0,4.6,7.2]}},{"from":[7.79289,4.1,6.7],"to":[8.20711,5.1,12.8],"faces":{"north":{"texture":"#o4","uv":[0.5,3.0,1.0,3.5]},"south":{"texture":"#o4","uv":[0.5,3.0,1.0,3.5]},"up":{"texture":"#o4","uv":[1.0,0.0,1.5,16.0]},"down":{"texture":"#o4","uv":[1.0,0.0,1.5,16.0]}},"rotation":{"angle":0.0,"axis":"y","origin":[8.0,4.6,7.2]}},{"from":[7.5,4.39289,6.7],"to":[8.5,4.80711,12.8],"faces":{"north":{"texture":"#o4","uv":[0.5,3.0,1.0,3.5]},"east":{"texture":"#o4","uv":[1.0,0.0,1.5,16.0],"rotation":90},"south":{"texture":"#o4","uv":[0.5,3.0,1.0,3.5]},"west":{"texture":"#o4","uv":[1.0,0.0,1.5,16.0],"rotation":90}},"rotation":{"angle":45.0,"axis":"z","origin":[8.0,4.6,7.2]}},{"from":[7.5,4.39289,6.7],"to":[8.5,4.80711,12.8],"faces":{"north":{"texture":"#o4","uv":[0.5,3.0,1.0,3.5]},"east":{"texture":"#o4","uv":[1.0,0.0,1.5,16.0],"rotation":90},"south":{"texture":"#o4","uv":[0.5,3.0,1.0,3.5]},"west":{"texture":"#o4","uv":[1.0,0.0,1.5,16.0],"rotation":90}},"rotation":{"angle":0.0,"axis":"y","origin":[8.0,4.6,7.2]}},{"from":[7.50147,0.8,10.00229],"to":[9.90147,4.0,22.80229],"faces":{"north":{"texture":"#o0","uv":[9.75,12.0,10.5,13.0],"rotation":270},"east":{"texture":"#o0","uv":[8.0,13.0,9.0,16.0],"rotation":270},"south":{"texture":"#o0","uv":[9.75,13.0,9.0,12.0]},"west":{"texture":"#o0","uv":[10.75,16.0,9.75,13.0],"rotation":270},"up":{"texture":"#o0","uv":[9.0,13.0,9.75,16.0],"rotation":180},"down":{"texture":"#o0","uv":[10.75,13.0,11.5,16.0]}},"rotation":{"angle":-22.5,"axis":"y","origin":[8.76524,2.4,9.44856]}},{"from":[7.25147,0.55,9.75229],"to":[10.15147,4.25,23.05229],"faces":{"north":{"texture":"#o0","uv":[13.75,12.0,14.5,13.0],"rotation":270},"east":{"texture":"#o0","uv":[12.0,13.0,13.0,16.0],"rotation":270},"south":{"texture":"#o0","uv":[13.75,13.0,13.0,12.0]},"west":{"texture":"#o0","uv":[14.75,16.0,13.75,13.0],"rotation":270},"up":{"texture":"#o0","uv":[13.0,13.0,13.75,16.0],"rotation":180},"down":{"texture":"#o0","uv":[14.75,13.0,15.5,16.0]}},"rotation":{"angle":-22.5,"axis":"y","origin":[8.76524,2.4,9.44856]}},{"from":[8.38554,5.13755,-11.30798],"to":[8.93137,5.85096,-3.25198],"faces":{"north":{"texture":"#o2","uv":[0.0,0.5,0.25,0.75]},"east":{"texture":"#o2","uv":[0.0,0.0,13.25,0.25]},"south":{"texture":"#o2","uv":[0.0,0.5,0.25,0.75]},"west":{"texture":"#o2","uv":[0.0,0.5,0.25,0.75]}},"rotation":{"angle":45.0,"axis":"z","origin":[8.00554,5.5906,-10.14518]}},{"from":[8.38554,4.4515,-11.30798],"to":[8.98055,5.9249,-3.25198],"faces":{"north":{"texture":"#o2","uv":[0.0,0.5,0.25,0.75]},"east":{"texture":"#o2","uv":[0.0,0.0,13.25,0.25]},"south":{"texture":"#o2","uv":[0.0,0.5,0.25,0.75]},"west":{"texture":"#o2","uv":[0.0,0.5,0.25,0.75]}},"rotation":{"angle":0.0,"axis":"y","origin":[8.00554,5.5906,-10.14518]}},{"from":[7.39754,5.40172,-11.30798],"to":[7.62554,5.77948,-3.25198],"faces":{"north":{"texture":"#o2","uv":[0.0,0.5,0.25,0.75]},"east":{"texture":"#o2","uv":[0.0,0.5,0.25,0.75]},"south":{"texture":"#o2","uv":[0.0,0.5,0.25,0.75]}},"rotation":{"angle":45.0,"axis":"z","origin":[8.00554,5.5906,-10.14518]}},{"from":[6.98571,4.22333,-11.30798],"to":[7.36571,4.93674,-3.25198],"faces":{"north":{"texture":"#o2","uv":[0.0,0.5,0.25,0.75]},"south":{"texture":"#o2","uv":[0.0,0.5,0.25,0.75]},"west":{"texture":"#o2","uv":[0.0,0.0,13.25,0.25]}},"rotation":{"angle":45.0,"axis":"z","origin":[7.59371,4.74786,-10.14518]}},{"from":[7.03024,4.4515,-11.30798],"to":[7.62554,5.9249,-3.25198],"faces":{"north":{"texture":"#o2","uv":[0.0,0.5,0.25,0.75]},"east":{"texture":"#o2","uv":[0.0,0.5,0.25,0.75]},"south":{"texture":"#o2","uv":[0.0,0.5,0.25,0.75]},"west":{"texture":"#o2","uv":[0.0,0.0,13.25,0.25]}},"rotation":{"angle":0.0,"axis":"y","origin":[8.00554,5.5906,-10.14518]}},{"from":[7.81666,4.9826,-11.30798],"to":[8.19443,5.2106,-3.25198],"faces":{"north":{"texture":"#o2","uv":[0.0,0.5,0.25,0.75]},"south":{"texture":"#o2","uv":[0.0,0.5,0.25,0.75]},"up":{"texture":"#o2","uv":[0.0,0.5,0.25,0.75],"rotation":90}},"rotation":{"angle":45.0,"axis":"z","origin":[8.00554,5.5906,-10.14518]}},{"from":[7.89255,4.13986,-11.30798],"to":[8.60596,4.51986,-3.25198],"faces":{"north":{"texture":"#o2","uv":[0.0,0.5,0.25,0.75]},"south":{"texture":"#o2","uv":[0.0,0.5,0.25,0.75]},"down":{"texture":"#o2","uv":[0.0,0.0,13.25,0.25],"rotation":270}},"rotation":{"angle":45.0,"axis":"z","origin":[8.41708,4.74786,-10.14518]}},{"from":[7.53469,3.94704,-11.30798],"to":[8.4761,5.2106,-3.25198],"faces":{"north":{"texture":"#o2","uv":[0.0,0.5,0.25,0.75]},"south":{"texture":"#o2","uv":[0.0,0.5,0.25,0.75]},"up":{"texture":"#o2","uv":[0.0,0.5,0.25,0.75],"rotation":90},"down":{"texture":"#o2","uv":[0.0,0.0,13.25,0.25],"rotation":270}},"rotation":{"angle":0.0,"axis":"y","origin":[8.00554,5.5906,-10.14518]}},{"from":[7.55228,5.9706,-11.30798],"to":[8.26569,6.51664,-3.25198],"faces":{"north":{"texture":"#o2","uv":[0.0,0.5,0.25,0.75]},"south":{"texture":"#o2","uv":[0.0,0.5,0.25,0.75]},"up":{"texture":"#o2","uv":[0.0,0.0,13.25,0.25],"rotation":90},"down":{"texture":"#o2","uv":[0.0,0.5,0.25,0.75],"rotation":270}},"rotation":{"angle":45.0,"axis":"z","origin":[8.00554,5.5906,-10.14518]}},{"from":[7.53469,5.9706,-11.30798],"to":[8.4761,6.42936,-3.25198],"faces":{"north":{"texture":"#o2","uv":[0.0,0.5,0.25,0.75]},"south":{"texture":"#o2","uv":[0.0,0.5,0.25,0.75]},"up":{"texture":"#o2","uv":[0.0,0.0,13.25,0.25],"rotation":90},"down":{"texture":"#o2","uv":[0.0,0.5,0.25,0.75],"rotation":270}},"rotation":{"angle":0.0,"axis":"y","origin":[8.00554,5.5906,-10.14518]}},{"from":[-16.0,-16.0,-15.99],"to":[32.0,32.0,-15.99],"faces":{"north":{"texture":"#icon_background","uv":[0.0,0.0,16.0,16.0]}}},{"from":[-16.0,-16.0,-16.0],"to":[32.0,32.0,-16.0],"faces":{"north":{"texture":"#icon","uv":[0.0,0.0,16.0,16.0]}}}],"textures":{"o0":"skin/player_skin_slim","o1":"skin/player_skin","o2":"raincoat:generated/f","o3":"raincoat:generated/a","o4":"raincoat:generated/35","o5":"raincoat:generated/a","icon_background":"raincoat:generated/1","icon":"raincoat:generated/14"},"gui_light":"front","display":{"thirdperson_lefthand":{"scale":[0.0,0.0,0.0]},"thirdperson_righthand":{"scale":[0.0,0.0,0.0]},"firstperson_lefthand":{"scale":[0.0,0.0,0.0]},"firstperson_righthand":{"rotation":[0.0,2.0,-1.0],"translation":[-8.96,19.78,-0.75]},"head":{"rotation":[0.0,-90.0,-90.0],"translation":[3.0,-42.0,4.0],"scale":[1.5,1.5,1.5]},"gui":{"rotation":[0.0,-180.0,0.0],"scale":[0.33333334,0.33333334,0.33333334]},"ground":{"rotation":[0.0,0.0,90.0],"translation":[-2.25,0.0,-4.5]},"fixed":{"rotation":[0.0,0.0,45.0],"translation":[-2.5,-1.25,-0.25],"scale":[0.7,0.7,0.7]}}}