{"textures":{"o0":"generated/3","o1":"generated/4","o2":"generated/2","o3":"generated/44","o4":"skin/player_skin_slim","o5":"skin/player_skin","o6":"generated/c","o7":"generated/8","o8":"generated/45","o9":"generated/b","o10":"generated/b","icon_background":"generated/0","icon":"generated/17"},"elements":[{"from":[7.95027,5.05,-10.5],"to":[8.04973,5.15,-0.3],"rotation":{"angle":-45.0,"axis":"z","origin":[8.0,5.3,-10.0]},"faces":{"north":{"uv":[5.0,1.0,6.0,2.0],"texture":"#o3"},"south":{"uv":[5.0,1.0,6.0,2.0],"texture":"#o3"},"up":{"uv":[5.0,1.0,6.0,2.0],"texture":"#o3"},"down":{"uv":[5.0,1.0,6.0,2.0],"texture":"#o3"}}},{"from":[7.95027,5.05,-10.5],"to":[8.04973,5.15,-0.3],"rotation":{"angle":-22.5,"axis":"z","origin":[8.0,5.3,-10.0]},"faces":{"north":{"uv":[5.0,1.0,6.0,2.0],"texture":"#o3"},"south":{"uv":[5.0,1.0,6.0,2.0],"texture":"#o3"},"up":{"uv":[5.0,1.0,6.0,2.0],"texture":"#o3"},"down":{"uv":[5.0,1.0,6.0,2.0],"texture":"#o3"}}},{"from":[7.95027,5.05,-10.5],"to":[8.04973,5.15,-0.3],"rotation":{"angle":0.0,"axis":"z","origin":[8.0,5.3,-10.0]},"faces":{"north":{"uv":[5.0,1.0,6.0,2.0],"texture":"#o3"},"south":{"uv":[5.0,1.0,6.0,2.0],"texture":"#o3"},"up":{"uv":[5.0,1.0,6.0,2.0],"texture":"#o3"},"down":{"uv":[5.0,1.0,6.0,2.0],"texture":"#o3"}}},{"from":[7.95027,5.05,-10.5],"to":[8.04973,5.15,-0.3],"rotation":{"angle":22.5,"axis":"z","origin":[8.0,5.3,-10.0]},"faces":{"north":{"uv":[5.0,1.0,6.0,2.0],"texture":"#o3"},"south":{"uv":[5.0,1.0,6.0,2.0],"texture":"#o3"},"up":{"uv":[5.0,1.0,6.0,2.0],"texture":"#o3"},"down":{"uv":[5.0,1.0,6.0,2.0],"texture":"#o3"}}},{"from":[7.95027,5.05,-10.5],"to":[8.04973,5.15,-0.3],"rotation":{"angle":45.0,"axis":"z","origin":[8.0,5.3,-10.0]},"faces":{"north":{"uv":[5.0,1.0,6.0,2.0],"texture":"#o3"},"south":{"uv":[5.0,1.0,6.0,2.0],"texture":"#o3"},"up":{"uv":[5.0,1.0,6.0,2.0],"texture":"#o3"},"down":{"uv":[5.0,1.0,6.0,2.0],"texture":"#o3"}}},{"from":[7.95027,5.45,-10.5],"to":[8.04973,5.55,-0.3],"rotation":{"angle":-45.0,"axis":"z","origin":[8.0,5.3,-10.0]},"faces":{"north":{"uv":[5.0,1.0,6.0,2.0],"texture":"#o3"},"south":{"uv":[5.0,1.0,6.0,2.0],"texture":"#o3"},"up":{"uv":[5.0,1.0,6.0,2.0],"texture":"#o3"},"down":{"uv":[5.0,1.0,6.0,2.0],"texture":"#o3"}}},{"from":[7.95027,5.45,-10.5],"to":[8.04973,5.55,-0.3],"rotation":{"angle":-22.5,"axis":"z","origin":[8.0,5.3,-10.0]},"faces":{"north":{"uv":[5.0,1.0,6.0,2.0],"texture":"#o3"},"south":{"uv":[5.0,1.0,6.0,2.0],"texture":"#o3"},"up":{"uv":[5.0,1.0,6.0,2.0],"texture":"#o3"},"down":{"uv":[5.0,1.0,6.0,2.0],"texture":"#o3"}}},{"from":[7.95027,5.45,-10.5],"to":[8.04973,5.55,-0.3],"rotation":{"angle":0.0,"axis":"z","origin":[8.0,5.3,-10.0]},"faces":{"north":{"uv":[5.0,1.0,6.0,2.0],"texture":"#o3"},"south":{"uv":[5.0,1.0,6.0,2.0],"texture":"#o3"},"up":{"uv":[5.0,1.0,6.0,2.0],"texture":"#o3"},"down":{"uv":[5.0,1.0,6.0,2.0],"texture":"#o3"}}},{"from":[7.95027,5.45,-10.5],"to":[8.04973,5.55,-0.3],"rotation":{"angle":22.5,"axis":"z","origin":[8.0,5.3,-10.0]},"faces":{"north":{"uv":[5.0,1.0,6.0,2.0],"texture":"#o3"},"south":{"uv":[5.0,1.0,6.0,2.0],"texture":"#o3"},"up":{"uv":[5.0,1.0,6.0,2.0],"texture":"#o3"},"down":{"uv":[5.0,1.0,6.0,2.0],"texture":"#o3"}}},{"from":[7.95027,5.45,-10.5],"to":[8.04973,5.55,-0.3],"rotation":{"angle":45.0,"axis":"z","origin":[8.0,5.3,-10.0]},"faces":{"north":{"uv":[5.0,1.0,6.0,2.0],"texture":"#o3"},"south":{"uv":[5.0,1.0,6.0,2.0],"texture":"#o3"},"up":{"uv":[5.0,1.0,6.0,2.0],"texture":"#o3"},"down":{"uv":[5.0,1.0,6.0,2.0],"texture":"#o3"}}},{"from":[7.75,5.25027,-10.5],"to":[7.85,5.34973,-0.3],"rotation":{"angle":-22.5,"axis":"z","origin":[8.0,5.3,-10.0]},"faces":{"north":{"uv":[5.0,1.0,6.0,2.0],"texture":"#o3"},"south":{"uv":[5.0,1.0,6.0,2.0],"texture":"#o3"},"east":{"uv":[5.0,1.0,6.0,2.0],"texture":"#o3"},"west":{"uv":[5.0,1.0,6.0,2.0],"texture":"#o3"}}},{"from":[7.75,5.25027,-10.5],"to":[7.85,5.34973,-0.3],"rotation":{"angle":0.0,"axis":"z","origin":[8.0,5.3,-10.0]},"faces":{"north":{"uv":[5.0,1.0,6.0,2.0],"texture":"#o3"},"south":{"uv":[5.0,1.0,6.0,2.0],"texture":"#o3"},"east":{"uv":[5.0,1.0,6.0,2.0],"texture":"#o3"},"west":{"uv":[5.0,1.0,6.0,2.0],"texture":"#o3"}}},{"from":[7.75,5.25027,-10.5],"to":[7.85,5.34973,-0.3],"rotation":{"angle":22.5,"axis":"z","origin":[8.0,5.3,-10.0]},"faces":{"north":{"uv":[5.0,1.0,6.0,2.0],"texture":"#o3"},"south":{"uv":[5.0,1.0,6.0,2.0],"texture":"#o3"},"east":{"uv":[5.0,1.0,6.0,2.0],"texture":"#o3"},"west":{"uv":[5.0,1.0,6.0,2.0],"texture":"#o3"}}},{"from":[8.15,5.25027,-10.5],"to":[8.25,5.34973,-0.3],"rotation":{"angle":-22.5,"axis":"z","origin":[8.0,5.3,-10.0]},"faces":{"north":{"uv":[5.0,1.0,6.0,2.0],"texture":"#o3"},"south":{"uv":[5.0,1.0,6.0,2.0],"texture":"#o3"},"east":{"uv":[5.0,1.0,6.0,2.0],"texture":"#o3"},"west":{"uv":[5.0,1.0,6.0,2.0],"texture":"#o3"}}},{"from":[8.15,5.25027,-10.5],"to":[8.25,5.34973,-0.3],"rotation":{"angle":0.0,"axis":"z","origin":[8.0,5.3,-10.0]},"faces":{"north":{"uv":[5.0,1.0,6.0,2.0],"texture":"#o3"},"south":{"uv":[5.0,1.0,6.0,2.0],"texture":"#o3"},"east":{"uv":[5.0,1.0,6.0,2.0],"texture":"#o3"},"west":{"uv":[5.0,1.0,6.0,2.0],"texture":"#o3"}}},{"from":[8.15,5.25027,-10.5],"to":[8.25,5.34973,-0.3],"rotation":{"angle":22.5,"axis":"z","origin":[8.0,5.3,-10.0]},"faces":{"north":{"uv":[5.0,1.0,6.0,2.0],"texture":"#o3"},"south":{"uv":[5.0,1.0,6.0,2.0],"texture":"#o3"},"east":{"uv":[5.0,1.0,6.0,2.0],"texture":"#o3"},"west":{"uv":[5.0,1.0,6.0,2.0],"texture":"#o3"}}},{"from":[7.90054,4.8,11.21],"to":[8.09946,5.8,12.11],"rotation":{"angle":-45.0,"axis":"z","origin":[8.0,5.3,11.71]},"faces":{"north":{"uv":[5.0,1.0,6.0,2.0],"texture":"#o3"},"up":{"uv":[1.0,5.0,2.0,6.0],"texture":"#o3"}}},{"from":[7.90054,4.8,11.21],"to":[8.09946,5.8,12.11],"rotation":{"angle":-22.5,"axis":"z","origin":[8.0,5.3,11.71]},"faces":{"north":{"uv":[5.0,1.0,6.0,2.0],"texture":"#o3"},"up":{"uv":[1.0,5.0,2.0,6.0],"texture":"#o3"}}},{"from":[7.90054,4.8,11.21],"to":[8.09946,5.8,12.11],"rotation":{"angle":0.0,"axis":"z","origin":[8.0,5.3,11.71]},"faces":{"north":{"uv":[5.0,1.0,6.0,2.0],"texture":"#o3"},"up":{"uv":[1.0,5.0,2.0,6.0],"texture":"#o3"}}},{"from":[7.90054,4.8,11.21],"to":[8.09946,5.8,12.11],"rotation":{"angle":22.5,"axis":"z","origin":[8.0,5.3,11.71]},"faces":{"north":{"uv":[5.0,1.0,6.0,2.0],"texture":"#o3"},"up":{"uv":[1.0,5.0,2.0,6.0],"texture":"#o3"}}},{"from":[7.90054,4.8,11.21],"to":[8.09946,5.8,12.11],"rotation":{"angle":45.0,"axis":"z","origin":[8.0,5.3,11.71]},"faces":{"north":{"uv":[5.0,1.0,6.0,2.0],"texture":"#o3"},"up":{"uv":[1.0,5.0,2.0,6.0],"texture":"#o3"}}},{"from":[7.5,5.20054,11.21],"to":[8.5,5.39946,12.11],"rotation":{"angle":-22.5,"axis":"z","origin":[8.0,5.3,11.71]},"faces":{"north":{"uv":[5.0,1.0,6.0,2.0],"texture":"#o3"},"east":{"uv":[1.0,5.0,2.0,6.0],"texture":"#o3"},"west":{"uv":[1.0,5.0,2.0,6.0],"texture":"#o3"}}},{"from":[7.5,5.20054,11.21],"to":[8.5,5.39946,12.11],"rotation":{"angle":0.0,"axis":"z","origin":[8.0,5.3,11.71]},"faces":{"north":{"uv":[5.0,1.0,6.0,2.0],"texture":"#o3"},"east":{"uv":[1.0,5.0,2.0,6.0],"texture":"#o3"},"west":{"uv":[1.0,5.0,2.0,6.0],"texture":"#o3"}}},{"from":[7.5,5.20054,11.21],"to":[8.5,5.39946,12.11],"rotation":{"angle":22.5,"axis":"z","origin":[8.0,5.3,11.71]},"faces":{"north":{"uv":[5.0,1.0,6.0,2.0],"texture":"#o3"},"east":{"uv":[1.0,5.0,2.0,6.0],"texture":"#o3"},"west":{"uv":[1.0,5.0,2.0,6.0],"texture":"#o3"}}},{"from":[7.90054,4.8,16.1],"to":[8.09946,5.8,16.51],"rotation":{"angle":-45.0,"axis":"z","origin":[8.0,5.3,16.6]},"faces":{"north":{"uv":[5.0,1.0,6.0,2.0],"texture":"#o3"},"south":{"uv":[5.0,1.0,6.0,2.0],"texture":"#o3"},"up":{"uv":[5.0,1.0,6.0,2.0],"texture":"#o3"},"down":{"uv":[5.0,1.0,6.0,2.0],"texture":"#o3"}}},{"from":[7.90054,4.8,16.1],"to":[8.09946,5.8,16.51],"rotation":{"angle":-22.5,"axis":"z","origin":[8.0,5.3,16.6]},"faces":{"north":{"uv":[5.0,1.0,6.0,2.0],"texture":"#o3"},"south":{"uv":[5.0,1.0,6.0,2.0],"texture":"#o3"},"up":{"uv":[5.0,1.0,6.0,2.0],"texture":"#o3"}}},{"from":[7.90054,4.8,16.1],"to":[8.09946,5.8,16.51],"rotation":{"angle":0.0,"axis":"z","origin":[8.0,5.3,16.6]},"faces":{"north":{"uv":[5.0,1.0,6.0,2.0],"texture":"#o3"},"south":{"uv":[5.0,1.0,6.0,2.0],"texture":"#o3"},"up":{"uv":[5.0,1.0,6.0,2.0],"texture":"#o3"}}},{"from":[7.90054,4.8,16.1],"to":[8.09946,5.8,16.51],"rotation":{"angle":22.5,"axis":"z","origin":[8.0,5.3,16.6]},"faces":{"north":{"uv":[5.0,1.0,6.0,2.0],"texture":"#o3"},"south":{"uv":[5.0,1.0,6.0,2.0],"texture":"#o3"},"up":{"uv":[5.0,1.0,6.0,2.0],"texture":"#o3"}}},{"from":[7.90054,4.8,16.1],"to":[8.09946,5.8,16.51],"rotation":{"angle":45.0,"axis":"z","origin":[8.0,5.3,16.6]},"faces":{"north":{"uv":[5.0,1.0,6.0,2.0],"texture":"#o3"},"south":{"uv":[5.0,1.0,6.0,2.0],"texture":"#o3"},"up":{"uv":[5.0,1.0,6.0,2.0],"texture":"#o3"},"down":{"uv":[5.0,1.0,6.0,2.0],"texture":"#o3"}}},{"from":[7.90054,4.8,13.0],"to":[8.09946,4.9,16.1],"rotation":{"angle":45.0,"axis":"z","origin":[8.0,5.3,16.2]},"faces":{"east":{"uv":[5.0,1.0,6.0,2.0],"texture":"#o3"},"down":{"uv":[5.0,1.0,6.0,2.0],"texture":"#o3"}}},{"from":[7.5,5.20054,16.1],"to":[8.5,5.39946,16.51],"rotation":{"angle":-22.5,"axis":"z","origin":[8.0,5.3,16.6]},"faces":{"north":{"uv":[5.0,1.0,6.0,2.0],"texture":"#o3"},"south":{"uv":[5.0,1.0,6.0,2.0],"texture":"#o3"},"east":{"uv":[5.0,1.0,6.0,2.0],"texture":"#o3"},"west":{"uv":[5.0,1.0,6.0,2.0],"texture":"#o3"}}},{"from":[7.5,5.20054,16.1],"to":[8.5,5.39946,16.51],"rotation":{"angle":22.5,"axis":"z","origin":[8.0,5.3,16.6]},"faces":{"north":{"uv":[5.0,1.0,6.0,2.0],"texture":"#o3"},"south":{"uv":[5.0,1.0,6.0,2.0],"texture":"#o3"},"east":{"uv":[5.0,1.0,6.0,2.0],"texture":"#o3"},"west":{"uv":[5.0,1.0,6.0,2.0],"texture":"#o3"}}},{"from":[7.93436,5.07,16.51],"to":[8.36564,5.73,17.52],"rotation":{"angle":-45.0,"axis":"z","origin":[8.0,5.4,17.01]},"faces":{"south":{"uv":[5.0,1.0,6.0,2.0],"texture":"#o3"},"up":{"uv":[5.0,1.0,6.0,2.0],"texture":"#o3"}}},{"from":[7.93436,5.07,16.51],"to":[8.06564,5.73,17.52],"rotation":{"angle":-22.5,"axis":"z","origin":[8.0,5.4,17.01]},"faces":{"south":{"uv":[5.0,1.0,6.0,2.0],"texture":"#o3"},"up":{"uv":[5.0,1.0,6.0,2.0],"texture":"#o3"}}},{"from":[7.93436,5.07,16.51],"to":[8.06564,5.73,17.52],"rotation":{"angle":0.0,"axis":"z","origin":[8.0,5.4,17.01]},"faces":{"south":{"uv":[5.0,1.0,6.0,2.0],"texture":"#o3"},"up":{"uv":[5.0,1.0,6.0,2.0],"texture":"#o3"}}},{"from":[7.93436,5.07,16.51],"to":[8.06564,5.73,17.52],"rotation":{"angle":22.5,"axis":"z","origin":[8.0,5.4,17.01]},"faces":{"south":{"uv":[5.0,1.0,6.0,2.0],"texture":"#o3"},"up":{"uv":[5.0,1.0,6.0,2.0],"texture":"#o3"}}},{"from":[7.63436,5.07,16.51],"to":[8.06564,5.73,17.52],"rotation":{"angle":45.0,"axis":"z","origin":[8.0,5.4,17.01]},"faces":{"south":{"uv":[5.0,1.0,6.0,2.0],"texture":"#o3"},"up":{"uv":[5.0,1.0,6.0,2.0],"texture":"#o3"}}},{"from":[7.63436,5.07,17.52],"to":[7.96564,5.73,17.82],"rotation":{"angle":45.0,"axis":"z","origin":[8.0,5.4,17.31]},"faces":{"south":{"uv":[5.0,1.0,6.0,2.0],"texture":"#o3"},"east":{"uv":[5.0,1.0,6.0,2.0],"texture":"#o3"},"up":{"uv":[5.0,1.0,6.0,2.0],"texture":"#o3"}}},{"from":[7.90054,4.8,16.51],"to":[8.09946,5.5,17.82],"rotation":{"angle":0.0,"axis":"z","origin":[8.0,5.3,17.01]},"faces":{"north":{"uv":[5.0,1.0,6.0,2.0],"texture":"#o3"},"south":{"uv":[5.0,1.0,6.0,2.0],"texture":"#o3"},"east":{"uv":[5.0,1.0,6.0,2.0],"texture":"#o3"},"west":{"uv":[5.0,1.0,6.0,2.0],"texture":"#o3"},"up":{"uv":[5.0,1.0,6.0,2.0],"texture":"#o3"},"down":{"uv":[5.0,1.0,6.0,2.0],"texture":"#o3"}}},{"from":[7.5,4.90054,16.51],"to":[8.5,5.39946,17.82],"rotation":{"angle":0.0,"axis":"z","origin":[8.0,5.3,18.43]},"faces":{"north":{"uv":[5.0,1.0,6.0,2.0],"texture":"#o3"},"south":{"uv":[5.0,1.0,6.0,2.0],"texture":"#o3"},"east":{"uv":[5.0,1.0,6.0,2.0],"texture":"#o3"},"west":{"uv":[5.0,1.0,6.0,2.0],"texture":"#o3"},"up":{"uv":[5.0,1.0,6.0,2.0],"texture":"#o3"}}},{"from":[7.5,5.20054,16.1],"to":[8.5,5.39946,16.51],"rotation":{"angle":0.0,"axis":"z","origin":[8.0,5.3,18.43]},"faces":{"north":{"uv":[5.0,1.0,6.0,2.0],"texture":"#o3"},"east":{"uv":[5.0,1.0,6.0,2.0],"texture":"#o3"},"west":{"uv":[5.0,1.0,6.0,2.0],"texture":"#o3"}}},{"from":[7.91049,4.85,4.7],"to":[8.08951,5.75,11.23],"rotation":{"angle":-45.0,"axis":"z","origin":[8.0,5.3,5.2]},"faces":{"up":{"uv":[1.0,5.0,2.0,6.0],"texture":"#o3"}}},{"from":[7.91049,4.85,4.7],"to":[8.08951,5.75,11.23],"rotation":{"angle":-22.5,"axis":"z","origin":[8.0,5.3,5.2]},"faces":{"up":{"uv":[1.0,5.0,2.0,6.0],"texture":"#o3"}}},{"from":[7.91049,4.85,4.7],"to":[8.08951,5.75,11.23],"rotation":{"angle":0.0,"axis":"z","origin":[8.0,5.3,5.2]},"faces":{"up":{"uv":[1.0,5.0,2.0,6.0],"texture":"#o3"}}},{"from":[7.91049,4.85,4.7],"to":[8.08951,5.75,11.23],"rotation":{"angle":22.5,"axis":"z","origin":[8.0,5.3,5.2]},"faces":{"up":{"uv":[1.0,5.0,2.0,6.0],"texture":"#o3"}}},{"from":[7.91049,4.85,4.7],"to":[8.08951,5.75,11.23],"rotation":{"angle":45.0,"axis":"z","origin":[8.0,5.3,5.2]},"faces":{"up":{"uv":[1.0,5.0,2.0,6.0],"texture":"#o3"}}},{"from":[7.55,5.21049,4.7],"to":[8.45,5.38951,11.23],"rotation":{"angle":-22.5,"axis":"z","origin":[8.0,5.3,5.2]},"faces":{"east":{"uv":[1.0,5.0,2.0,6.0],"texture":"#o3"},"west":{"uv":[1.0,5.0,2.0,6.0],"texture":"#o3"}}},{"from":[7.55,5.21049,4.7],"to":[8.45,5.38951,11.23],"rotation":{"angle":0.0,"axis":"z","origin":[8.0,5.3,5.2]},"faces":{"east":{"uv":[1.0,5.0,2.0,6.0],"texture":"#o3"},"west":{"uv":[1.0,5.0,2.0,6.0],"texture":"#o3"}}},{"from":[7.55,5.21049,4.7],"to":[8.45,5.38951,11.23],"rotation":{"angle":22.5,"axis":"z","origin":[8.0,5.3,5.2]},"faces":{"east":{"uv":[1.0,5.0,2.0,6.0],"texture":"#o3"},"west":{"uv":[1.0,5.0,2.0,6.0],"texture":"#o3"}}},{"from":[7.88065,4.71,11.4],"to":[8.11935,5.91,13.13],"rotation":{"angle":-45.0,"axis":"z","origin":[8.0,5.31,11.9]},"faces":{"north":{"uv":[1.0,5.0,2.0,6.0],"texture":"#o3"},"south":{"uv":[1.0,5.0,2.0,6.0],"texture":"#o3"},"east":{"uv":[1.0,5.0,2.0,6.0],"texture":"#o3"},"west":{"uv":[1.0,5.0,2.0,6.0],"texture":"#o3"},"up":{"uv":[1.0,5.0,2.0,6.0],"texture":"#o3"},"down":{"uv":[1.0,5.0,2.0,6.0],"texture":"#o3"}}},{"from":[7.88065,4.71,11.4],"to":[8.11935,5.91,13.13],"rotation":{"angle":-22.5,"axis":"z","origin":[8.0,5.31,11.9]},"faces":{"north":{"uv":[1.0,5.0,2.0,6.0],"texture":"#o3"},"south":{"uv":[1.0,5.0,2.0,6.0],"texture":"#o3"},"east":{"uv":[1.0,5.0,2.0,6.0],"texture":"#o3"},"west":{"uv":[1.0,5.0,2.0,6.0],"texture":"#o3"},"up":{"uv":[1.0,5.0,2.0,6.0],"texture":"#o3"},"down":{"uv":[1.0,5.0,2.0,6.0],"texture":"#o3"}}},{"from":[7.88065,4.71,11.4],"to":[8.11935,5.91,13.13],"rotation":{"angle":0.0,"axis":"z","origin":[8.0,5.31,11.9]},"faces":{"north":{"uv":[1.0,5.0,2.0,6.0],"texture":"#o3"},"south":{"uv":[1.0,5.0,2.0,6.0],"texture":"#o3"},"east":{"uv":[1.0,5.0,2.0,6.0],"texture":"#o3"},"west":{"uv":[1.0,5.0,2.0,6.0],"texture":"#o3"},"up":{"uv":[1.0,5.0,2.0,6.0],"texture":"#o3"},"down":{"uv":[1.0,5.0,2.0,6.0],"texture":"#o3"}}},{"from":[7.88065,4.71,11.4],"to":[8.11935,5.91,13.13],"rotation":{"angle":22.5,"axis":"z","origin":[8.0,5.31,11.9]},"faces":{"north":{"uv":[1.0,5.0,2.0,6.0],"texture":"#o3"},"south":{"uv":[1.0,5.0,2.0,6.0],"texture":"#o3"},"east":{"uv":[1.0,5.0,2.0,6.0],"texture":"#o3"},"west":{"uv":[1.0,5.0,2.0,6.0],"texture":"#o3"},"up":{"uv":[1.0,5.0,2.0,6.0],"texture":"#o3"},"down":{"uv":[1.0,5.0,2.0,6.0],"texture":"#o3"}}},{"from":[7.88065,4.71,11.4],"to":[8.11935,5.91,13.13],"rotation":{"angle":45.0,"axis":"z","origin":[8.0,5.31,11.9]},"faces":{"north":{"uv":[1.0,5.0,2.0,6.0],"texture":"#o3"},"south":{"uv":[1.0,5.0,2.0,6.0],"texture":"#o3"},"east":{"uv":[1.0,5.0,2.0,6.0],"texture":"#o3"},"west":{"uv":[1.0,5.0,2.0,6.0],"texture":"#o3"},"up":{"uv":[1.0,5.0,2.0,6.0],"texture":"#o3"},"down":{"uv":[1.0,5.0,2.0,6.0],"texture":"#o3"}}},{"from":[7.4,5.19065,11.4],"to":[8.6,5.42935,13.13],"rotation":{"angle":-22.5,"axis":"z","origin":[8.0,5.31,11.9]},"faces":{"north":{"uv":[1.0,5.0,2.0,6.0],"texture":"#o3"},"south":{"uv":[1.0,5.0,2.0,6.0],"texture":"#o3"},"east":{"uv":[1.0,5.0,2.0,6.0],"texture":"#o3"},"west":{"uv":[1.0,5.0,2.0,6.0],"texture":"#o3"},"up":{"uv":[1.0,5.0,2.0,6.0],"texture":"#o3"},"down":{"uv":[1.0,5.0,2.0,6.0],"texture":"#o3"}}},{"from":[7.4,5.19065,11.4],"to":[8.6,5.42935,13.13],"rotation":{"angle":0.0,"axis":"z","origin":[8.0,5.31,11.9]},"faces":{"north":{"uv":[1.0,5.0,2.0,6.0],"texture":"#o3"},"south":{"uv":[1.0,5.0,2.0,6.0],"texture":"#o3"},"east":{"uv":[1.0,5.0,2.0,6.0],"texture":"#o3"},"west":{"uv":[1.0,5.0,2.0,6.0],"texture":"#o3"},"up":{"uv":[1.0,5.0,2.0,6.0],"texture":"#o3"},"down":{"uv":[1.0,5.0,2.0,6.0],"texture":"#o3"}}},{"from":[7.4,5.19065,11.4],"to":[8.6,5.42935,13.13],"rotation":{"angle":22.5,"axis":"z","origin":[8.0,5.31,11.9]},"faces":{"north":{"uv":[1.0,5.0,2.0,6.0],"texture":"#o3"},"south":{"uv":[1.0,5.0,2.0,6.0],"texture":"#o3"},"east":{"uv":[1.0,5.0,2.0,6.0],"texture":"#o3"},"west":{"uv":[1.0,5.0,2.0,6.0],"texture":"#o3"},"up":{"uv":[1.0,5.0,2.0,6.0],"texture":"#o3"},"down":{"uv":[1.0,5.0,2.0,6.0],"texture":"#o3"}}},{"from":[7.31,4.91946,16.4],"to":[7.5,5.32946,17.8],"rotation":{"angle":0.0,"axis":"y","origin":[7.77307,5.62922,29.31]},"faces":{"north":{"uv":[5.0,1.0,6.0,2.0],"texture":"#o3"},"south":{"uv":[5.0,1.0,6.0,2.0],"texture":"#o3"},"east":{"uv":[5.0,1.0,6.0,2.0],"texture":"#o3"},"west":{"uv":[5.0,1.0,6.0,2.0],"texture":"#o3"},"up":{"uv":[5.0,1.0,6.0,2.0],"texture":"#o3"}}},{"from":[7.91049,4.86,13.1],"to":[8.08951,5.06,15.31],"rotation":{"angle":-45.0,"axis":"z","origin":[8.0,5.31,13.6]},"faces":{"south":{"uv":[5.0,1.0,6.0,2.0],"texture":"#o3"},"west":{"uv":[5.0,1.0,6.0,2.0],"texture":"#o3"},"up":{"uv":[5.0,1.0,6.0,2.0],"texture":"#o3"},"down":{"uv":[5.0,1.0,6.0,2.0],"texture":"#o3"}}},{"from":[7.91049,4.86,13.1],"to":[8.08951,5.06,16.11],"rotation":{"angle":-22.5,"axis":"z","origin":[8.0,5.31,13.6]},"faces":{"west":{"uv":[5.0,1.0,6.0,2.0],"texture":"#o3"},"up":{"uv":[5.0,1.0,6.0,2.0],"texture":"#o3"},"down":{"uv":[5.0,1.0,6.0,2.0],"texture":"#o3"}}},{"from":[7.91049,4.86,13.1],"to":[8.08951,5.06,16.11],"rotation":{"angle":0.0,"axis":"z","origin":[8.0,5.31,13.6]},"faces":{"up":{"uv":[5.0,1.0,6.0,2.0],"texture":"#o3"},"down":{"uv":[5.0,1.0,6.0,2.0],"texture":"#o3"}}},{"from":[7.91049,4.86,13.1],"to":[8.08951,5.06,16.11],"rotation":{"angle":22.5,"axis":"z","origin":[8.0,5.31,13.6]},"faces":{"up":{"uv":[5.0,1.0,6.0,2.0],"texture":"#o3"},"down":{"uv":[5.0,1.0,6.0,2.0],"texture":"#o3"}}},{"from":[7.91049,4.86,13.1],"to":[8.08951,5.06,16.11],"rotation":{"angle":45.0,"axis":"z","origin":[8.0,5.31,13.6]},"faces":{"up":{"uv":[5.0,1.0,6.0,2.0],"texture":"#o3"},"down":{"uv":[5.0,1.0,6.0,2.0],"texture":"#o3"}}},{"from":[7.55,5.22049,13.1],"to":[7.75,5.59951,14.91],"rotation":{"angle":0.0,"axis":"z","origin":[8.0,5.31,13.6]},"faces":{"south":{"uv":[5.0,1.0,6.0,2.0],"texture":"#o3"},"east":{"uv":[5.0,1.0,6.0,2.0],"texture":"#o3"},"west":{"uv":[5.0,1.0,6.0,2.0],"texture":"#o3"},"up":{"uv":[5.0,1.0,6.0,2.0],"texture":"#o3"}}},{"from":[7.55,5.22049,13.1],"to":[7.75,5.39951,15.12],"rotation":{"angle":22.5,"axis":"z","origin":[8.0,5.31,13.6]},"faces":{"south":{"uv":[5.0,1.0,6.0,2.0],"texture":"#o3"},"east":{"uv":[5.0,1.0,6.0,2.0],"texture":"#o3"},"west":{"uv":[5.0,1.0,6.0,2.0],"texture":"#o3"},"up":{"uv":[5.0,1.0,6.0,2.0],"texture":"#o3"}}},{"from":[8.25,5.22049,13.1],"to":[8.45,5.39951,16.11],"rotation":{"angle":-22.5,"axis":"z","origin":[8.0,5.31,13.6]},"faces":{"east":{"uv":[5.0,1.0,6.0,2.0],"texture":"#o3"},"west":{"uv":[5.0,1.0,6.0,2.0],"texture":"#o3"}}},{"from":[8.25,5.22049,13.1],"to":[8.45,5.29951,16.11],"rotation":{"angle":0.0,"axis":"z","origin":[8.0,5.31,13.6]},"faces":{"east":{"uv":[5.0,1.0,6.0,2.0],"texture":"#o3"},"west":{"uv":[5.0,1.0,6.0,2.0],"texture":"#o3"},"up":{"uv":[5.0,1.0,6.0,2.0],"texture":"#o3"}}},{"from":[7.92044,5.28,-5.5],"to":[8.07956,5.68,-3.7],"rotation":{"angle":-45.0,"axis":"z","origin":[8.0,5.28,-5.0]},"faces":{"north":{"uv":[1.0,5.0,2.0,6.0],"texture":"#o3"},"south":{"uv":[1.0,5.0,2.0,6.0],"texture":"#o3"},"up":{"uv":[1.0,5.0,2.0,6.0],"texture":"#o3"}}},{"from":[7.6,4.44033,-5.5],"to":[8.4,5.35967,-3.7],"rotation":{"angle":0.0,"axis":"z","origin":[8.0,5.3,-5.0]},"faces":{"north":{"uv":[1.0,5.0,2.0,6.0],"texture":"#o3"},"south":{"uv":[1.0,5.0,2.0,6.0],"texture":"#o3"},"east":{"uv":[1.0,5.0,2.0,6.0],"texture":"#o3"},"west":{"uv":[1.0,5.0,2.0,6.0],"texture":"#o3"}}},{"from":[7.9,4.48033,-7.05],"to":[8.1,5.35967,-5.5],"rotation":{"angle":0.0,"axis":"z","origin":[8.0,5.3,-6.8]},"faces":{"north":{"uv":[5.0,1.0,6.0,2.0],"texture":"#o3"},"east":{"uv":[5.0,1.0,6.0,2.0],"texture":"#o3"},"west":{"uv":[5.0,1.0,6.0,2.0],"texture":"#o3"},"down":{"uv":[5.0,1.0,6.0,2.0],"texture":"#o3"}}},{"from":[7.95,4.50033,-9.66],"to":[8.05,4.62967,-7.05],"rotation":{"angle":0.0,"axis":"z","origin":[8.0,5.34,-8.35]},"faces":{"north":{"uv":[5.0,1.0,6.0,2.0],"texture":"#o3"},"east":{"uv":[5.0,1.0,6.0,2.0],"texture":"#o3"},"west":{"uv":[5.0,1.0,6.0,2.0],"texture":"#o3"},"up":{"uv":[5.0,1.0,6.0,2.0],"texture":"#o3"},"down":{"uv":[5.0,1.0,6.0,2.0],"texture":"#o3"}}},{"from":[7.92044,5.28,-5.5],"to":[8.07956,5.68,-3.7],"rotation":{"angle":-22.5,"axis":"z","origin":[8.0,5.28,-5.0]},"faces":{"north":{"uv":[1.0,5.0,2.0,6.0],"texture":"#o3"},"south":{"uv":[1.0,5.0,2.0,6.0],"texture":"#o3"},"up":{"uv":[1.0,5.0,2.0,6.0],"texture":"#o3"}}},{"from":[7.92044,5.28,-5.5],"to":[8.07956,5.68,-3.7],"rotation":{"angle":0.0,"axis":"z","origin":[8.0,5.28,-5.0]},"faces":{"north":{"uv":[1.0,5.0,2.0,6.0],"texture":"#o3"},"south":{"uv":[1.0,5.0,2.0,6.0],"texture":"#o3"},"up":{"uv":[1.0,5.0,2.0,6.0],"texture":"#o3"}}},{"from":[7.92044,5.28,-5.5],"to":[8.07956,5.68,-3.7],"rotation":{"angle":22.5,"axis":"z","origin":[8.0,5.28,-5.0]},"faces":{"north":{"uv":[1.0,5.0,2.0,6.0],"texture":"#o3"},"south":{"uv":[1.0,5.0,2.0,6.0],"texture":"#o3"},"up":{"uv":[1.0,5.0,2.0,6.0],"texture":"#o3"}}},{"from":[7.92044,5.28,-5.5],"to":[8.07956,5.68,-3.7],"rotation":{"angle":45.0,"axis":"z","origin":[8.0,5.28,-5.0]},"faces":{"north":{"uv":[1.0,5.0,2.0,6.0],"texture":"#o3"},"south":{"uv":[1.0,5.0,2.0,6.0],"texture":"#o3"},"up":{"uv":[1.0,5.0,2.0,6.0],"texture":"#o3"}}},{"from":[7.6,5.20044,-5.5],"to":[8.0,5.35956,-3.7],"rotation":{"angle":-22.5,"axis":"z","origin":[8.0,5.28,-5.0]},"faces":{"north":{"uv":[1.0,5.0,2.0,6.0],"texture":"#o3"},"south":{"uv":[1.0,5.0,2.0,6.0],"texture":"#o3"},"west":{"uv":[1.0,5.0,2.0,6.0],"texture":"#o3"}}},{"from":[8.0,5.20044,-5.5],"to":[8.4,5.35956,-3.7],"rotation":{"angle":22.5,"axis":"z","origin":[8.0,5.28,-5.0]},"faces":{"north":{"uv":[1.0,5.0,2.0,6.0],"texture":"#o3"},"south":{"uv":[1.0,5.0,2.0,6.0],"texture":"#o3"},"east":{"uv":[1.0,5.0,2.0,6.0],"texture":"#o3"}}},{"from":[7.92044,4.12,-5.5],"to":[8.07956,4.52,-3.7],"rotation":{"angle":22.5,"axis":"z","origin":[8.0,4.52,-5.0]},"faces":{"north":{"uv":[1.0,6.0,2.0,5.0],"texture":"#o3"},"south":{"uv":[1.0,6.0,2.0,5.0],"texture":"#o3"},"down":{"uv":[1.0,6.0,2.0,5.0],"texture":"#o3"}}},{"from":[7.92044,4.12,-5.5],"to":[8.07956,4.52,-3.7],"rotation":{"angle":0.0,"axis":"z","origin":[8.0,4.52,-5.0]},"faces":{"north":{"uv":[1.0,6.0,2.0,5.0],"texture":"#o3"},"south":{"uv":[1.0,6.0,2.0,5.0],"texture":"#o3"},"down":{"uv":[1.0,6.0,2.0,5.0],"texture":"#o3"}}},{"from":[7.92044,4.12,-5.5],"to":[8.07956,4.52,-3.7],"rotation":{"angle":-22.5,"axis":"z","origin":[8.0,4.52,-5.0]},"faces":{"north":{"uv":[1.0,6.0,2.0,5.0],"texture":"#o3"},"south":{"uv":[1.0,6.0,2.0,5.0],"texture":"#o3"},"down":{"uv":[1.0,6.0,2.0,5.0],"texture":"#o3"}}},{"from":[7.92044,4.12,-5.5],"to":[8.07956,4.52,-3.7],"rotation":{"angle":-45.0,"axis":"z","origin":[8.0,4.52,-5.0]},"faces":{"north":{"uv":[1.0,6.0,2.0,5.0],"texture":"#o3"},"south":{"uv":[1.0,6.0,2.0,5.0],"texture":"#o3"},"down":{"uv":[1.0,6.0,2.0,5.0],"texture":"#o3"}}},{"from":[7.6,4.44044,-5.5],"to":[8.0,4.59956,-3.7],"rotation":{"angle":22.5,"axis":"z","origin":[8.0,4.52,-5.0]},"faces":{"north":{"uv":[1.0,6.0,2.0,5.0],"texture":"#o3"},"south":{"uv":[1.0,6.0,2.0,5.0],"texture":"#o3"},"west":{"uv":[1.0,6.0,2.0,5.0],"texture":"#o3"}}},{"from":[8.0,4.44044,-5.5],"to":[8.4,4.59956,-3.7],"rotation":{"angle":-22.5,"axis":"z","origin":[8.0,4.52,-5.0]},"faces":{"north":{"uv":[1.0,6.0,2.0,5.0],"texture":"#o3"},"south":{"uv":[1.0,6.0,2.0,5.0],"texture":"#o3"},"east":{"uv":[1.0,6.0,2.0,5.0],"texture":"#o3"}}},{"from":[7.92044,4.12,-5.5],"to":[8.07956,4.52,-3.7],"rotation":{"angle":45.0,"axis":"z","origin":[8.0,4.52,-5.0]},"faces":{"north":{"uv":[1.0,6.0,2.0,5.0],"texture":"#o3"},"south":{"uv":[1.0,6.0,2.0,5.0],"texture":"#o3"},"down":{"uv":[1.0,6.0,2.0,5.0],"texture":"#o3"}}},{"from":[7.92541,4.145,-3.7],"to":[8.07459,4.595,-0.78],"rotation":{"angle":-45.0,"axis":"z","origin":[8.0,4.52,-3.2]},"faces":{"down":{"uv":[3.0,11.0,16.0,12.0],"texture":"#o8"}}},{"from":[7.625,4.4453,-3.7],"to":[8.375,5.3547,-0.78],"rotation":{"angle":0.0,"axis":"z","origin":[8.0,5.3,-3.2]},"faces":{"east":{"uv":[3.0,8.0,16.0,14.0],"texture":"#o8"},"west":{"uv":[0.0,0.0,13.0,6.0],"texture":"#o8"},"up":{"uv":[0.0,3.0,13.0,8.0],"rotation":90,"texture":"#o8"}}},{"from":[7.92541,4.145,-3.7],"to":[8.07459,4.595,-0.78],"rotation":{"angle":-22.5,"axis":"z","origin":[8.0,4.52,-3.2]},"faces":{"down":{"uv":[2.0,11.0,15.0,12.0],"texture":"#o8"}}},{"from":[7.92541,4.145,-3.7],"to":[8.07459,4.595,-0.78],"rotation":{"angle":0.0,"axis":"z","origin":[8.0,4.52,-3.2]},"faces":{"down":{"uv":[3.0,15.0,16.0,16.0],"texture":"#o8"}}},{"from":[7.92541,4.145,-3.7],"to":[8.07459,4.595,-0.78],"rotation":{"angle":22.5,"axis":"z","origin":[8.0,4.52,-3.2]},"faces":{"down":{"uv":[3.0,3.0,16.0,4.0],"texture":"#o8"}}},{"from":[7.92541,4.145,-3.7],"to":[8.07459,4.595,-0.78],"rotation":{"angle":45.0,"axis":"z","origin":[8.0,4.52,-3.2]},"faces":{"down":{"uv":[3.0,4.0,16.0,5.0],"texture":"#o8"}}},{"from":[7.925,4.44541,-3.7],"to":[8.375,4.59459,-0.78],"rotation":{"angle":-22.5,"axis":"z","origin":[8.0,4.52,-3.2]},"faces":{"east":{"uv":[1.0,11.0,14.0,12.0],"texture":"#o8"}}},{"from":[7.625,4.44541,-3.7],"to":[8.075,4.59459,-0.78],"rotation":{"angle":22.5,"axis":"z","origin":[8.0,4.52,-3.2]},"faces":{"west":{"uv":[0.0,6.0,13.0,7.0],"texture":"#o8"}}},{"from":[7.625,4.3753,-0.1],"to":[8.375,5.4547,2.1],"rotation":{"angle":0.0,"axis":"z","origin":[8.0,5.3,0.4]},"faces":{"east":{"uv":[7.0,9.0,16.0,15.0],"texture":"#o8"},"west":{"uv":[1.0,1.0,10.0,7.0],"texture":"#o8"},"up":{"uv":[1.0,1.0,2.0,2.0],"texture":"#o3"},"down":{"uv":[1.0,1.0,2.0,2.0],"texture":"#o3"}}},{"from":[7.625,4.37541,-0.1],"to":[8.075,4.52459,2.1],"rotation":{"angle":22.5,"axis":"z","origin":[8.0,4.45,0.4]},"faces":{"north":{"uv":[1.0,1.0,2.0,2.0],"texture":"#o3"},"west":{"uv":[3.0,12.0,12.0,13.0],"texture":"#o8"}}},{"from":[7.92541,4.075,-0.1],"to":[8.07459,4.525,2.1],"rotation":{"angle":-45.0,"axis":"z","origin":[8.0,4.45,0.4]},"faces":{"north":{"uv":[1.0,1.0,2.0,2.0],"texture":"#o3"},"down":{"uv":[1.0,14.0,10.0,15.0],"rotation":90,"texture":"#o8"}}},{"from":[7.92541,4.075,-0.1],"to":[8.07459,4.525,2.1],"rotation":{"angle":0.0,"axis":"z","origin":[8.0,4.45,0.4]},"faces":{"north":{"uv":[1.0,1.0,2.0,2.0],"texture":"#o3"},"down":{"uv":[7.0,0.0,16.0,1.0],"rotation":90,"texture":"#o8"}}},{"from":[7.92541,4.075,-0.1],"to":[8.07459,4.525,2.1],"rotation":{"angle":-22.5,"axis":"z","origin":[8.0,4.45,0.4]},"faces":{"north":{"uv":[1.0,1.0,2.0,2.0],"texture":"#o3"},"down":{"uv":[1.0,5.0,10.0,6.0],"rotation":90,"texture":"#o8"}}},{"from":[7.925,4.37541,-0.1],"to":[8.375,4.52459,2.1],"rotation":{"angle":-22.5,"axis":"z","origin":[8.0,4.45,0.4]},"faces":{"north":{"uv":[1.0,1.0,2.0,2.0],"texture":"#o3"},"east":{"uv":[7.0,15.0,16.0,16.0],"texture":"#o8"}}},{"from":[7.92541,4.075,-0.1],"to":[8.07459,4.525,2.1],"rotation":{"angle":45.0,"axis":"z","origin":[8.0,4.45,0.4]},"faces":{"north":{"uv":[1.0,1.0,2.0,2.0],"texture":"#o3"},"down":{"uv":[0.0,10.0,9.0,11.0],"rotation":90,"texture":"#o8"}}},{"from":[7.92541,4.075,-0.1],"to":[8.07459,4.525,2.1],"rotation":{"angle":22.5,"axis":"z","origin":[8.0,4.45,0.4]},"faces":{"north":{"uv":[1.0,1.0,2.0,2.0],"texture":"#o3"},"down":{"uv":[7.0,13.0,16.0,14.0],"rotation":90,"texture":"#o8"}}},{"from":[7.925,5.30541,-0.1],"to":[8.375,5.45459,2.1],"rotation":{"angle":22.5,"axis":"z","origin":[8.0,5.38,0.4]},"faces":{"east":{"uv":[7.0,7.0,16.0,8.0],"texture":"#o8"}}},{"from":[7.92541,5.305,-0.1],"to":[8.07459,5.755,2.1],"rotation":{"angle":-45.0,"axis":"z","origin":[8.0,5.38,0.4]},"faces":{"up":{"uv":[4.0,6.0,13.0,7.0],"rotation":90,"texture":"#o8"}}},{"from":[7.92541,5.305,-0.1],"to":[8.07459,5.755,2.1],"rotation":{"angle":-22.5,"axis":"z","origin":[8.0,5.38,0.4]},"faces":{"up":{"uv":[7.0,11.0,16.0,12.0],"rotation":90,"texture":"#o8"}}},{"from":[7.92541,5.305,-0.1],"to":[8.07459,5.755,2.1],"rotation":{"angle":0.0,"axis":"z","origin":[8.0,5.38,0.4]},"faces":{"up":{"uv":[4.0,13.0,13.0,14.0],"rotation":90,"texture":"#o8"}}},{"from":[7.92541,5.305,-0.1],"to":[8.07459,5.755,2.1],"rotation":{"angle":22.5,"axis":"z","origin":[8.0,5.38,0.4]},"faces":{"up":{"uv":[5.0,13.0,14.0,14.0],"rotation":90,"texture":"#o8"}}},{"from":[7.92541,5.305,-0.1],"to":[8.07459,5.755,2.1],"rotation":{"angle":45.0,"axis":"z","origin":[8.0,5.38,0.4]},"faces":{"up":{"uv":[3.0,6.0,12.0,7.0],"rotation":90,"texture":"#o8"}}},{"from":[7.625,5.30541,-0.1],"to":[8.075,5.45459,2.1],"rotation":{"angle":-22.5,"axis":"z","origin":[8.0,5.38,0.4]},"faces":{"west":{"uv":[4.0,6.0,13.0,7.0],"texture":"#o8"}}},{"from":[7.92044,5.39,-0.8],"to":[8.07956,5.79,-0.1],"rotation":{"angle":-45.0,"axis":"z","origin":[8.0,5.39,-0.3]},"faces":{"north":{"uv":[1.0,5.0,2.0,6.0],"texture":"#o3"},"south":{"uv":[1.0,5.0,2.0,6.0],"texture":"#o3"},"up":{"uv":[1.0,5.0,2.0,6.0],"texture":"#o3"}}},{"from":[7.6,4.44033,-0.8],"to":[8.4,5.46967,-0.1],"rotation":{"angle":0.0,"axis":"z","origin":[8.0,5.3,-0.3]},"faces":{"north":{"uv":[1.0,5.0,2.0,6.0],"texture":"#o3"},"south":{"uv":[1.0,5.0,2.0,6.0],"texture":"#o3"},"east":{"uv":[1.0,5.0,2.0,6.0],"texture":"#o3"},"west":{"uv":[1.0,5.0,2.0,6.0],"texture":"#o3"}}},{"from":[7.92044,5.39,-0.8],"to":[8.07956,5.79,-0.1],"rotation":{"angle":-22.5,"axis":"z","origin":[8.0,5.39,-0.3]},"faces":{"north":{"uv":[1.0,5.0,2.0,6.0],"texture":"#o3"},"south":{"uv":[1.0,5.0,2.0,6.0],"texture":"#o3"},"up":{"uv":[1.0,5.0,2.0,6.0],"texture":"#o3"}}},{"from":[7.92044,5.39,-0.8],"to":[8.07956,5.79,-0.1],"rotation":{"angle":0.0,"axis":"z","origin":[8.0,5.39,-0.3]},"faces":{"north":{"uv":[1.0,5.0,2.0,6.0],"texture":"#o3"},"south":{"uv":[1.0,5.0,2.0,6.0],"texture":"#o3"},"up":{"uv":[1.0,5.0,2.0,6.0],"texture":"#o3"}}},{"from":[7.92044,5.39,-0.8],"to":[8.07956,5.79,-0.1],"rotation":{"angle":22.5,"axis":"z","origin":[8.0,5.39,-0.3]},"faces":{"north":{"uv":[1.0,5.0,2.0,6.0],"texture":"#o3"},"south":{"uv":[1.0,5.0,2.0,6.0],"texture":"#o3"},"up":{"uv":[1.0,5.0,2.0,6.0],"texture":"#o3"}}},{"from":[7.92044,5.39,-0.8],"to":[8.07956,5.79,-0.1],"rotation":{"angle":45.0,"axis":"z","origin":[8.0,5.39,-0.3]},"faces":{"north":{"uv":[1.0,5.0,2.0,6.0],"texture":"#o3"},"south":{"uv":[1.0,5.0,2.0,6.0],"texture":"#o3"},"up":{"uv":[1.0,5.0,2.0,6.0],"texture":"#o3"}}},{"from":[7.6,5.31044,-0.8],"to":[8.0,5.46956,-0.1],"rotation":{"angle":-22.5,"axis":"z","origin":[8.0,5.39,-0.3]},"faces":{"north":{"uv":[1.0,5.0,2.0,6.0],"texture":"#o3"},"south":{"uv":[1.0,5.0,2.0,6.0],"texture":"#o3"},"west":{"uv":[1.0,5.0,2.0,6.0],"texture":"#o3"}}},{"from":[8.0,5.31044,-0.8],"to":[8.4,5.46956,-0.1],"rotation":{"angle":22.5,"axis":"z","origin":[8.0,5.39,-0.3]},"faces":{"north":{"uv":[1.0,5.0,2.0,6.0],"texture":"#o3"},"south":{"uv":[1.0,5.0,2.0,6.0],"texture":"#o3"},"east":{"uv":[1.0,5.0,2.0,6.0],"texture":"#o3"}}},{"from":[7.92044,4.12,-0.8],"to":[8.07956,4.52,-0.1],"rotation":{"angle":22.5,"axis":"z","origin":[8.0,4.52,-0.3]},"faces":{"north":{"uv":[1.0,6.0,2.0,5.0],"texture":"#o3"},"south":{"uv":[1.0,6.0,2.0,5.0],"texture":"#o3"},"down":{"uv":[1.0,6.0,2.0,5.0],"texture":"#o3"}}},{"from":[7.92044,4.12,-0.8],"to":[8.07956,4.52,-0.1],"rotation":{"angle":0.0,"axis":"z","origin":[8.0,4.52,-0.3]},"faces":{"north":{"uv":[1.0,6.0,2.0,5.0],"texture":"#o3"},"south":{"uv":[1.0,6.0,2.0,5.0],"texture":"#o3"},"down":{"uv":[1.0,6.0,2.0,5.0],"texture":"#o3"}}},{"from":[7.92044,4.12,-0.8],"to":[8.07956,4.52,-0.1],"rotation":{"angle":-22.5,"axis":"z","origin":[8.0,4.52,-0.3]},"faces":{"north":{"uv":[1.0,6.0,2.0,5.0],"texture":"#o3"},"south":{"uv":[1.0,6.0,2.0,5.0],"texture":"#o3"},"down":{"uv":[1.0,6.0,2.0,5.0],"texture":"#o3"}}},{"from":[7.92044,4.12,-0.8],"to":[8.07956,4.52,-0.1],"rotation":{"angle":-45.0,"axis":"z","origin":[8.0,4.52,-0.3]},"faces":{"north":{"uv":[1.0,6.0,2.0,5.0],"texture":"#o3"},"south":{"uv":[1.0,6.0,2.0,5.0],"texture":"#o3"},"down":{"uv":[1.0,6.0,2.0,5.0],"texture":"#o3"}}},{"from":[7.6,4.44044,-0.8],"to":[8.0,4.59956,-0.1],"rotation":{"angle":22.5,"axis":"z","origin":[8.0,4.52,-0.3]},"faces":{"north":{"uv":[1.0,6.0,2.0,5.0],"texture":"#o3"},"south":{"uv":[1.0,6.0,2.0,5.0],"texture":"#o3"},"west":{"uv":[1.0,6.0,2.0,5.0],"texture":"#o3"}}},{"from":[8.0,4.44044,-0.8],"to":[8.4,4.59956,-0.1],"rotation":{"angle":-22.5,"axis":"z","origin":[8.0,4.52,-0.3]},"faces":{"north":{"uv":[1.0,6.0,2.0,5.0],"texture":"#o3"},"south":{"uv":[1.0,6.0,2.0,5.0],"texture":"#o3"},"east":{"uv":[1.0,6.0,2.0,5.0],"texture":"#o3"}}},{"from":[7.92044,4.12,-0.8],"to":[8.07956,4.52,-0.1],"rotation":{"angle":45.0,"axis":"z","origin":[8.0,4.52,-0.3]},"faces":{"north":{"uv":[1.0,6.0,2.0,5.0],"texture":"#o3"},"south":{"uv":[1.0,6.0,2.0,5.0],"texture":"#o3"},"down":{"uv":[1.0,6.0,2.0,5.0],"texture":"#o3"}}},{"from":[7.91049,5.21,2.1],"to":[8.08951,5.81,4.5],"rotation":{"angle":-45.0,"axis":"z","origin":[8.0,5.36,2.6]},"faces":{"north":{"uv":[1.0,1.0,2.0,2.0],"texture":"#o3"},"up":{"uv":[6.0,15.0,15.0,16.0],"rotation":90,"texture":"#o8"}}},{"from":[7.91049,5.21,2.1],"to":[8.08951,5.81,4.5],"rotation":{"angle":-22.5,"axis":"z","origin":[8.0,5.36,2.6]},"faces":{"north":{"uv":[1.0,1.0,2.0,2.0],"texture":"#o3"},"up":{"uv":[1.0,12.0,10.0,13.0],"rotation":90,"texture":"#o8"}}},{"from":[7.91049,5.21,2.1],"to":[8.08951,5.81,4.5],"rotation":{"angle":0.0,"axis":"z","origin":[8.0,5.36,2.6]},"faces":{"north":{"uv":[1.0,1.0,2.0,2.0],"texture":"#o3"},"up":{"uv":[5.0,10.0,14.0,11.0],"rotation":90,"texture":"#o8"}}},{"from":[7.91049,5.21,2.1],"to":[8.08951,5.81,4.5],"rotation":{"angle":22.5,"axis":"z","origin":[8.0,5.36,2.6]},"faces":{"north":{"uv":[1.0,1.0,2.0,2.0],"texture":"#o3"},"up":{"uv":[3.0,7.0,12.0,8.0],"rotation":90,"texture":"#o8"}}},{"from":[7.91049,5.21,2.1],"to":[8.08951,5.81,4.5],"rotation":{"angle":45.0,"axis":"z","origin":[8.0,5.36,2.6]},"faces":{"north":{"uv":[1.0,1.0,2.0,2.0],"texture":"#o3"},"up":{"uv":[2.0,4.0,11.0,5.0],"rotation":90,"texture":"#o8"}}},{"from":[7.55,5.27049,2.1],"to":[7.95,5.44951,4.5],"rotation":{"angle":-22.5,"axis":"z","origin":[8.0,5.36,2.6]},"faces":{"north":{"uv":[1.0,1.0,2.0,2.0],"texture":"#o3"},"west":{"uv":[7.0,8.0,16.0,9.0],"texture":"#o8"}}},{"from":[7.55,4.30049,2.1],"to":[8.45,5.44951,4.5],"rotation":{"angle":0.0,"axis":"z","origin":[8.0,5.36,2.6]},"faces":{"north":{"uv":[1.0,1.0,2.0,2.0],"texture":"#o3"},"east":{"uv":[7.0,9.0,16.0,16.0],"texture":"#o8"},"west":{"uv":[3.0,6.0,12.0,13.0],"texture":"#o8"}}},{"from":[7.85,5.27049,2.1],"to":[8.45,5.44951,4.5],"rotation":{"angle":22.5,"axis":"z","origin":[8.0,5.36,2.6]},"faces":{"north":{"uv":[1.0,1.0,2.0,2.0],"texture":"#o3"},"east":{"uv":[7.0,8.0,16.0,9.0],"texture":"#o8"}}},{"from":[7.55,4.30049,2.1],"to":[7.95,4.47951,4.5],"rotation":{"angle":22.5,"axis":"z","origin":[8.0,4.39,2.6]},"faces":{"north":{"uv":[1.0,2.0,2.0,1.0],"texture":"#o3"},"west":{"uv":[6.0,12.0,15.0,13.0],"texture":"#o8"}}},{"from":[7.91049,3.94,2.1],"to":[8.08951,4.54,4.5],"rotation":{"angle":-45.0,"axis":"z","origin":[8.0,4.39,2.6]},"faces":{"north":{"uv":[1.0,2.0,2.0,1.0],"texture":"#o3"},"down":{"uv":[4.0,13.0,13.0,14.0],"rotation":90,"texture":"#o8"}}},{"from":[7.91049,3.94,2.1],"to":[8.08951,4.54,4.5],"rotation":{"angle":-22.5,"axis":"z","origin":[8.0,4.39,2.6]},"faces":{"north":{"uv":[1.0,2.0,2.0,1.0],"texture":"#o3"},"down":{"uv":[2.0,13.0,11.0,14.0],"rotation":90,"texture":"#o8"}}},{"from":[7.91049,3.94,2.1],"to":[8.08951,4.54,4.5],"rotation":{"angle":0.0,"axis":"z","origin":[8.0,4.39,2.6]},"faces":{"north":{"uv":[1.0,2.0,2.0,1.0],"texture":"#o3"},"down":{"uv":[4.0,8.0,13.0,9.0],"rotation":90,"texture":"#o8"}}},{"from":[7.91049,3.94,2.1],"to":[8.08951,4.54,4.5],"rotation":{"angle":22.5,"axis":"z","origin":[8.0,4.39,2.6]},"faces":{"north":{"uv":[1.0,2.0,2.0,1.0],"texture":"#o3"},"down":{"uv":[4.0,7.0,13.0,8.0],"rotation":90,"texture":"#o8"}}},{"from":[7.91049,3.94,2.1],"to":[8.08951,4.54,4.5],"rotation":{"angle":45.0,"axis":"z","origin":[8.0,4.39,2.6]},"faces":{"north":{"uv":[1.0,2.0,2.0,1.0],"texture":"#o3"},"down":{"uv":[3.0,7.0,12.0,8.0],"rotation":90,"texture":"#o8"}}},{"from":[7.85,4.30049,2.1],"to":[8.45,4.47951,4.5],"rotation":{"angle":-22.5,"axis":"z","origin":[8.0,4.39,2.6]},"faces":{"north":{"uv":[1.0,2.0,2.0,1.0],"texture":"#o3"},"east":{"uv":[1.0,12.0,10.0,13.0],"texture":"#o8"}}},{"from":[7.8906,5.2,4.5],"to":[8.1094,5.9,5.94],"rotation":{"angle":-45.0,"axis":"z","origin":[8.0,5.35,5.0]},"faces":{"north":{"uv":[1.0,1.0,2.0,2.0],"texture":"#o3"},"south":{"uv":[1.0,1.0,2.0,2.0],"texture":"#o3"},"up":{"uv":[10.0,15.0,16.0,16.0],"rotation":90,"texture":"#o8"}}},{"from":[7.8906,5.2,4.5],"to":[8.1094,5.9,5.94],"rotation":{"angle":-22.5,"axis":"z","origin":[8.0,5.35,5.0]},"faces":{"north":{"uv":[1.0,1.0,2.0,2.0],"texture":"#o3"},"south":{"uv":[1.0,1.0,2.0,2.0],"texture":"#o3"},"up":{"uv":[10.0,4.0,16.0,5.0],"rotation":90,"texture":"#o8"}}},{"from":[7.8906,5.2,4.5],"to":[8.1094,5.9,5.94],"rotation":{"angle":0.0,"axis":"z","origin":[8.0,5.35,5.0]},"faces":{"north":{"uv":[1.0,1.0,2.0,2.0],"texture":"#o3"},"south":{"uv":[1.0,1.0,2.0,2.0],"texture":"#o3"},"up":{"uv":[6.0,2.0,12.0,3.0],"rotation":90,"texture":"#o8"}}},{"from":[7.8906,5.2,4.5],"to":[8.1094,5.9,5.94],"rotation":{"angle":22.5,"axis":"z","origin":[8.0,5.35,5.0]},"faces":{"north":{"uv":[1.0,1.0,2.0,2.0],"texture":"#o3"},"south":{"uv":[1.0,1.0,2.0,2.0],"texture":"#o3"},"up":{"uv":[5.0,7.0,11.0,8.0],"rotation":90,"texture":"#o8"}}},{"from":[7.8906,5.2,4.5],"to":[8.1094,5.9,5.94],"rotation":{"angle":45.0,"axis":"z","origin":[8.0,5.35,5.0]},"faces":{"north":{"uv":[1.0,1.0,2.0,2.0],"texture":"#o3"},"south":{"uv":[1.0,1.0,2.0,2.0],"texture":"#o3"},"up":{"uv":[5.0,7.0,11.0,8.0],"rotation":90,"texture":"#o8"}}},{"from":[7.45,5.2406,4.5],"to":[8.15,5.4594,5.94],"rotation":{"angle":-22.5,"axis":"z","origin":[8.0,5.35,5.0]},"faces":{"north":{"uv":[1.0,1.0,2.0,2.0],"texture":"#o3"},"south":{"uv":[1.0,1.0,2.0,2.0],"texture":"#o3"},"west":{"uv":[10.0,9.0,16.0,10.0],"texture":"#o8"}}},{"from":[7.45,4.2406,5.94],"to":[8.55,5.1094,9.38],"rotation":{"angle":0.0,"axis":"z","origin":[8.0,5.35,5.0]},"faces":{"east":{"uv":[0.0,9.0,14.0,14.0],"texture":"#o8"},"west":{"uv":[0.0,9.0,14.0,14.0],"texture":"#o8"},"up":{"uv":[0.0,11.0,14.0,16.0],"rotation":90,"texture":"#o8"}}},{"from":[7.45,4.2406,4.5],"to":[8.55,5.4594,5.94],"rotation":{"angle":0.0,"axis":"z","origin":[8.0,5.35,5.0]},"faces":{"north":{"uv":[1.0,1.0,2.0,2.0],"texture":"#o3"},"south":{"uv":[1.0,1.0,2.0,2.0],"texture":"#o3"},"east":{"uv":[10.0,0.0,16.0,7.0],"texture":"#o8"},"west":{"uv":[4.0,6.0,10.0,13.0],"texture":"#o8"}}},{"from":[7.3,4.2406,9.38],"to":[8.7,5.1094,13.11],"rotation":{"angle":0.0,"axis":"z","origin":[8.0,5.35,5.0]},"faces":{"north":{"uv":[1.0,1.0,2.0,2.0],"texture":"#o3"},"south":{"uv":[1.0,8.0,6.0,13.0],"texture":"#o8"},"east":{"uv":[1.0,11.0,16.0,16.0],"texture":"#o8"},"west":{"uv":[0.0,4.0,15.0,9.0],"texture":"#o8"},"up":{"uv":[1.0,8.0,16.0,13.0],"rotation":90,"texture":"#o8"},"down":{"uv":[1.0,1.0,2.0,2.0],"texture":"#o3"}}},{"from":[8.0,3.8606,16.21],"to":[8.7,5.0094,17.16],"rotation":{"angle":0.0,"axis":"z","origin":[8.0,5.35,5.0]},"faces":{"north":{"uv":[1.0,1.0,2.0,2.0],"texture":"#o3"},"south":{"uv":[1.0,1.0,2.0,2.0],"texture":"#o3"},"east":{"uv":[1.0,1.0,5.0,7.0],"texture":"#o8"},"up":{"uv":[1.0,1.0,5.0,7.0],"rotation":90,"texture":"#o8"}}},{"from":[8.0,3.9606,17.16],"to":[8.7,5.0094,18.95],"rotation":{"angle":0.0,"axis":"z","origin":[8.0,5.35,5.0]},"faces":{"north":{"uv":[1.0,1.0,2.0,2.0],"texture":"#o3"},"south":{"uv":[1.0,1.0,2.0,2.0],"texture":"#o3"},"east":{"uv":[5.0,9.0,16.0,16.0],"texture":"#o8"},"west":{"uv":[1.0,1.0,2.0,2.0],"texture":"#o3"},"up":{"uv":[5.0,5.0,12.0,9.0],"rotation":90,"texture":"#o8"},"down":{"uv":[5.0,5.0,12.0,9.0],"rotation":90,"texture":"#o8"}}},{"from":[8.0,4.0606,16.1],"to":[8.7,5.0094,16.21],"rotation":{"angle":0.0,"axis":"z","origin":[8.0,5.35,5.0]},"faces":{"north":{"uv":[1.0,1.0,2.0,2.0],"texture":"#o3"},"east":{"uv":[1.0,1.0,2.0,5.0],"texture":"#o8"},"up":{"uv":[4.0,9.0,6.0,10.0],"texture":"#o8"}}},{"from":[8.0,4.0606,15.11],"to":[8.7,4.9094,16.1],"rotation":{"angle":0.0,"axis":"z","origin":[8.0,5.35,5.0]},"faces":{"east":{"uv":[1.0,1.0,5.0,6.0],"texture":"#o8"},"up":{"uv":[1.0,1.0,5.0,4.0],"rotation":90,"texture":"#o8"}}},{"from":[8.0,4.0606,13.11],"to":[8.7,4.9094,15.11],"rotation":{"angle":0.0,"axis":"z","origin":[8.0,5.35,5.0]},"faces":{"north":{"uv":[1.0,1.0,2.0,2.0],"texture":"#o3"},"east":{"uv":[1.0,2.0,9.0,7.0],"texture":"#o8"},"up":{"uv":[6.0,13.0,14.0,16.0],"rotation":90,"texture":"#o8"}}},{"from":[7.3,4.0606,13.11],"to":[7.8,5.1094,15.11],"rotation":{"angle":0.0,"axis":"z","origin":[8.0,5.35,5.0]},"faces":{"north":{"uv":[1.0,1.0,2.0,2.0],"texture":"#o3"},"south":{"uv":[2.0,6.0,10.0,8.0],"rotation":90,"texture":"#o8"},"west":{"uv":[1.0,1.0,9.0,7.0],"texture":"#o8"},"up":{"uv":[2.0,6.0,10.0,8.0],"rotation":90,"texture":"#o8"}}},{"from":[7.3,3.8606,17.81],"to":[8.0,5.0094,18.95],"rotation":{"angle":0.0,"axis":"z","origin":[8.0,5.35,5.0]},"faces":{"north":{"uv":[1.0,1.0,2.0,2.0],"texture":"#o3"},"south":{"uv":[1.0,1.0,2.0,2.0],"texture":"#o3"},"east":{"uv":[1.0,1.0,2.0,2.0],"texture":"#o3"},"west":{"uv":[12.0,9.0,16.0,16.0],"texture":"#o8"},"up":{"uv":[5.0,5.0,12.0,9.0],"rotation":90,"texture":"#o8"},"down":{"uv":[1.0,1.0,2.0,2.0],"texture":"#o3"}}},{"from":[7.3,3.6906,18.71],"to":[8.7,3.9606,18.95],"rotation":{"angle":0.0,"axis":"z","origin":[8.0,5.35,5.0]},"faces":{"north":{"uv":[1.0,1.0,2.0,2.0],"texture":"#o3"},"south":{"uv":[1.0,1.0,2.0,2.0],"texture":"#o3"},"east":{"uv":[1.0,1.0,2.0,2.0],"texture":"#o3"},"west":{"uv":[1.0,1.0,2.0,2.0],"texture":"#o3"},"up":{"uv":[1.0,1.0,2.0,2.0],"texture":"#o3"},"down":{"uv":[1.0,1.0,2.0,2.0],"texture":"#o3"}}},{"from":[7.3,3.8606,16.21],"to":[8.0,4.9094,17.81],"rotation":{"angle":0.0,"axis":"z","origin":[8.0,5.35,5.0]},"faces":{"north":{"uv":[1.0,1.0,2.0,2.0],"texture":"#o3"},"west":{"uv":[1.0,1.0,7.0,7.0],"texture":"#o8"},"up":{"uv":[1.0,1.0,7.0,7.0],"rotation":90,"texture":"#o8"}}},{"from":[7.3,4.0606,15.11],"to":[8.0,4.9094,16.21],"rotation":{"angle":0.0,"axis":"z","origin":[8.0,5.35,5.0]},"faces":{"west":{"uv":[1.0,1.0,5.0,6.0],"texture":"#o8"},"up":{"uv":[1.0,1.0,5.0,4.0],"rotation":90,"texture":"#o8"}}},{"from":[7.85,5.2406,4.5],"to":[8.55,5.4594,5.94],"rotation":{"angle":22.5,"axis":"z","origin":[8.0,5.35,5.0]},"faces":{"north":{"uv":[1.0,1.0,2.0,2.0],"texture":"#o3"},"south":{"uv":[1.0,1.0,2.0,2.0],"texture":"#o3"},"east":{"uv":[10.0,9.0,16.0,10.0],"texture":"#o8"}}},{"from":[7.45,4.2406,4.5],"to":[8.15,4.4594,9.38],"rotation":{"angle":22.5,"axis":"z","origin":[8.0,4.35,5.0]},"faces":{"north":{"uv":[1.0,2.0,2.0,1.0],"texture":"#o3"},"south":{"uv":[1.0,2.0,2.0,1.0],"texture":"#o3"},"west":{"uv":[0.0,7.0,16.0,8.0],"texture":"#o8"}}},{"from":[7.8906,3.8,4.5],"to":[8.1094,4.5,9.38],"rotation":{"angle":-45.0,"axis":"z","origin":[8.0,4.35,5.0]},"faces":{"north":{"uv":[1.0,2.0,2.0,1.0],"texture":"#o3"},"down":{"uv":[0.0,13.0,16.0,14.0],"rotation":90,"texture":"#o8"}}},{"from":[7.8906,3.8,4.5],"to":[8.1094,4.5,9.38],"rotation":{"angle":-22.5,"axis":"z","origin":[8.0,4.35,5.0]},"faces":{"north":{"uv":[1.0,2.0,2.0,1.0],"texture":"#o3"},"down":{"uv":[0.0,15.0,16.0,16.0],"rotation":90,"texture":"#o8"}}},{"from":[7.8906,3.8,4.5],"to":[8.1094,4.5,9.38],"rotation":{"angle":0.0,"axis":"z","origin":[8.0,4.35,5.0]},"faces":{"north":{"uv":[1.0,2.0,2.0,1.0],"texture":"#o3"},"down":{"uv":[0.0,12.0,16.0,13.0],"rotation":90,"texture":"#o8"}}},{"from":[7.8906,3.8,4.5],"to":[8.1094,4.5,9.38],"rotation":{"angle":22.5,"axis":"z","origin":[8.0,4.35,5.0]},"faces":{"north":{"uv":[1.0,2.0,2.0,1.0],"texture":"#o3"},"down":{"uv":[0.0,11.0,16.0,12.0],"rotation":90,"texture":"#o8"}}},{"from":[7.8906,3.8,4.5],"to":[8.1094,4.5,9.38],"rotation":{"angle":45.0,"axis":"z","origin":[8.0,4.35,5.0]},"faces":{"north":{"uv":[1.0,2.0,2.0,1.0],"texture":"#o3"},"down":{"uv":[0.0,10.0,16.0,11.0],"rotation":90,"texture":"#o8"}}},{"from":[7.85,4.2406,4.5],"to":[8.55,4.4594,9.38],"rotation":{"angle":-22.5,"axis":"z","origin":[8.0,4.35,5.0]},"faces":{"north":{"uv":[1.0,2.0,2.0,1.0],"texture":"#o3"},"south":{"uv":[1.0,2.0,2.0,1.0],"texture":"#o3"},"east":{"uv":[0.0,4.0,16.0,5.0],"texture":"#o8"}}},{"from":[7.86076,3.68,9.38],"to":[8.13924,4.38,13.11],"rotation":{"angle":-45.0,"axis":"z","origin":[8.0,4.38,9.88]},"faces":{"north":{"uv":[1.0,1.0,2.0,2.0],"texture":"#o3"},"down":{"uv":[1.0,9.0,16.0,10.0],"rotation":90,"texture":"#o8"}}},{"from":[7.86076,3.68,9.38],"to":[8.13924,4.38,13.11],"rotation":{"angle":-22.5,"axis":"z","origin":[8.0,4.38,9.88]},"faces":{"north":{"uv":[1.0,1.0,2.0,2.0],"texture":"#o3"},"down":{"uv":[0.0,12.0,15.0,13.0],"rotation":90,"texture":"#o8"}}},{"from":[7.86076,3.68,9.38],"to":[8.13924,4.38,13.11],"rotation":{"angle":0.0,"axis":"z","origin":[8.0,4.38,9.88]},"faces":{"north":{"uv":[1.0,1.0,2.0,2.0],"texture":"#o3"},"down":{"uv":[1.0,14.0,16.0,15.0],"rotation":90,"texture":"#o8"}}},{"from":[7.86076,3.68,9.38],"to":[8.13924,4.38,13.11],"rotation":{"angle":22.5,"axis":"z","origin":[8.0,4.38,9.88]},"faces":{"north":{"uv":[1.0,1.0,2.0,2.0],"texture":"#o3"},"down":{"uv":[0.0,10.0,15.0,11.0],"rotation":90,"texture":"#o8"}}},{"from":[7.86076,3.68,9.38],"to":[8.13924,4.38,13.11],"rotation":{"angle":45.0,"axis":"z","origin":[8.0,4.38,9.88]},"faces":{"north":{"uv":[1.0,1.0,2.0,2.0],"texture":"#o3"},"down":{"uv":[1.0,7.0,16.0,8.0],"rotation":90,"texture":"#o8"}}},{"from":[8.0,4.24076,9.38],"to":[8.7,4.51924,13.11],"rotation":{"angle":-22.5,"axis":"z","origin":[8.0,4.38,9.88]},"faces":{"north":{"uv":[1.0,1.0,2.0,2.0],"texture":"#o3"},"east":{"uv":[0.0,8.0,15.0,9.0],"texture":"#o8"}}},{"from":[7.3,4.24076,9.38],"to":[8.0,4.51924,13.11],"rotation":{"angle":22.5,"axis":"z","origin":[8.0,4.38,9.88]},"faces":{"north":{"uv":[1.0,1.0,2.0,2.0],"texture":"#o3"},"west":{"uv":[0.0,8.0,15.0,9.0],"texture":"#o8"}}},{"from":[7.86076,3.5,13.11],"to":[8.13924,4.2,16.21],"rotation":{"angle":-45.0,"axis":"z","origin":[8.0,4.2,13.61]},"faces":{"north":{"uv":[1.0,1.0,2.0,2.0],"texture":"#o3"},"down":{"uv":[4.0,7.0,16.0,8.0],"rotation":90,"texture":"#o8"}}},{"from":[7.86076,3.5,13.11],"to":[8.13924,4.2,16.21],"rotation":{"angle":45.0,"axis":"z","origin":[8.0,4.2,13.61]},"faces":{"north":{"uv":[1.0,1.0,2.0,2.0],"texture":"#o3"},"down":{"uv":[1.0,1.0,13.0,2.0],"rotation":90,"texture":"#o8"}}},{"from":[8.0,4.06076,13.11],"to":[8.7,4.33924,16.21],"rotation":{"angle":-22.5,"axis":"z","origin":[8.0,4.2,13.61]},"faces":{"north":{"uv":[1.0,1.0,2.0,2.0],"texture":"#o3"},"east":{"uv":[3.0,5.0,15.0,6.0],"texture":"#o8"}}},{"from":[7.3,4.06076,13.11],"to":[8.0,4.33924,16.21],"rotation":{"angle":22.5,"axis":"z","origin":[8.0,4.2,13.61]},"faces":{"north":{"uv":[1.0,1.0,2.0,2.0],"texture":"#o3"},"west":{"uv":[4.0,9.0,16.0,10.0],"texture":"#o8"}}},{"from":[7.3,3.86076,16.21],"to":[8.0,4.13924,18.76],"rotation":{"angle":22.5,"axis":"z","origin":[8.0,4.0,16.71]},"faces":{"north":{"uv":[1.0,1.0,2.0,2.0],"texture":"#o3"},"west":{"uv":[2.0,4.0,12.0,5.0],"texture":"#o8"}}},{"from":[8.0,3.86076,16.21],"to":[8.7,4.13924,17.16],"rotation":{"angle":-22.5,"axis":"z","origin":[8.0,4.0,16.71]},"faces":{"north":{"uv":[1.0,1.0,2.0,2.0],"texture":"#o3"},"south":{"uv":[1.0,1.0,2.0,2.0],"texture":"#o3"},"east":{"uv":[2.0,4.0,6.0,5.0],"texture":"#o8"}}},{"from":[7.86076,3.3,16.21],"to":[8.13924,4.0,17.16],"rotation":{"angle":45.0,"axis":"z","origin":[8.0,4.0,16.71]},"faces":{"north":{"uv":[1.0,1.0,2.0,2.0],"texture":"#o3"},"south":{"uv":[1.0,1.0,2.0,2.0],"texture":"#o3"},"down":{"uv":[4.0,7.0,8.0,8.0],"rotation":90,"texture":"#o8"}}},{"from":[7.86076,3.3,16.21],"to":[8.13924,4.0,18.76],"rotation":{"angle":22.5,"axis":"z","origin":[8.0,4.0,16.71]},"faces":{"east":{"uv":[0.0,8.0,12.0,14.0],"texture":"#o8"},"down":{"uv":[4.0,8.0,14.0,9.0],"rotation":90,"texture":"#o8"}}},{"from":[7.86076,3.3,16.21],"to":[8.13924,4.0,18.76],"rotation":{"angle":0.0,"axis":"z","origin":[8.0,4.0,16.71]},"faces":{"north":{"uv":[1.0,1.0,2.0,2.0],"texture":"#o3"},"down":{"uv":[6.0,10.0,16.0,11.0],"rotation":90,"texture":"#o8"}}},{"from":[7.86076,3.3,16.21],"to":[8.13924,4.0,18.76],"rotation":{"angle":-22.5,"axis":"z","origin":[8.0,4.0,16.71]},"faces":{"north":{"uv":[1.0,1.0,2.0,2.0],"texture":"#o3"},"down":{"uv":[2.0,4.0,12.0,5.0],"rotation":90,"texture":"#o8"}}},{"from":[7.86076,3.3,16.21],"to":[8.13924,4.0,18.76],"rotation":{"angle":-45.0,"axis":"z","origin":[8.0,4.0,16.71]},"faces":{"north":{"uv":[1.0,1.0,2.0,2.0],"texture":"#o3"},"down":{"uv":[2.0,4.0,12.0,5.0],"rotation":90,"texture":"#o8"}}},{"from":[7.3,3.69076,18.71],"to":[8.0,3.96924,18.95],"rotation":{"angle":22.5,"axis":"z","origin":[8.0,3.83,19.21]},"faces":{"north":{"uv":[1.0,1.0,2.0,2.0],"texture":"#o3"},"south":{"uv":[1.0,1.0,2.0,2.0],"texture":"#o3"},"west":{"uv":[1.0,1.0,2.0,2.0],"texture":"#o3"}}},{"from":[8.0,3.69076,18.71],"to":[8.7,3.96924,18.95],"rotation":{"angle":-22.5,"axis":"z","origin":[8.0,3.83,19.21]},"faces":{"north":{"uv":[1.0,1.0,2.0,2.0],"texture":"#o3"},"south":{"uv":[1.0,1.0,2.0,2.0],"texture":"#o3"},"east":{"uv":[1.0,1.0,2.0,2.0],"texture":"#o3"}}},{"from":[7.86076,3.13,18.71],"to":[7.99924,3.83,19.2],"rotation":{"angle":45.0,"axis":"z","origin":[8.0,3.83,19.21]},"faces":{"north":{"uv":[1.0,1.0,2.0,2.0],"texture":"#o3"},"down":{"uv":[1.0,1.0,2.0,2.0],"texture":"#o3"}}},{"from":[7.99076,3.13,18.71],"to":[8.13924,3.83,18.95],"rotation":{"angle":45.0,"axis":"z","origin":[8.0,3.83,19.21]},"faces":{"north":{"uv":[1.0,1.0,2.0,2.0],"texture":"#o3"},"south":{"uv":[1.0,1.0,2.0,2.0],"texture":"#o3"},"down":{"uv":[1.0,1.0,2.0,2.0],"texture":"#o3"}}},{"from":[7.86076,3.13,18.71],"to":[8.13924,3.83,19.45],"rotation":{"angle":22.5,"axis":"z","origin":[8.0,3.83,19.21]},"faces":{"north":{"uv":[1.0,1.0,2.0,2.0],"texture":"#o3"},"down":{"uv":[1.0,1.0,2.0,2.0],"texture":"#o3"}}},{"from":[7.86076,3.13,18.71],"to":[8.13924,3.83,19.45],"rotation":{"angle":0.0,"axis":"z","origin":[8.0,3.83,19.21]},"faces":{"north":{"uv":[1.0,1.0,2.0,2.0],"texture":"#o3"},"down":{"uv":[1.0,1.0,2.0,2.0],"texture":"#o3"}}},{"from":[7.86076,3.13,18.71],"to":[8.13924,3.83,19.45],"rotation":{"angle":-22.5,"axis":"z","origin":[8.0,3.83,19.21]},"faces":{"north":{"uv":[1.0,1.0,2.0,2.0],"texture":"#o3"},"down":{"uv":[1.0,1.0,2.0,2.0],"texture":"#o3"}}},{"from":[8.00076,3.13,18.71],"to":[8.13924,3.83,19.21],"rotation":{"angle":-45.0,"axis":"z","origin":[8.0,3.83,19.21]},"faces":{"north":{"uv":[1.0,1.0,2.0,2.0],"texture":"#o3"},"down":{"uv":[1.0,1.0,2.0,2.0],"texture":"#o3"}}},{"from":[7.86076,3.13,18.71],"to":[8.00924,3.83,18.95],"rotation":{"angle":-45.0,"axis":"z","origin":[8.0,3.83,19.21]},"faces":{"north":{"uv":[1.0,1.0,2.0,2.0],"texture":"#o3"},"south":{"uv":[1.0,1.0,2.0,2.0],"texture":"#o3"},"down":{"uv":[1.0,1.0,2.0,2.0],"texture":"#o3"}}},{"from":[7.50076,3.65,18.95],"to":[8.49924,4.75,19.89],"rotation":{"angle":0.0,"axis":"z","origin":[8.0,4.1,19.52]},"faces":{"east":{"uv":[1.0,2.0,2.0,1.0],"texture":"#o3"},"west":{"uv":[1.0,2.0,2.0,1.0],"texture":"#o3"},"up":{"uv":[1.0,2.0,2.0,1.0],"texture":"#o3"}}},{"from":[7.50076,4.38,18.65],"to":[8.49924,4.81,19.59],"rotation":{"angle":22.5,"axis":"x","origin":[8.0,4.16,19.22]},"faces":{"east":{"uv":[1.0,2.0,2.0,1.0],"texture":"#o3"},"west":{"uv":[1.0,2.0,2.0,1.0],"texture":"#o3"},"up":{"uv":[1.0,2.0,2.0,1.0],"texture":"#o3"}}},{"from":[7.50076,3.54923,19.65115],"to":[8.49924,4.84923,22.08115],"rotation":{"angle":22.5,"axis":"x","origin":[8.0,4.19923,19.52115]},"faces":{"east":{"uv":[1.0,2.0,2.0,1.0],"texture":"#o3"},"west":{"uv":[1.0,2.0,2.0,1.0],"texture":"#o3"},"up":{"uv":[1.0,2.0,2.0,1.0],"texture":"#o3"}}},{"from":[7.50076,3.17923,19.11115],"to":[8.49924,3.87923,21.19115],"rotation":{"angle":22.5,"axis":"x","origin":[8.0,4.19923,19.52115]},"faces":{"east":{"uv":[1.0,2.0,2.0,1.0],"texture":"#o3"},"west":{"uv":[1.0,2.0,2.0,1.0],"texture":"#o3"},"down":{"uv":[1.0,2.0,2.0,1.0],"texture":"#o3"}}},{"from":[7.50076,2.68998,21.25864],"to":[8.49924,3.38998,22.71864],"rotation":{"angle":45.0,"axis":"x","origin":[8.0,3.70998,20.94864]},"faces":{"east":{"uv":[1.0,2.0,2.0,1.0],"texture":"#o3"},"west":{"uv":[1.0,2.0,2.0,1.0],"texture":"#o3"},"down":{"uv":[1.0,2.0,2.0,1.0],"texture":"#o3"}}},{"from":[7.50076,1.77814,21.89291],"to":[8.49924,2.47814,22.25291],"rotation":{"angle":22.5,"axis":"x","origin":[8.0,2.79814,21.58291]},"faces":{"east":{"uv":[1.0,2.0,2.0,1.0],"texture":"#o3"},"west":{"uv":[1.0,2.0,2.0,1.0],"texture":"#o3"},"down":{"uv":[1.0,2.0,2.0,1.0],"texture":"#o3"}}},{"from":[7.50076,1.59939,21.81157],"to":[8.49924,3.49939,22.17157],"rotation":{"angle":0.0,"axis":"x","origin":[8.0,2.61939,21.50157]},"faces":{"east":{"uv":[1.0,2.0,2.0,1.0],"texture":"#o3"},"west":{"uv":[1.0,2.0,2.0,1.0],"texture":"#o3"},"down":{"uv":[1.0,2.0,2.0,1.0],"texture":"#o3"}}},{"from":[7.50076,1.40311,21.80483],"to":[8.49924,2.10311,22.26483],"rotation":{"angle":-22.5,"axis":"x","origin":[8.0,2.42311,21.49483]},"faces":{"east":{"uv":[1.0,2.0,2.0,1.0],"texture":"#o3"},"west":{"uv":[1.0,2.0,2.0,1.0],"texture":"#o3"},"down":{"uv":[1.0,2.0,2.0,1.0],"texture":"#o3"}}},{"from":[7.50076,1.75214,21.52868],"to":[8.49924,3.72214,30.58868],"rotation":{"angle":0.0,"axis":"x","origin":[8.0,2.74214,22.01868]},"faces":{"east":{"uv":[1.0,2.0,2.0,1.0],"texture":"#o3"},"west":{"uv":[1.0,2.0,2.0,1.0],"texture":"#o3"},"down":{"uv":[1.0,2.0,2.0,1.0],"texture":"#o3"}}},{"from":[7.50076,3.36088,21.52445],"to":[8.49924,3.95088,22.30445],"rotation":{"angle":0.0,"axis":"x","origin":[8.0,4.35088,21.10445]},"faces":{"east":{"uv":[1.0,2.0,2.0,1.0],"texture":"#o3"},"west":{"uv":[1.0,2.0,2.0,1.0],"texture":"#o3"},"up":{"uv":[1.0,2.0,2.0,1.0],"texture":"#o3"}}},{"from":[7.50076,3.69482,22.99331],"to":[8.49924,4.28482,24.18331],"rotation":{"angle":0.0,"axis":"x","origin":[8.0,4.68482,22.68331]},"faces":{"east":{"uv":[1.0,2.0,2.0,1.0],"texture":"#o3"},"west":{"uv":[1.0,2.0,2.0,1.0],"texture":"#o3"},"up":{"uv":[1.0,2.0,2.0,1.0],"texture":"#o3"}}},{"from":[7.50076,3.78301,24.35998],"to":[8.49924,4.37301,24.74998],"rotation":{"angle":22.5,"axis":"x","origin":[8.0,4.77301,24.04998]},"faces":{"east":{"uv":[1.0,2.0,2.0,1.0],"texture":"#o3"},"west":{"uv":[1.0,2.0,2.0,1.0],"texture":"#o3"},"up":{"uv":[1.0,2.0,2.0,1.0],"texture":"#o3"}}},{"from":[7.50076,3.67867,25.68451],"to":[8.49924,4.26867,26.07451],"rotation":{"angle":22.5,"axis":"x","origin":[8.0,4.66867,25.37451]},"faces":{"east":{"uv":[1.0,2.0,2.0,1.0],"texture":"#o3"},"west":{"uv":[1.0,2.0,2.0,1.0],"texture":"#o3"},"up":{"uv":[1.0,2.0,2.0,1.0],"texture":"#o3"}}},{"from":[7.50076,3.59049,24.31784],"to":[8.49924,4.18049,25.50784],"rotation":{"angle":0.0,"axis":"x","origin":[8.0,4.58049,24.00784]},"faces":{"east":{"uv":[1.0,2.0,2.0,1.0],"texture":"#o3"},"west":{"uv":[1.0,2.0,2.0,1.0],"texture":"#o3"},"up":{"uv":[1.0,2.0,2.0,1.0],"texture":"#o3"}}},{"from":[7.50076,3.48615,25.64236],"to":[8.49924,4.07615,26.83236],"rotation":{"angle":0.0,"axis":"x","origin":[8.0,4.47615,25.33236]},"faces":{"east":{"uv":[1.0,2.0,2.0,1.0],"texture":"#o3"},"west":{"uv":[1.0,2.0,2.0,1.0],"texture":"#o3"},"up":{"uv":[1.0,2.0,2.0,1.0],"texture":"#o3"}}},{"from":[7.50076,3.57434,27.00904],"to":[8.49924,4.16434,27.39904],"rotation":{"angle":22.5,"axis":"x","origin":[8.0,4.56434,26.69904]},"faces":{"east":{"uv":[1.0,2.0,2.0,1.0],"texture":"#o3"},"west":{"uv":[1.0,2.0,2.0,1.0],"texture":"#o3"},"up":{"uv":[1.0,2.0,2.0,1.0],"texture":"#o3"}}},{"from":[7.50076,1.48182,26.56689],"to":[8.49924,3.97182,28.15689],"rotation":{"angle":0.0,"axis":"x","origin":[8.0,4.37182,26.65689]},"faces":{"east":{"uv":[1.0,2.0,2.0,1.0],"texture":"#o3"},"west":{"uv":[1.0,2.0,2.0,1.0],"texture":"#o3"},"up":{"uv":[1.0,2.0,2.0,1.0],"texture":"#o3"}}},{"from":[7.50076,3.47,28.33357],"to":[8.49924,4.06,28.72357],"rotation":{"angle":22.5,"axis":"x","origin":[8.0,4.46,28.02357]},"faces":{"east":{"uv":[1.0,2.0,2.0,1.0],"texture":"#o3"},"west":{"uv":[1.0,2.0,2.0,1.0],"texture":"#o3"},"up":{"uv":[1.0,2.0,2.0,1.0],"texture":"#o3"}}},{"from":[7.40076,2.45368,30.96415],"to":[8.59924,3.95133,31.37262],"rotation":{"angle":22.5,"axis":"x","origin":[8.0,4.25133,30.67262]},"faces":{"north":{"uv":[5.0,2.0,6.0,1.0],"texture":"#o3"},"south":{"uv":[5.0,2.0,6.0,1.0],"texture":"#o3"},"east":{"uv":[5.0,2.0,6.0,1.0],"texture":"#o3"},"west":{"uv":[5.0,2.0,6.0,1.0],"texture":"#o3"},"up":{"uv":[5.0,2.0,6.0,1.0],"texture":"#o3"}}},{"from":[7.50076,0.18895,27.27402],"to":[8.49924,2.47895,30.26402],"rotation":{"angle":0.0,"axis":"x","origin":[8.0,2.87895,29.96402]},"faces":{"east":{"uv":[1.0,2.0,2.0,1.0],"texture":"#o3"},"west":{"uv":[1.0,2.0,2.0,1.0],"texture":"#o3"}}},{"from":[7.50076,3.17315,29.61595],"to":[8.49924,3.76315,30.80595],"rotation":{"angle":0.0,"axis":"x","origin":[8.0,4.16315,29.30595]},"faces":{"east":{"uv":[1.0,2.0,2.0,1.0],"texture":"#o3"},"west":{"uv":[1.0,2.0,2.0,1.0],"texture":"#o3"},"up":{"uv":[1.0,2.0,2.0,1.0],"texture":"#o3"}}},{"from":[7.50076,3.36567,29.6581],"to":[8.49924,3.95567,30.0481],"rotation":{"angle":22.5,"axis":"x","origin":[8.0,4.35567,29.3481]},"faces":{"east":{"uv":[1.0,2.0,2.0,1.0],"texture":"#o3"},"west":{"uv":[1.0,2.0,2.0,1.0],"texture":"#o3"},"up":{"uv":[1.0,2.0,2.0,1.0],"texture":"#o3"}}},{"from":[7.50076,3.27748,28.29142],"to":[8.49924,3.86748,29.48142],"rotation":{"angle":0.0,"axis":"x","origin":[8.0,4.26748,27.98142]},"faces":{"east":{"uv":[1.0,2.0,2.0,1.0],"texture":"#o3"},"west":{"uv":[1.0,2.0,2.0,1.0],"texture":"#o3"},"up":{"uv":[1.0,2.0,2.0,1.0],"texture":"#o3"}}},{"from":[7.50076,3.16689,21.94919],"to":[8.49924,3.75689,22.93919],"rotation":{"angle":-22.5,"axis":"x","origin":[8.0,4.15689,21.63919]},"faces":{"east":{"uv":[1.0,2.0,2.0,1.0],"texture":"#o3"},"west":{"uv":[1.0,2.0,2.0,1.0],"texture":"#o3"},"up":{"uv":[1.0,2.0,2.0,1.0],"texture":"#o3"}}},{"from":[7.50076,1.84641,23.03473],"to":[8.49924,3.18325,30.74154],"rotation":{"angle":22.5,"axis":"x","origin":[8.0,2.83641,23.12473]},"faces":{"east":{"uv":[1.0,2.0,2.0,1.0],"texture":"#o3"},"west":{"uv":[1.0,2.0,2.0,1.0],"texture":"#o3"},"down":{"uv":[1.0,2.0,2.0,1.0],"texture":"#o3"}}},{"from":[7.40076,0.18895,30.25402],"to":[8.59924,2.47895,30.64402],"rotation":{"angle":0.0,"axis":"x","origin":[8.0,2.87895,30.34402]},"faces":{"north":{"uv":[5.0,2.0,6.0,1.0],"texture":"#o3"},"south":{"uv":[5.0,2.0,6.0,1.0],"texture":"#o3"},"east":{"uv":[5.0,2.0,6.0,1.0],"texture":"#o3"},"west":{"uv":[5.0,2.0,6.0,1.0],"texture":"#o3"}}},{"from":[7.40076,1.6086,30.73077],"to":[8.59924,3.13018,31.09109],"rotation":{"angle":22.5,"axis":"x","origin":[8.0,2.78334,23.47428]},"faces":{"north":{"uv":[5.0,2.0,6.0,1.0],"texture":"#o3"},"south":{"uv":[5.0,2.0,6.0,1.0],"texture":"#o3"},"east":{"uv":[5.0,2.0,6.0,1.0],"texture":"#o3"},"west":{"uv":[5.0,2.0,6.0,1.0],"texture":"#o3"},"down":{"uv":[5.0,2.0,6.0,1.0],"texture":"#o3"}}},{"from":[7.6,3.39,12.95],"to":[8.4,3.92,13.75],"rotation":{"angle":0.0,"axis":"x","origin":[7.5,3.42,12.75]},"faces":{"north":{"uv":[5.0,1.0,6.0,2.0],"texture":"#o3"},"east":{"uv":[5.0,1.0,6.0,2.0],"texture":"#o3"},"west":{"uv":[5.0,1.0,6.0,2.0],"texture":"#o3"},"down":{"uv":[5.0,1.0,6.0,2.0],"texture":"#o3"}}},{"from":[7.6,3.12,15.75],"to":[8.4,3.62,16.75],"rotation":{"angle":0.0,"axis":"x","origin":[7.5,3.12,15.75]},"faces":{"north":{"uv":[5.0,1.0,6.0,2.0],"texture":"#o3"},"south":{"uv":[5.0,1.0,6.0,2.0],"texture":"#o3"},"east":{"uv":[5.0,1.0,6.0,2.0],"texture":"#o3"},"west":{"uv":[5.0,1.0,6.0,2.0],"texture":"#o3"},"down":{"uv":[5.0,1.0,6.0,2.0],"texture":"#o3"}}},{"from":[7.86,2.94,16.86],"to":[8.14,4.22,17.06],"rotation":{"angle":0.0,"axis":"x","origin":[7.5,3.22,16.86]},"faces":{"north":{"uv":[5.0,1.0,6.0,2.0],"texture":"#o3"},"east":{"uv":[5.0,1.0,6.0,2.0],"texture":"#o3"},"west":{"uv":[5.0,1.0,6.0,2.0],"texture":"#o3"}}},{"from":[7.86,2.64,16.99],"to":[8.14,3.92,17.09],"rotation":{"angle":0.0,"axis":"x","origin":[7.5,2.92,16.89]},"faces":{"south":{"uv":[5.0,1.0,6.0,2.0],"texture":"#o3"},"east":{"uv":[5.0,1.0,6.0,2.0],"texture":"#o3"},"west":{"uv":[5.0,1.0,6.0,2.0],"texture":"#o3"}}},{"from":[7.86,2.84,16.91],"to":[8.14,3.14,17.09],"rotation":{"angle":22.5,"axis":"x","origin":[7.5,2.82,16.89]},"faces":{"south":{"uv":[5.0,1.0,6.0,2.0],"texture":"#o3"},"east":{"uv":[5.0,1.0,6.0,2.0],"texture":"#o3"},"west":{"uv":[5.0,1.0,6.0,2.0],"texture":"#o3"}}},{"from":[7.86,3.12799,16.84265],"to":[8.14,3.76799,17.20265],"rotation":{"angle":45.0,"axis":"x","origin":[7.5,3.10799,17.00265]},"faces":{"south":{"uv":[5.0,1.0,6.0,2.0],"texture":"#o3"},"east":{"uv":[5.0,1.0,6.0,2.0],"texture":"#o3"},"west":{"uv":[5.0,1.0,6.0,2.0],"texture":"#o3"}}},{"from":[7.86,2.47522,16.93654],"to":[8.14,2.95522,17.03654],"rotation":{"angle":-22.5,"axis":"x","origin":[7.5,2.75522,16.93654]},"faces":{"north":{"uv":[5.0,1.0,6.0,2.0],"texture":"#o3"},"south":{"uv":[5.0,1.0,6.0,2.0],"texture":"#o3"},"east":{"uv":[5.0,1.0,6.0,2.0],"texture":"#o3"},"west":{"uv":[5.0,1.0,6.0,2.0],"texture":"#o3"}}},{"from":[7.86,2.07512,17.18511],"to":[8.14,2.55512,17.28511],"rotation":{"angle":-45.0,"axis":"x","origin":[7.5,2.35512,17.18511]},"faces":{"north":{"uv":[5.0,1.0,6.0,2.0],"texture":"#o3"},"south":{"uv":[5.0,1.0,6.0,2.0],"texture":"#o3"},"east":{"uv":[5.0,1.0,6.0,2.0],"texture":"#o3"},"west":{"uv":[5.0,1.0,6.0,2.0],"texture":"#o3"}}},{"from":[7.86,2.08059,17.36788],"to":[8.14,2.18059,17.84788],"rotation":{"angle":22.5,"axis":"x","origin":[7.5,2.08059,17.56788]},"faces":{"east":{"uv":[5.0,1.0,6.0,2.0],"texture":"#o3"},"west":{"uv":[5.0,1.0,6.0,2.0],"texture":"#o3"},"up":{"uv":[5.0,1.0,6.0,2.0],"texture":"#o3"},"down":{"uv":[5.0,1.0,6.0,2.0],"texture":"#o3"}}},{"from":[7.86,1.97344,17.82656],"to":[8.14,2.07344,18.40656],"rotation":{"angle":0.0,"axis":"x","origin":[7.5,1.97344,18.02656]},"faces":{"east":{"uv":[5.0,1.0,6.0,2.0],"texture":"#o3"},"west":{"uv":[5.0,1.0,6.0,2.0],"texture":"#o3"},"up":{"uv":[5.0,1.0,6.0,2.0],"texture":"#o3"},"down":{"uv":[5.0,1.0,6.0,2.0],"texture":"#o3"}}},{"from":[7.86,2.04998,18.39134],"to":[8.14,2.14998,18.87134],"rotation":{"angle":-22.5,"axis":"x","origin":[7.5,2.04998,18.59134]},"faces":{"east":{"uv":[5.0,1.0,6.0,2.0],"texture":"#o3"},"west":{"uv":[5.0,1.0,6.0,2.0],"texture":"#o3"},"up":{"uv":[5.0,1.0,6.0,2.0],"texture":"#o3"},"down":{"uv":[5.0,1.0,6.0,2.0],"texture":"#o3"}}},{"from":[7.86,2.29855,18.79145],"to":[8.14,2.39855,19.07145],"rotation":{"angle":-45.0,"axis":"x","origin":[7.5,2.29855,18.99145]},"faces":{"east":{"uv":[5.0,1.0,6.0,2.0],"texture":"#o3"},"west":{"uv":[5.0,1.0,6.0,2.0],"texture":"#o3"},"up":{"uv":[5.0,1.0,6.0,2.0],"texture":"#o3"},"down":{"uv":[5.0,1.0,6.0,2.0],"texture":"#o3"}}},{"from":[7.86,2.33989,19.02455],"to":[8.14,2.51989,19.12455],"rotation":{"angle":22.5,"axis":"x","origin":[7.5,2.53989,19.12455]},"faces":{"north":{"uv":[5.0,1.0,6.0,2.0],"texture":"#o3"},"south":{"uv":[5.0,1.0,6.0,2.0],"texture":"#o3"},"east":{"uv":[5.0,1.0,6.0,2.0],"texture":"#o3"},"west":{"uv":[5.0,1.0,6.0,2.0],"texture":"#o3"}}},{"from":[7.86,2.52141,19.0169],"to":[8.14,3.00141,19.1169],"rotation":{"angle":0.0,"axis":"x","origin":[7.5,2.72141,19.1169]},"faces":{"north":{"uv":[5.0,1.0,6.0,2.0],"texture":"#o3"},"south":{"uv":[5.0,1.0,6.0,2.0],"texture":"#o3"},"east":{"uv":[5.0,1.0,6.0,2.0],"texture":"#o3"},"west":{"uv":[5.0,1.0,6.0,2.0],"texture":"#o3"}}},{"from":[7.86,2.60882,18.20726],"to":[8.14,2.89882,18.34726],"rotation":{"angle":0.0,"axis":"x","origin":[7.5,2.61882,18.34726]},"faces":{"north":{"uv":[5.0,1.0,6.0,2.0],"texture":"#o3"},"south":{"uv":[5.0,1.0,6.0,2.0],"texture":"#o3"},"east":{"uv":[5.0,1.0,6.0,2.0],"texture":"#o3"},"west":{"uv":[5.0,1.0,6.0,2.0],"texture":"#o3"}}},{"from":[7.86,2.34014,18.11011],"to":[8.14,2.63014,18.24011],"rotation":{"angle":22.5,"axis":"x","origin":[7.5,2.35014,18.24011]},"faces":{"north":{"uv":[5.0,1.0,6.0,2.0],"texture":"#o3"},"south":{"uv":[5.0,1.0,6.0,2.0],"texture":"#o3"},"east":{"uv":[5.0,1.0,6.0,2.0],"texture":"#o3"},"west":{"uv":[5.0,1.0,6.0,2.0],"texture":"#o3"}}},{"from":[7.86,2.23291,17.91829],"to":[8.14,2.42291,18.03829],"rotation":{"angle":45.0,"axis":"x","origin":[7.5,2.14291,18.03829]},"faces":{"north":{"uv":[5.0,1.0,6.0,2.0],"texture":"#o3"},"south":{"uv":[5.0,1.0,6.0,2.0],"texture":"#o3"},"east":{"uv":[5.0,1.0,6.0,2.0],"texture":"#o3"},"west":{"uv":[5.0,1.0,6.0,2.0],"texture":"#o3"},"down":{"uv":[5.0,1.0,6.0,2.0],"texture":"#o3"}}},{"from":[7.86,2.74141,19.0169],"to":[8.14,3.01141,19.1169],"rotation":{"angle":-22.5,"axis":"x","origin":[7.5,2.73141,19.1169]},"faces":{"north":{"uv":[5.0,1.0,6.0,2.0],"texture":"#o3"},"east":{"uv":[5.0,1.0,6.0,2.0],"texture":"#o3"},"west":{"uv":[5.0,1.0,6.0,2.0],"texture":"#o3"}}},{"from":[7.86,2.90263,18.22639],"to":[8.14,3.13263,18.36639],"rotation":{"angle":-22.5,"axis":"x","origin":[7.5,2.85263,18.36639]},"faces":{"north":{"uv":[5.0,1.0,6.0,2.0],"texture":"#o3"},"south":{"uv":[5.0,1.0,6.0,2.0],"texture":"#o3"},"east":{"uv":[5.0,1.0,6.0,2.0],"texture":"#o3"},"west":{"uv":[5.0,1.0,6.0,2.0],"texture":"#o3"}}},{"from":[7.86,2.97303,18.91682],"to":[8.14,3.30303,19.16682],"rotation":{"angle":-45.0,"axis":"x","origin":[7.5,2.98303,19.01682]},"faces":{"north":{"uv":[5.0,1.0,6.0,2.0],"texture":"#o3"},"east":{"uv":[5.0,1.0,6.0,2.0],"texture":"#o3"},"west":{"uv":[5.0,1.0,6.0,2.0],"texture":"#o3"}}},{"from":[7.86,3.07303,18.11682],"to":[8.14,3.50303,18.26682],"rotation":{"angle":-45.0,"axis":"x","origin":[7.5,3.08303,18.21682]},"faces":{"north":{"uv":[5.0,1.0,6.0,2.0],"texture":"#o3"},"south":{"uv":[5.0,1.0,6.0,2.0],"texture":"#o3"},"east":{"uv":[5.0,1.0,6.0,2.0],"texture":"#o3"},"west":{"uv":[5.0,1.0,6.0,2.0],"texture":"#o3"}}},{"from":[7.86,2.94792,18.94582],"to":[8.14,3.32792,19.18582],"rotation":{"angle":22.5,"axis":"x","origin":[7.5,3.14792,19.18582]},"faces":{"south":{"uv":[5.0,1.0,6.0,2.0],"texture":"#o3"},"east":{"uv":[5.0,1.0,6.0,2.0],"texture":"#o3"},"west":{"uv":[5.0,1.0,6.0,2.0],"texture":"#o3"}}},{"from":[7.6,3.22,14.75],"to":[8.4,3.72,15.75],"rotation":{"angle":0.0,"axis":"x","origin":[7.5,3.22,14.75]},"faces":{"north":{"uv":[5.0,1.0,6.0,2.0],"texture":"#o3"},"east":{"uv":[5.0,1.0,6.0,2.0],"texture":"#o3"},"west":{"uv":[5.0,1.0,6.0,2.0],"texture":"#o3"},"down":{"uv":[5.0,1.0,6.0,2.0],"texture":"#o3"}}},{"from":[7.6,3.32,13.75],"to":[8.4,3.82,14.75],"rotation":{"angle":0.0,"axis":"x","origin":[7.5,3.32,13.75]},"faces":{"north":{"uv":[5.0,1.0,6.0,2.0],"texture":"#o3"},"east":{"uv":[5.0,1.0,6.0,2.0],"texture":"#o3"},"west":{"uv":[5.0,1.0,6.0,2.0],"texture":"#o3"},"down":{"uv":[5.0,1.0,6.0,2.0],"texture":"#o3"}}},{"from":[7.95027,6.27,-9.99],"to":[8.04973,6.33,-9.15],"rotation":{"angle":-45.0,"axis":"z","origin":[8.0,6.08,-9.65]},"faces":{"north":{"uv":[5.0,1.0,6.0,2.0],"texture":"#o3"},"south":{"uv":[5.0,1.0,6.0,2.0],"texture":"#o3"},"up":{"uv":[5.0,1.0,6.0,2.0],"texture":"#o3"},"down":{"uv":[5.0,1.0,6.0,2.0],"texture":"#o3"}}},{"from":[7.95027,6.27,-9.99],"to":[8.04973,6.33,-9.15],"rotation":{"angle":-22.5,"axis":"z","origin":[8.0,6.08,-9.65]},"faces":{"north":{"uv":[5.0,1.0,6.0,2.0],"texture":"#o3"},"south":{"uv":[5.0,1.0,6.0,2.0],"texture":"#o3"},"up":{"uv":[5.0,1.0,6.0,2.0],"texture":"#o3"},"down":{"uv":[5.0,1.0,6.0,2.0],"texture":"#o3"}}},{"from":[7.95027,6.27,-9.99],"to":[8.04973,6.33,-9.15],"rotation":{"angle":0.0,"axis":"z","origin":[8.0,6.08,-9.65]},"faces":{"north":{"uv":[5.0,1.0,6.0,2.0],"texture":"#o3"},"south":{"uv":[5.0,1.0,6.0,2.0],"texture":"#o3"},"up":{"uv":[5.0,1.0,6.0,2.0],"texture":"#o3"},"down":{"uv":[5.0,1.0,6.0,2.0],"texture":"#o3"}}},{"from":[7.95027,6.27,-9.99],"to":[8.04973,6.33,-9.15],"rotation":{"angle":22.5,"axis":"z","origin":[8.0,6.08,-9.65]},"faces":{"north":{"uv":[5.0,1.0,6.0,2.0],"texture":"#o3"},"south":{"uv":[5.0,1.0,6.0,2.0],"texture":"#o3"},"up":{"uv":[5.0,1.0,6.0,2.0],"texture":"#o3"},"down":{"uv":[5.0,1.0,6.0,2.0],"texture":"#o3"}}},{"from":[7.95027,6.27,-9.99],"to":[8.04973,6.33,-9.15],"rotation":{"angle":45.0,"axis":"z","origin":[8.0,6.08,-9.65]},"faces":{"north":{"uv":[5.0,1.0,6.0,2.0],"texture":"#o3"},"south":{"uv":[5.0,1.0,6.0,2.0],"texture":"#o3"},"up":{"uv":[5.0,1.0,6.0,2.0],"texture":"#o3"},"down":{"uv":[5.0,1.0,6.0,2.0],"texture":"#o3"}}},{"from":[7.75,6.03027,-9.99],"to":[7.81,6.12973,-9.15],"rotation":{"angle":-22.5,"axis":"z","origin":[8.0,6.08,-9.65]},"faces":{"north":{"uv":[5.0,1.0,6.0,2.0],"texture":"#o3"},"south":{"uv":[5.0,1.0,6.0,2.0],"texture":"#o3"},"east":{"uv":[5.0,1.0,6.0,2.0],"texture":"#o3"},"west":{"uv":[5.0,1.0,6.0,2.0],"texture":"#o3"}}},{"from":[7.75,5.83027,-9.99],"to":[7.81,6.12973,-9.15],"rotation":{"angle":0.0,"axis":"z","origin":[8.0,6.18,-9.65]},"faces":{"north":{"uv":[5.0,1.0,6.0,2.0],"texture":"#o3"},"south":{"uv":[5.0,1.0,6.0,2.0],"texture":"#o3"},"east":{"uv":[5.0,1.0,6.0,2.0],"texture":"#o3"},"west":{"uv":[5.0,1.0,6.0,2.0],"texture":"#o3"}}},{"from":[7.75,5.77027,-9.99],"to":[8.25,5.82973,-9.15],"rotation":{"angle":0.0,"axis":"z","origin":[8.0,6.18,-9.65]},"faces":{"north":{"uv":[5.0,1.0,6.0,2.0],"texture":"#o3"},"south":{"uv":[5.0,1.0,6.0,2.0],"texture":"#o3"},"east":{"uv":[5.0,1.0,6.0,2.0],"texture":"#o3"},"west":{"uv":[5.0,1.0,6.0,2.0],"texture":"#o3"},"up":{"uv":[5.0,1.0,6.0,2.0],"texture":"#o3"},"down":{"uv":[5.0,1.0,6.0,2.0],"texture":"#o3"}}},{"from":[7.9,5.51027,-9.89],"to":[8.1,5.86973,-9.15],"rotation":{"angle":0.0,"axis":"z","origin":[8.0,6.08,-9.65]},"faces":{"north":{"uv":[5.0,1.0,6.0,2.0],"texture":"#o3"},"south":{"uv":[5.0,1.0,6.0,2.0],"texture":"#o3"},"east":{"uv":[5.0,1.0,6.0,2.0],"texture":"#o3"},"west":{"uv":[5.0,1.0,6.0,2.0],"texture":"#o3"}}},{"from":[7.9,5.87027,-9.89],"to":[8.1,5.99984,-9.46412],"rotation":{"angle":0.0,"axis":"z","origin":[8.0,6.18,-9.65]},"faces":{"north":{"uv":[5.0,1.0,6.0,2.0],"texture":"#o3"},"east":{"uv":[5.0,1.0,6.0,2.0],"texture":"#o3"},"west":{"uv":[5.0,1.0,6.0,2.0],"texture":"#o3"},"up":{"uv":[5.0,1.0,6.0,2.0],"texture":"#o3"}}},{"from":[7.98,5.94027,-9.68],"to":[8.01,6.06984,-9.46412],"rotation":{"angle":-22.5,"axis":"z","origin":[8.08,6.07,-9.45]},"faces":{"north":{"uv":[5.0,1.0,6.0,2.0],"texture":"#o3"},"south":{"uv":[5.0,1.0,6.0,2.0],"texture":"#o3"},"west":{"uv":[5.0,1.0,6.0,2.0],"texture":"#o3"}}},{"from":[7.98755,5.99855,-9.68],"to":[8.01245,6.10812,-9.46412],"rotation":{"angle":0.0,"axis":"z","origin":[8.08755,6.10828,-9.45]},"faces":{"north":{"uv":[5.0,1.0,6.0,2.0],"texture":"#o3"},"south":{"uv":[5.0,1.0,6.0,2.0],"texture":"#o3"},"up":{"uv":[5.0,1.0,6.0,2.0],"texture":"#o3"}}},{"from":[7.96755,5.99855,-9.68],"to":[8.03245,6.05812,-9.46412],"rotation":{"angle":0.0,"axis":"z","origin":[8.08755,6.10828,-9.45]},"faces":{"north":{"uv":[5.0,1.0,6.0,2.0],"texture":"#o3"},"south":{"uv":[5.0,1.0,6.0,2.0],"texture":"#o3"}}},{"from":[7.99,5.94027,-9.68],"to":[8.02,6.06984,-9.46412],"rotation":{"angle":22.5,"axis":"z","origin":[7.92,6.07,-9.45]},"faces":{"north":{"uv":[6.0,1.0,5.0,2.0],"texture":"#o3"},"south":{"uv":[6.0,1.0,5.0,2.0],"texture":"#o3"},"east":{"uv":[6.0,1.0,5.0,2.0],"texture":"#o3"}}},{"from":[7.9,5.7371,-9.42488],"to":[8.1,5.89656,-9.08488],"rotation":{"angle":22.5,"axis":"x","origin":[8.0,6.04683,-9.18488]},"faces":{"east":{"uv":[5.0,1.0,6.0,2.0],"texture":"#o3"},"west":{"uv":[5.0,1.0,6.0,2.0],"texture":"#o3"},"up":{"uv":[5.0,1.0,6.0,2.0],"texture":"#o3"}}},{"from":[8.19,5.83027,-9.99],"to":[8.25,6.12973,-9.15],"rotation":{"angle":0.0,"axis":"z","origin":[8.0,6.18,-9.65]},"faces":{"north":{"uv":[5.0,1.0,6.0,2.0],"texture":"#o3"},"south":{"uv":[5.0,1.0,6.0,2.0],"texture":"#o3"},"east":{"uv":[5.0,1.0,6.0,2.0],"texture":"#o3"},"west":{"uv":[5.0,1.0,6.0,2.0],"texture":"#o3"}}},{"from":[8.19,6.03027,-9.99],"to":[8.25,6.12973,-9.15],"rotation":{"angle":22.5,"axis":"z","origin":[8.0,6.08,-9.65]},"faces":{"north":{"uv":[5.0,1.0,6.0,2.0],"texture":"#o3"},"south":{"uv":[5.0,1.0,6.0,2.0],"texture":"#o3"},"east":{"uv":[5.0,1.0,6.0,2.0],"texture":"#o3"},"west":{"uv":[5.0,1.0,6.0,2.0],"texture":"#o3"}}},{"from":[7.6,5.05,6.1],"to":[8.4,5.93,9.3],"rotation":{"angle":0.0,"axis":"y","origin":[7.5,5.05,6.1]},"faces":{"north":{"uv":[5.0,1.0,6.0,2.0],"texture":"#o3"},"south":{"uv":[5.0,1.0,6.0,2.0],"texture":"#o3"},"east":{"uv":[5.0,1.0,6.0,2.0],"texture":"#o3"},"west":{"uv":[5.0,1.0,6.0,2.0],"texture":"#o3"},"up":{"uv":[5.0,1.0,6.0,2.0],"texture":"#o3"}}},{"from":[7.90054,5.2,19.92],"to":[8.09946,5.8,20.03],"rotation":{"angle":-45.0,"axis":"z","origin":[8.0,5.3,20.42]},"faces":{"north":{"uv":[9.0,1.0,10.0,2.0],"texture":"#o3"},"south":{"uv":[9.0,1.0,10.0,2.0],"texture":"#o3"},"up":{"uv":[9.0,1.0,10.0,2.0],"texture":"#o3"}}},{"from":[7.90054,5.2,19.92],"to":[8.09946,5.8,20.03],"rotation":{"angle":-22.5,"axis":"z","origin":[8.0,5.3,20.42]},"faces":{"north":{"uv":[9.0,1.0,10.0,2.0],"texture":"#o3"},"south":{"uv":[9.0,1.0,10.0,2.0],"texture":"#o3"},"up":{"uv":[9.0,1.0,10.0,2.0],"texture":"#o3"}}},{"from":[7.90054,5.2,19.92],"to":[8.09946,5.8,20.03],"rotation":{"angle":0.0,"axis":"z","origin":[8.0,5.3,20.42]},"faces":{"north":{"uv":[9.0,1.0,10.0,2.0],"texture":"#o3"},"south":{"uv":[9.0,1.0,10.0,2.0],"texture":"#o3"},"up":{"uv":[9.0,1.0,10.0,2.0],"texture":"#o3"}}},{"from":[7.90054,5.2,19.92],"to":[8.09946,5.8,20.03],"rotation":{"angle":22.5,"axis":"z","origin":[8.0,5.3,20.42]},"faces":{"north":{"uv":[9.0,1.0,10.0,2.0],"texture":"#o3"},"south":{"uv":[9.0,1.0,10.0,2.0],"texture":"#o3"},"up":{"uv":[9.0,1.0,10.0,2.0],"texture":"#o3"}}},{"from":[7.90054,5.56,19.92],"to":[8.09946,5.8,20.03],"rotation":{"angle":45.0,"axis":"z","origin":[8.0,5.3,20.42]},"faces":{"north":{"uv":[9.0,1.0,10.0,2.0],"texture":"#o3"},"south":{"uv":[9.0,1.0,10.0,2.0],"texture":"#o3"},"up":{"uv":[9.0,1.0,10.0,2.0],"texture":"#o3"}}},{"from":[7.8,5.20054,19.92],"to":[8.5,5.39946,20.03],"rotation":{"angle":22.5,"axis":"z","origin":[8.0,5.3,20.42]},"faces":{"north":{"uv":[9.0,1.0,10.0,2.0],"texture":"#o3"},"south":{"uv":[9.0,1.0,10.0,2.0],"texture":"#o3"},"east":{"uv":[9.0,1.0,10.0,2.0],"texture":"#o3"}}},{"from":[7.95027,5.05,16.2],"to":[8.04973,5.55,21.24],"rotation":{"angle":-45.0,"axis":"z","origin":[8.0,5.3,15.7]},"faces":{"north":{"uv":[13.0,1.0,14.0,2.0],"texture":"#o3"},"south":{"uv":[13.0,1.0,14.0,2.0],"texture":"#o3"},"up":{"uv":[13.0,1.0,14.0,2.0],"texture":"#o3"},"down":{"uv":[13.0,1.0,14.0,2.0],"texture":"#o3"}}},{"from":[7.95027,5.05,16.2],"to":[8.04973,5.55,21.24],"rotation":{"angle":-22.5,"axis":"z","origin":[8.0,5.3,15.7]},"faces":{"north":{"uv":[13.0,1.0,14.0,2.0],"texture":"#o3"},"south":{"uv":[13.0,1.0,14.0,2.0],"texture":"#o3"},"up":{"uv":[13.0,1.0,14.0,2.0],"texture":"#o3"},"down":{"uv":[13.0,1.0,14.0,2.0],"texture":"#o3"}}},{"from":[7.95027,5.05,16.2],"to":[8.04973,5.55,21.24],"rotation":{"angle":0.0,"axis":"z","origin":[8.0,5.3,15.7]},"faces":{"north":{"uv":[13.0,1.0,14.0,2.0],"texture":"#o3"},"south":{"uv":[13.0,1.0,14.0,2.0],"texture":"#o3"},"up":{"uv":[13.0,1.0,14.0,2.0],"texture":"#o3"},"down":{"uv":[13.0,1.0,14.0,2.0],"texture":"#o3"}}},{"from":[7.95027,5.05,16.2],"to":[8.04973,5.55,21.24],"rotation":{"angle":22.5,"axis":"z","origin":[8.0,5.3,15.7]},"faces":{"north":{"uv":[13.0,1.0,14.0,2.0],"texture":"#o3"},"south":{"uv":[13.0,1.0,14.0,2.0],"texture":"#o3"},"up":{"uv":[13.0,1.0,14.0,2.0],"texture":"#o3"},"down":{"uv":[13.0,1.0,14.0,2.0],"texture":"#o3"}}},{"from":[7.95027,5.05,16.2],"to":[8.04973,5.55,21.24],"rotation":{"angle":45.0,"axis":"z","origin":[8.0,5.3,15.7]},"faces":{"north":{"uv":[13.0,1.0,14.0,2.0],"texture":"#o3"},"south":{"uv":[13.0,1.0,14.0,2.0],"texture":"#o3"},"up":{"uv":[13.0,1.0,14.0,2.0],"texture":"#o3"},"down":{"uv":[13.0,1.0,14.0,2.0],"texture":"#o3"}}},{"from":[7.75,5.25027,16.2],"to":[8.25,5.34973,21.24],"rotation":{"angle":-22.5,"axis":"z","origin":[8.0,5.3,15.7]},"faces":{"north":{"uv":[13.0,1.0,14.0,2.0],"texture":"#o3"},"south":{"uv":[13.0,1.0,14.0,2.0],"texture":"#o3"},"east":{"uv":[13.0,1.0,14.0,2.0],"texture":"#o3"},"west":{"uv":[13.0,1.0,14.0,2.0],"texture":"#o3"}}},{"from":[7.75,5.25027,16.2],"to":[8.25,5.34973,21.24],"rotation":{"angle":0.0,"axis":"z","origin":[8.0,5.3,15.7]},"faces":{"north":{"uv":[13.0,1.0,14.0,2.0],"texture":"#o3"},"south":{"uv":[13.0,1.0,14.0,2.0],"texture":"#o3"},"east":{"uv":[13.0,1.0,14.0,2.0],"texture":"#o3"},"west":{"uv":[13.0,1.0,14.0,2.0],"texture":"#o3"}}},{"from":[7.75,5.25027,16.2],"to":[8.25,5.34973,21.24],"rotation":{"angle":22.5,"axis":"z","origin":[8.0,5.3,15.7]},"faces":{"north":{"uv":[13.0,1.0,14.0,2.0],"texture":"#o3"},"south":{"uv":[13.0,1.0,14.0,2.0],"texture":"#o3"},"east":{"uv":[13.0,1.0,14.0,2.0],"texture":"#o3"},"west":{"uv":[13.0,1.0,14.0,2.0],"texture":"#o3"}}},{"from":[7.53436,5.56,20.55],"to":[8.10436,5.73,20.98],"rotation":{"angle":0.0,"axis":"y","origin":[7.74743,5.55976,30.28]},"faces":{"north":{"uv":[13.0,1.0,14.0,2.0],"texture":"#o3"},"south":{"uv":[13.0,1.0,14.0,2.0],"texture":"#o3"},"east":{"uv":[13.0,1.0,14.0,2.0],"texture":"#o3"},"west":{"uv":[13.0,1.0,14.0,2.0],"texture":"#o3"},"up":{"uv":[13.0,1.0,14.0,2.0],"texture":"#o3"},"down":{"uv":[13.0,1.0,14.0,2.0],"texture":"#o3"}}},{"from":[7.97215,5.51,20.0],"to":[8.02785,5.79,20.95],"rotation":{"angle":-45.0,"axis":"z","origin":[8.0,5.65,20.5]},"faces":{"up":{"uv":[9.0,1.0,10.0,2.0],"texture":"#o3"}}},{"from":[7.97215,5.51,20.0],"to":[8.02785,5.79,20.95],"rotation":{"angle":-22.5,"axis":"z","origin":[8.0,5.65,20.5]},"faces":{"up":{"uv":[9.0,1.0,10.0,2.0],"texture":"#o3"}}},{"from":[7.97215,5.51,20.0],"to":[8.02785,5.79,20.95],"rotation":{"angle":0.0,"axis":"z","origin":[8.0,5.65,20.5]},"faces":{"up":{"uv":[9.0,1.0,10.0,2.0],"texture":"#o3"}}},{"from":[7.97215,5.51,20.0],"to":[8.02785,5.79,20.95],"rotation":{"angle":22.5,"axis":"z","origin":[8.0,5.65,20.5]},"faces":{"up":{"uv":[9.0,1.0,10.0,2.0],"texture":"#o3"}}},{"from":[7.47215,5.51,20.0],"to":[8.02785,5.79,20.89],"rotation":{"angle":45.0,"axis":"z","origin":[8.0,5.65,20.5]},"faces":{"up":{"uv":[9.0,1.0,10.0,2.0],"texture":"#o3"},"down":{"uv":[9.0,1.0,10.0,2.0],"texture":"#o3"}}},{"from":[7.86,5.62215,20.0],"to":[8.14,5.67785,20.95],"rotation":{"angle":-22.5,"axis":"z","origin":[8.0,5.65,20.5]},"faces":{"east":{"uv":[9.0,1.0,10.0,2.0],"texture":"#o3"},"west":{"uv":[9.0,1.0,10.0,2.0],"texture":"#o3"}}},{"from":[8.18913,5.3119,20.0],"to":[8.30193,5.39245,21.03],"rotation":{"angle":-45.0,"axis":"z","origin":[8.30663,5.35218,20.475]},"faces":{"south":{"uv":[9.0,1.0,10.0,2.0],"texture":"#o3"},"up":{"uv":[9.0,1.0,10.0,2.0],"texture":"#o3"}}},{"from":[7.86,5.62215,20.0],"to":[8.14,5.67785,20.95],"rotation":{"angle":0.0,"axis":"z","origin":[8.0,5.65,20.5]},"faces":{"east":{"uv":[9.0,1.0,10.0,2.0],"texture":"#o3"}}},{"from":[8.11869,5.3707,20.0],"to":[8.25869,5.62639,20.45],"rotation":{"angle":-22.5,"axis":"z","origin":[8.25869,5.59854,20.5]},"faces":{"south":{"uv":[9.0,1.0,10.0,2.0],"texture":"#o3"},"up":{"uv":[9.0,1.0,10.0,2.0],"texture":"#o3"}}},{"from":[8.20865,5.27774,20.0],"to":[8.34865,5.53343,20.45],"rotation":{"angle":-45.0,"axis":"z","origin":[8.34865,5.50559,20.5]},"faces":{"south":{"uv":[9.0,1.0,10.0,2.0],"texture":"#o3"},"up":{"uv":[9.0,1.0,10.0,2.0],"texture":"#o3"}}},{"from":[8.16834,5.38528,20.0],"to":[8.42403,5.52528,20.45],"rotation":{"angle":22.5,"axis":"z","origin":[8.39619,5.38528,20.5]},"faces":{"south":{"uv":[9.0,1.0,10.0,2.0],"rotation":90,"texture":"#o3"},"east":{"uv":[9.0,1.0,10.0,2.0],"rotation":90,"texture":"#o3"}}},{"from":[7.86,5.62215,20.0],"to":[8.14,5.67785,20.95],"rotation":{"angle":22.5,"axis":"z","origin":[8.0,5.65,20.5]},"faces":{"east":{"uv":[9.0,1.0,10.0,2.0],"texture":"#o3"}}},{"from":[7.97016,5.5,20.72],"to":[8.02984,5.8,20.96],"rotation":{"angle":-45.0,"axis":"z","origin":[8.0,5.65,20.76]},"faces":{"north":{"uv":[9.0,1.0,10.0,2.0],"texture":"#o3"},"south":{"uv":[9.0,1.0,10.0,2.0],"texture":"#o3"},"up":{"uv":[9.0,1.0,10.0,2.0],"texture":"#o3"},"down":{"uv":[9.0,1.0,10.0,2.0],"texture":"#o3"}}},{"from":[7.97016,5.5,20.72],"to":[8.02984,5.8,20.96],"rotation":{"angle":-22.5,"axis":"z","origin":[8.0,5.65,20.76]},"faces":{"north":{"uv":[9.0,1.0,10.0,2.0],"texture":"#o3"},"south":{"uv":[9.0,1.0,10.0,2.0],"texture":"#o3"},"up":{"uv":[9.0,1.0,10.0,2.0],"texture":"#o3"},"down":{"uv":[9.0,1.0,10.0,2.0],"texture":"#o3"}}},{"from":[7.97016,5.5,20.72],"to":[8.02984,5.8,20.96],"rotation":{"angle":0.0,"axis":"z","origin":[8.0,5.65,20.76]},"faces":{"north":{"uv":[9.0,1.0,10.0,2.0],"texture":"#o3"},"south":{"uv":[9.0,1.0,10.0,2.0],"texture":"#o3"},"up":{"uv":[9.0,1.0,10.0,2.0],"texture":"#o3"},"down":{"uv":[9.0,1.0,10.0,2.0],"texture":"#o3"}}},{"from":[7.97016,5.5,20.72],"to":[8.02984,5.8,20.96],"rotation":{"angle":22.5,"axis":"z","origin":[8.0,5.65,20.76]},"faces":{"north":{"uv":[9.0,1.0,10.0,2.0],"texture":"#o3"},"south":{"uv":[9.0,1.0,10.0,2.0],"texture":"#o3"},"up":{"uv":[9.0,1.0,10.0,2.0],"texture":"#o3"},"down":{"uv":[9.0,1.0,10.0,2.0],"texture":"#o3"}}},{"from":[7.97016,5.5,20.72],"to":[8.02984,5.8,20.96],"rotation":{"angle":45.0,"axis":"z","origin":[8.0,5.65,20.76]},"faces":{"north":{"uv":[9.0,1.0,10.0,2.0],"texture":"#o3"},"south":{"uv":[9.0,1.0,10.0,2.0],"texture":"#o3"},"up":{"uv":[9.0,1.0,10.0,2.0],"texture":"#o3"},"down":{"uv":[9.0,1.0,10.0,2.0],"texture":"#o3"}}},{"from":[7.85,5.62016,20.72],"to":[8.15,5.67984,20.96],"rotation":{"angle":-22.5,"axis":"z","origin":[8.0,5.65,20.76]},"faces":{"north":{"uv":[9.0,1.0,10.0,2.0],"texture":"#o3"},"south":{"uv":[9.0,1.0,10.0,2.0],"texture":"#o3"},"east":{"uv":[9.0,1.0,10.0,2.0],"texture":"#o3"},"west":{"uv":[9.0,1.0,10.0,2.0],"texture":"#o3"}}},{"from":[7.85,5.62016,20.72],"to":[8.15,5.67984,20.96],"rotation":{"angle":0.0,"axis":"z","origin":[8.0,5.65,20.76]},"faces":{"north":{"uv":[9.0,1.0,10.0,2.0],"texture":"#o3"},"south":{"uv":[9.0,1.0,10.0,2.0],"texture":"#o3"},"east":{"uv":[9.0,1.0,10.0,2.0],"texture":"#o3"},"west":{"uv":[9.0,1.0,10.0,2.0],"texture":"#o3"}}},{"from":[7.85,5.62016,20.72],"to":[8.15,5.67984,20.96],"rotation":{"angle":22.5,"axis":"z","origin":[8.0,5.65,20.76]},"faces":{"north":{"uv":[9.0,1.0,10.0,2.0],"texture":"#o3"},"south":{"uv":[9.0,1.0,10.0,2.0],"texture":"#o3"},"east":{"uv":[9.0,1.0,10.0,2.0],"texture":"#o3"},"west":{"uv":[9.0,1.0,10.0,2.0],"texture":"#o3"}}},{"from":[7.86,5.37436,19.72],"to":[8.13,5.89564,19.91],"rotation":{"angle":0.0,"axis":"z","origin":[8.0,5.34,19.41]},"faces":{"north":{"uv":[13.0,1.0,14.0,2.0],"rotation":90,"texture":"#o3"},"south":{"uv":[13.0,1.0,14.0,2.0],"rotation":270,"texture":"#o3"},"east":{"uv":[13.0,1.0,14.0,2.0],"rotation":270,"texture":"#o3"},"west":{"uv":[13.0,1.0,14.0,2.0],"rotation":270,"texture":"#o3"}}},{"from":[7.5,5.00054,19.92],"to":[8.3,5.39946,21.03],"rotation":{"angle":0.0,"axis":"z","origin":[8.0,5.3,20.53]},"faces":{"north":{"uv":[9.0,1.0,10.0,2.0],"texture":"#o3"},"south":{"uv":[9.0,1.0,10.0,2.0],"texture":"#o3"},"east":{"uv":[9.0,1.0,10.0,2.0],"texture":"#o3"},"west":{"uv":[9.0,1.0,10.0,2.0],"texture":"#o3"},"up":{"uv":[9.0,1.0,10.0,2.0],"texture":"#o3"},"down":{"uv":[9.0,1.0,10.0,2.0],"texture":"#o3"}}},{"from":[7.5,5.20054,19.92],"to":[8.2,5.39946,20.03],"rotation":{"angle":-22.5,"axis":"z","origin":[8.0,5.3,20.42]},"faces":{"north":{"uv":[9.0,1.0,10.0,2.0],"texture":"#o3"},"south":{"uv":[9.0,1.0,10.0,2.0],"texture":"#o3"},"west":{"uv":[9.0,1.0,10.0,2.0],"texture":"#o3"}}},{"from":[7.8,5.20054,20.03],"to":[8.1,5.39946,21.04],"rotation":{"angle":-22.5,"axis":"z","origin":[8.0,5.3,20.53]},"faces":{"north":{"uv":[5.0,1.0,6.0,2.0],"texture":"#o3"},"south":{"uv":[5.0,1.0,6.0,2.0],"texture":"#o3"},"east":{"uv":[5.0,1.0,6.0,2.0],"texture":"#o3"},"west":{"uv":[5.0,1.0,6.0,2.0],"texture":"#o3"},"up":{"uv":[5.0,1.0,6.0,2.0],"texture":"#o3"},"down":{"uv":[5.0,1.0,6.0,2.0],"texture":"#o3"}}},{"from":[8.0,5.00054,19.92],"to":[8.5,5.39946,20.03],"rotation":{"angle":0.0,"axis":"z","origin":[8.5,5.3,20.53]},"faces":{"north":{"uv":[9.0,1.0,10.0,2.0],"texture":"#o3"},"south":{"uv":[9.0,1.0,10.0,2.0],"texture":"#o3"},"east":{"uv":[9.0,1.0,10.0,2.0],"texture":"#o3"},"down":{"uv":[9.0,1.0,10.0,2.0],"texture":"#o3"}}},{"from":[8.16622,5.00054,20.0],"to":[8.42191,5.39593,20.45],"rotation":{"angle":0.0,"axis":"z","origin":[8.39407,5.25593,20.5]},"faces":{"south":{"uv":[9.0,1.0,10.0,2.0],"rotation":90,"texture":"#o3"},"east":{"uv":[9.0,1.0,10.0,2.0],"rotation":90,"texture":"#o3"},"down":{"uv":[9.0,1.0,10.0,2.0],"rotation":90,"texture":"#o3"}}},{"from":[8.08905,5.53341,20.0],"to":[8.28645,5.61395,21.03],"rotation":{"angle":-22.5,"axis":"z","origin":[7.89165,5.62538,20.5]},"faces":{"south":{"uv":[9.0,1.0,10.0,2.0],"texture":"#o3"},"up":{"uv":[9.0,1.0,10.0,2.0],"texture":"#o3"}}},{"from":[8.29926,5.26471,20.0],"to":[8.37981,5.37751,21.03],"rotation":{"angle":22.5,"axis":"z","origin":[8.33954,5.26001,20.475]},"faces":{"south":{"uv":[9.0,1.0,10.0,2.0],"rotation":90,"texture":"#o3"},"east":{"uv":[9.0,1.0,10.0,2.0],"rotation":90,"texture":"#o3"}}},{"from":[8.2944,4.99897,20.0],"to":[8.37495,5.27977,21.03],"rotation":{"angle":0.0,"axis":"z","origin":[8.33467,5.16227,20.475]},"faces":{"south":{"uv":[9.0,1.0,10.0,2.0],"rotation":90,"texture":"#o3"},"east":{"uv":[9.0,1.0,10.0,2.0],"rotation":90,"texture":"#o3"},"down":{"uv":[9.0,1.0,10.0,2.0],"rotation":90,"texture":"#o3"}}},{"from":[7.47215,5.51,20.89],"to":[7.89785,5.79,21.01],"rotation":{"angle":45.0,"axis":"z","origin":[8.0,5.65,21.39]},"faces":{"south":{"uv":[9.0,1.0,10.0,2.0],"texture":"#o3"},"east":{"uv":[9.0,1.0,10.0,2.0],"texture":"#o3"},"up":{"uv":[9.0,1.0,10.0,2.0],"texture":"#o3"}}},{"from":[8.2939,5.60118,19.72],"to":[8.89589,5.83189,19.91],"rotation":{"angle":45.0,"axis":"z","origin":[8.0,5.34,19.41]},"faces":{"north":{"uv":[13.0,1.0,14.0,2.0],"texture":"#o3"},"south":{"uv":[13.0,1.0,14.0,2.0],"texture":"#o3"},"up":{"uv":[13.0,1.0,14.0,2.0],"texture":"#o3"},"down":{"uv":[13.0,1.0,14.0,2.0],"texture":"#o3"}}},{"from":[8.28567,6.06131,19.72],"to":[9.51695,6.32131,19.91],"rotation":{"angle":0.0,"axis":"z","origin":[8.0,5.34,19.41]},"faces":{"north":{"uv":[13.0,1.0,14.0,2.0],"rotation":180,"texture":"#o3"},"south":{"uv":[13.0,1.0,14.0,2.0],"texture":"#o3"},"up":{"uv":[13.0,1.0,14.0,2.0],"texture":"#o3"},"down":{"uv":[13.0,1.0,14.0,2.0],"texture":"#o3"}}},{"from":[9.51567,5.86131,19.52],"to":[10.08695,6.42131,20.11],"rotation":{"angle":0.0,"axis":"z","origin":[8.0,5.34,19.41]},"faces":{"north":{"uv":[13.0,1.0,14.0,2.0],"rotation":180,"texture":"#o3"},"south":{"uv":[13.0,1.0,14.0,2.0],"texture":"#o3"},"east":{"uv":[13.0,1.0,14.0,2.0],"texture":"#o3"},"west":{"uv":[13.0,1.0,14.0,2.0],"texture":"#o3"},"up":{"uv":[13.0,1.0,14.0,2.0],"texture":"#o3"},"down":{"uv":[13.0,1.0,14.0,2.0],"texture":"#o3"}}},{"from":[7.8,5.65,9.3],"to":[8.21,5.94,9.4],"rotation":{"angle":0.0,"axis":"y","origin":[7.71,5.15,6.2]},"faces":{"south":{"uv":[5.0,1.0,6.0,2.0],"texture":"#o3"}}},{"from":[8.21,5.65,8.9],"to":[8.5,6.05,9.4],"rotation":{"angle":0.0,"axis":"y","origin":[8.0,5.15,6.2]},"faces":{"north":{"uv":[5.0,1.0,6.0,2.0],"texture":"#o3"},"south":{"uv":[5.0,1.0,6.0,2.0],"texture":"#o3"},"east":{"uv":[5.0,1.0,6.0,2.0],"texture":"#o3"},"west":{"uv":[5.0,1.0,6.0,2.0],"texture":"#o3"},"up":{"uv":[5.0,1.0,6.0,2.0],"texture":"#o3"},"down":{"uv":[5.0,1.0,6.0,2.0],"texture":"#o3"}}},{"from":[7.5,5.65,8.9],"to":[7.8,6.05,9.4],"rotation":{"angle":0.0,"axis":"y","origin":[7.3,5.15,6.2]},"faces":{"north":{"uv":[5.0,1.0,6.0,2.0],"texture":"#o3"},"south":{"uv":[5.0,1.0,6.0,2.0],"texture":"#o3"},"east":{"uv":[5.0,1.0,6.0,2.0],"texture":"#o3"},"west":{"uv":[5.0,1.0,6.0,2.0],"texture":"#o3"},"up":{"uv":[5.0,1.0,6.0,2.0],"texture":"#o3"},"down":{"uv":[5.0,1.0,6.0,2.0],"texture":"#o3"}}},{"from":[7.8,5.94,9.3],"to":[7.9,6.05,9.4],"rotation":{"angle":0.0,"axis":"y","origin":[7.7,5.45,6.2]},"faces":{"north":{"uv":[5.0,1.0,6.0,2.0],"texture":"#o3"},"south":{"uv":[5.0,1.0,6.0,2.0],"texture":"#o3"},"up":{"uv":[5.0,1.0,6.0,2.0],"texture":"#o3"}}},{"from":[7.87929,5.87,9.3],"to":[7.97929,6.04142,9.4],"rotation":{"angle":45.0,"axis":"z","origin":[7.92929,5.95,9.35]},"faces":{"north":{"uv":[5.0,1.0,6.0,2.0],"texture":"#o3"},"south":{"uv":[5.0,1.0,6.0,2.0],"texture":"#o3"},"east":{"uv":[5.0,1.0,6.0,2.0],"texture":"#o3"}}},{"from":[8.11,5.94,9.3],"to":[8.21,6.05,9.4],"rotation":{"angle":0.0,"axis":"y","origin":[8.01,5.45,6.2]},"faces":{"north":{"uv":[5.0,1.0,6.0,2.0],"texture":"#o3"},"south":{"uv":[5.0,1.0,6.0,2.0],"texture":"#o3"},"up":{"uv":[5.0,1.0,6.0,2.0],"texture":"#o3"}}},{"from":[7.99858,5.92929,9.3],"to":[8.16,6.02929,9.4],"rotation":{"angle":45.0,"axis":"z","origin":[8.11,5.97929,9.35]},"faces":{"north":{"uv":[5.0,1.0,6.0,2.0],"rotation":270,"texture":"#o3"},"south":{"uv":[5.0,1.0,6.0,2.0],"rotation":270,"texture":"#o3"},"up":{"uv":[5.0,1.0,6.0,2.0],"rotation":270,"texture":"#o3"}}},{"from":[3.46467,0.868,7.62818],"to":[6.12867,3.532,18.28417],"rotation":{"angle":-22.5,"axis":"y","origin":[5.46267,5.2636,16.55197]},"faces":{"north":{"uv":[11.0,12.0,10.0,13.0],"texture":"#o5"},"south":{"uv":[10.0,13.0,9.0,12.0],"texture":"#o5"},"east":{"uv":[8.0,13.0,9.0,16.0],"rotation":270,"texture":"#o5"},"west":{"uv":[11.0,16.0,10.0,13.0],"rotation":270,"texture":"#o5"},"up":{"uv":[10.0,16.0,9.0,13.0],"texture":"#o5"},"down":{"uv":[12.0,16.0,11.0,13.0],"rotation":180,"texture":"#o5"}}},{"from":[3.21467,0.618,7.37818],"to":[6.37867,3.782,18.53417],"rotation":{"angle":-22.5,"axis":"y","origin":[5.46267,5.2636,16.55197]},"faces":{"north":{"uv":[13.0,8.0,12.0,9.0],"texture":"#o5"},"south":{"uv":[12.0,9.0,11.0,8.0],"texture":"#o5"},"east":{"uv":[10.0,9.0,11.0,12.0],"rotation":270,"texture":"#o5"},"west":{"uv":[13.0,12.0,12.0,9.0],"rotation":270,"texture":"#o5"},"up":{"uv":[12.0,12.0,11.0,9.0],"texture":"#o5"},"down":{"uv":[14.0,12.0,13.0,9.0],"rotation":180,"texture":"#o5"}}},{"from":[-16.0,-16.0,-15.99],"to":[32.0,32.0,-15.99],"faces":{"north":{"uv":[0.0,0.0,16.0,16.0],"texture":"#icon_background"}}},{"from":[-16.0,-16.0,-16.0],"to":[32.0,32.0,-16.0],"faces":{"north":{"uv":[0.0,0.0,16.0,16.0],"texture":"#icon"}}}],"display":{"firstperson_lefthand":{"rotation":[0.0,0.0,0.0],"translation":[0.0,0.0,0.0],"scale":[0.0,0.0,0.0]},"firstperson_righthand":{"rotation":[-11.0,0.0,20.0],"translation":[-10.75,15.600000000000001,-18.75],"scale":[3.0,3.0,3.0]},"thirdperson_lefthand":{"rotation":[0.0,0.0,0.0],"translation":[0.0,0.0,0.0],"scale":[0.0,0.0,0.0]},"thirdperson_righthand":{"rotation":[0.0,0.0,0.0],"translation":[0.0,0.0,0.0],"scale":[0.0,0.0,0.0]},"ground":{"rotation":[0.0,0.0,90.0],"translation":[-2.75,0.0,-3.5],"scale":[0.8,0.8,0.8]},"gui":{"rotation":[0.0,-180.0,0.0],"translation":[0.0,0.0,0.0],"scale":[0.333,0.333,0.333]},"head":{"rotation":[0.0,-90.0,-90.0],"translation":[-1.25,-42.0,4.5],"scale":[1.8,1.8,1.8]}},"gui_light":"front"}