{"textures":{"o0":"generated/0","o1":"generated/7","o2":"skin/player_skin_slim","o3":"skin/player_skin","o4":"generated/4","o5":"generated/6","o6":"generated/15","o7":"generated/8","o8":"generated/5","icon":"generated/29","icon_background":"generated/2a"},"elements":[{"from":[-4.0,2.6,4.0],"to":[12.0,6.6,7.0],"rotation":{"angle":-22.5,"axis":"y","origin":[2.0,6.6,4.0]},"faces":{"north":{"uv":[10.75,16.0,9.75,13.0],"rotation":270,"texture":"#o2"},"south":{"uv":[8.0,13.0,9.0,16.0],"rotation":270,"texture":"#o2"},"east":{"uv":[9.75,12.0,10.5,13.0],"rotation":270,"texture":"#o2"},"west":{"uv":[9.75,13.0,9.0,12.0],"texture":"#o2"},"up":{"uv":[9.0,13.0,9.75,16.0],"rotation":270,"texture":"#o2"},"down":{"uv":[10.75,13.0,11.5,16.0],"rotation":270,"texture":"#o2"}}},{"from":[-5.09106,2.3,3.67732],"to":[13.30894,6.9,7.12732],"rotation":{"angle":-22.5,"axis":"y","origin":[1.80894,6.9,3.67732]},"faces":{"north":{"uv":[14.75,16.0,13.75,13.0],"rotation":270,"texture":"#o2"},"south":{"uv":[12.0,13.0,13.0,16.0],"rotation":270,"texture":"#o2"},"east":{"uv":[13.75,12.0,14.5,13.0],"rotation":270,"texture":"#o2"},"west":{"uv":[13.75,13.0,13.0,12.0],"texture":"#o2"},"up":{"uv":[13.0,13.0,13.75,16.0],"rotation":270,"texture":"#o2"},"down":{"uv":[14.75,13.0,15.5,16.0],"rotation":270,"texture":"#o2"}}},{"from":[17.4,6.84388,6.84181],"to":[28.0,7.78258,7.56],"rotation":{"angle":45.0,"axis":"x","origin":[18.93,7.44,8.06]},"faces":{"north":{"uv":[0.0,0.0,13.25,0.25],"texture":"#o7"},"south":{"uv":[0.0,0.5,0.25,0.75],"texture":"#o7"},"east":{"uv":[0.0,0.5,0.25,0.75],"texture":"#o7"},"west":{"uv":[0.0,0.5,0.25,0.75],"texture":"#o7"},"up":{"uv":[5.5,0.75,2.75,0.5],"texture":"#o7"},"down":{"uv":[5.5,0.75,2.75,1.0],"texture":"#o7"}}},{"from":[17.4,5.94118,6.77709],"to":[28.0,7.87987,7.56],"rotation":{"angle":0.0,"axis":"x","origin":[18.93,7.44,8.06]},"faces":{"north":{"uv":[0.0,0.0,13.25,0.25],"texture":"#o7"},"south":{"uv":[0.0,0.5,0.25,0.75],"texture":"#o7"},"east":{"uv":[0.0,0.5,0.25,0.75],"texture":"#o7"},"west":{"uv":[0.0,0.5,0.25,0.75],"texture":"#o7"},"up":{"uv":[5.5,1.25,2.75,1.0],"texture":"#o7"},"down":{"uv":[5.5,1.25,2.75,1.5],"texture":"#o7"}}},{"from":[17.4,7.19147,8.56],"to":[28.0,7.68853,8.86],"rotation":{"angle":45.0,"axis":"x","origin":[18.93,7.44,8.06]},"faces":{"north":{"uv":[0.0,0.5,0.25,0.75],"texture":"#o7"},"south":{"uv":[2.75,1.75,5.5,2.0],"texture":"#o7"},"east":{"uv":[0.0,0.5,0.25,0.75],"texture":"#o7"},"west":{"uv":[0.0,0.5,0.25,0.75],"texture":"#o7"},"up":{"uv":[5.5,2.25,2.75,2.0],"texture":"#o7"},"down":{"uv":[5.5,2.25,2.75,2.5],"texture":"#o7"}}},{"from":[17.4,5.64096,8.90188],"to":[28.0,6.57966,9.40188],"rotation":{"angle":45.0,"axis":"x","origin":[18.93,6.33113,8.60188]},"faces":{"north":{"uv":[2.75,2.5,5.5,2.75],"texture":"#o7"},"south":{"uv":[0.0,0.0,13.25,0.25],"texture":"#o7"},"east":{"uv":[0.0,0.5,0.25,0.75],"texture":"#o7"},"west":{"uv":[0.0,0.5,0.25,0.75],"texture":"#o7"},"up":{"uv":[2.75,3.25,0.0,3.0],"texture":"#o7"},"down":{"uv":[5.5,3.0,2.75,3.25],"texture":"#o7"}}},{"from":[17.4,5.94118,8.56],"to":[28.0,7.87987,9.3433],"rotation":{"angle":0.0,"axis":"x","origin":[18.93,7.44,8.06]},"faces":{"north":{"uv":[0.0,0.5,0.25,0.75],"texture":"#o7"},"south":{"uv":[0.0,0.0,13.25,0.25],"texture":"#o7"},"east":{"uv":[0.0,0.5,0.25,0.75],"texture":"#o7"},"west":{"uv":[0.0,0.5,0.25,0.75],"texture":"#o7"},"up":{"uv":[2.75,3.5,0.0,3.25],"texture":"#o7"},"down":{"uv":[5.5,3.25,2.75,3.5],"texture":"#o7"}}},{"from":[17.4,6.64,7.81147],"to":[28.0,6.94,8.30853],"rotation":{"angle":45.0,"axis":"x","origin":[18.93,7.44,8.06]},"faces":{"north":{"uv":[0.0,3.5,2.75,3.75],"texture":"#o7"},"south":{"uv":[2.75,3.5,5.5,3.75],"texture":"#o7"},"east":{"uv":[0.0,0.5,0.25,0.75],"texture":"#o7"},"west":{"uv":[0.0,0.5,0.25,0.75],"texture":"#o7"},"up":{"uv":[0.0,0.5,0.25,0.75],"texture":"#o7"},"down":{"uv":[5.5,3.75,2.75,4.0],"texture":"#o7"}}},{"from":[17.4,5.53113,7.26998],"to":[28.0,6.03113,8.20868],"rotation":{"angle":45.0,"axis":"x","origin":[18.93,6.33113,7.51851]},"faces":{"north":{"uv":[0.0,4.0,2.75,4.25],"texture":"#o7"},"south":{"uv":[2.75,4.0,5.5,4.25],"texture":"#o7"},"east":{"uv":[0.0,0.5,0.25,0.75],"texture":"#o7"},"west":{"uv":[0.0,0.5,0.25,0.75],"texture":"#o7"},"up":{"uv":[2.75,4.5,0.0,4.25],"texture":"#o7"},"down":{"uv":[0.0,0.0,13.25,0.25],"texture":"#o7"}}},{"from":[17.4,5.27742,7.44085],"to":[28.0,6.94,8.67954],"rotation":{"angle":0.0,"axis":"x","origin":[18.93,7.44,8.06]},"faces":{"north":{"uv":[0.0,2.0,2.75,2.5],"texture":"#o7"},"south":{"uv":[0.0,2.5,2.75,3.0],"texture":"#o7"},"east":{"uv":[0.0,0.5,0.25,0.75],"texture":"#o7"},"west":{"uv":[0.0,0.5,0.25,0.75],"texture":"#o7"},"up":{"uv":[0.0,0.5,0.25,0.75],"texture":"#o7"},"down":{"uv":[0.0,0.0,13.25,0.25],"texture":"#o7"}}},{"from":[17.4,7.94,7.7177],"to":[28.0,8.65847,8.6564],"rotation":{"angle":45.0,"axis":"x","origin":[18.93,7.44,8.06]},"faces":{"north":{"uv":[0.0,4.75,2.75,5.0],"texture":"#o7"},"south":{"uv":[2.75,4.75,5.5,5.0],"texture":"#o7"},"east":{"uv":[0.0,0.5,0.25,0.75],"texture":"#o7"},"west":{"uv":[0.0,0.5,0.25,0.75],"texture":"#o7"},"up":{"uv":[0.0,0.0,13.25,0.25],"texture":"#o7"},"down":{"uv":[0.0,0.5,0.25,0.75],"texture":"#o7"}}},{"from":[17.4,7.94,7.44085],"to":[28.0,8.54363,8.67954],"rotation":{"angle":0.0,"axis":"x","origin":[18.93,7.44,8.06]},"faces":{"north":{"uv":[0.0,5.25,2.75,5.5],"texture":"#o7"},"south":{"uv":[2.75,5.25,5.5,5.5],"texture":"#o7"},"east":{"uv":[0.0,0.5,0.25,0.75],"texture":"#o7"},"west":{"uv":[0.0,0.5,0.25,0.75],"texture":"#o7"},"up":{"uv":[0.0,0.0,13.25,0.25],"texture":"#o7"},"down":{"uv":[0.0,0.5,0.25,0.75],"texture":"#o7"}}},{"from":[-1.54069,11.90798,7.31245],"to":[0.01244,12.60798,8.81679],"rotation":{"angle":0.0,"axis":"y","origin":[-0.75338,12.27245,7.79654]},"faces":{"north":{"uv":[0.00156,0.00156,0.49844,0.49844],"texture":"#o8"},"south":{"uv":[0.00156,0.00156,0.49844,0.49844],"texture":"#o8"},"west":{"uv":[0.00156,0.00156,0.49844,0.49844],"texture":"#o8"},"up":{"uv":[0.49844,0.49844,0.00156,0.00156],"texture":"#o8"},"down":{"uv":[0.49844,0.49844,0.00156,0.00156],"texture":"#o8"}}},{"from":[-1.54069,11.70991,8.33436],"to":[-1.08756,11.90991,8.6949],"rotation":{"angle":0.0,"axis":"y","origin":[-0.75338,12.27245,7.79654]},"faces":{"north":{"uv":[0.00156,0.00156,0.99844,0.99844],"texture":"#o8"},"east":{"uv":[0.0,0.0,1.0,1.0],"texture":"#o8"},"west":{"uv":[0.00156,0.00156,0.99844,0.99844],"texture":"#o8"},"down":{"uv":[0.99844,0.99844,0.00156,0.00156],"texture":"#o8"}}},{"from":[-1.54069,11.70991,7.43436],"to":[-1.08756,11.90991,7.7949],"rotation":{"angle":0.0,"axis":"y","origin":[-0.75338,12.27245,7.79654]},"faces":{"south":{"uv":[0.00156,0.00156,0.99844,0.99844],"texture":"#o8"},"east":{"uv":[0.0,0.0,1.0,1.0],"texture":"#o8"},"west":{"uv":[0.00156,0.00156,0.99844,0.99844],"texture":"#o8"},"down":{"uv":[0.99844,0.99844,0.00156,0.00156],"texture":"#o8"}}},{"from":[-1.54069,11.65648,7.40297],"to":[-1.08756,11.85648,7.46351],"rotation":{"angle":22.5,"axis":"x","origin":[-0.83756,11.75648,7.58324]},"faces":{"east":{"uv":[0.00156,0.00156,0.99844,0.99844],"texture":"#o8"},"west":{"uv":[0.00156,0.00156,0.99844,0.99844],"texture":"#o8"},"down":{"uv":[0.99844,0.99844,0.00156,0.00156],"texture":"#o8"}}},{"from":[-1.54069,11.61913,7.35353],"to":[-1.08756,11.81913,7.41407],"rotation":{"angle":45.0,"axis":"x","origin":[-0.83756,11.71913,7.5338]},"faces":{"east":{"uv":[0.00156,0.00156,0.99844,0.99844],"texture":"#o8"},"west":{"uv":[0.00156,0.00156,0.99844,0.99844],"texture":"#o8"},"down":{"uv":[0.99844,0.99844,0.00156,0.00156],"texture":"#o8"}}},{"from":[-1.54069,11.82327,7.37383],"to":[-1.08756,11.88381,7.57383],"rotation":{"angle":-22.5,"axis":"x","origin":[-0.83756,11.70354,7.47383]},"faces":{"north":{"uv":[0.00156,0.00156,0.99844,0.99844],"texture":"#o8"},"east":{"uv":[0.00156,0.00156,0.99844,0.99844],"texture":"#o8"},"west":{"uv":[0.00156,0.00156,0.99844,0.99844],"texture":"#o8"}}},{"from":[-1.54069,11.65648,8.66573],"to":[-1.08756,11.85648,8.72627],"rotation":{"angle":-22.5,"axis":"x","origin":[-0.83756,11.75648,8.546]},"faces":{"east":{"uv":[0.99844,0.00156,0.00156,0.99844],"texture":"#o8"},"west":{"uv":[0.99844,0.00156,0.00156,0.99844],"texture":"#o8"},"down":{"uv":[0.00156,0.99844,0.99844,0.00156],"texture":"#o8"}}},{"from":[-1.54069,11.61913,8.71517],"to":[-1.08756,11.81913,8.77571],"rotation":{"angle":-45.0,"axis":"x","origin":[-0.83756,11.71913,8.59544]},"faces":{"east":{"uv":[0.99844,0.00156,0.00156,0.99844],"texture":"#o8"},"west":{"uv":[0.99844,0.00156,0.00156,0.99844],"texture":"#o8"},"down":{"uv":[0.00156,0.99844,0.99844,0.00156],"texture":"#o8"}}},{"from":[-1.54069,11.82327,8.55541],"to":[-1.08756,11.88381,8.75541],"rotation":{"angle":22.5,"axis":"x","origin":[-0.83756,11.70354,8.65541]},"faces":{"south":{"uv":[0.00156,0.99844,0.99844,0.00156],"texture":"#o8"},"east":{"uv":[0.00156,0.99844,0.99844,0.00156],"texture":"#o8"},"west":{"uv":[0.00156,0.99844,0.99844,0.00156],"texture":"#o8"}}},{"from":[-1.54069,11.83182,7.31245],"to":[-1.08756,11.90798,7.51245],"rotation":{"angle":0.0,"axis":"y","origin":[-0.75338,12.27245,7.89654]},"faces":{"north":{"uv":[0.00156,0.00156,0.99844,0.99844],"texture":"#o8"},"east":{"uv":[0.00156,0.00156,0.99844,0.99844],"texture":"#o8"},"west":{"uv":[0.00156,0.00156,0.99844,0.99844],"texture":"#o8"}}},{"from":[-1.54069,11.83182,8.61679],"to":[-1.08756,11.90798,8.81679],"rotation":{"angle":0.0,"axis":"y","origin":[-0.75338,12.27245,7.69654]},"faces":{"south":{"uv":[0.00156,0.00156,0.99844,0.99844],"texture":"#o8"},"east":{"uv":[0.00156,0.00156,0.99844,0.99844],"texture":"#o8"},"west":{"uv":[0.00156,0.00156,0.99844,0.99844],"texture":"#o8"}}},{"from":[-1.06569,11.71184,7.31808],"to":[0.00931,11.90991,8.8124],"rotation":{"angle":0.0,"axis":"y","origin":[-0.75338,12.27245,7.79654]},"faces":{"north":{"uv":[0.00156,0.00156,0.99844,0.99844],"texture":"#o8"},"south":{"uv":[0.00156,0.00156,0.99844,0.99844],"texture":"#o8"},"east":{"uv":[0.00156,0.00156,0.99844,0.99844],"texture":"#o8"},"west":{"uv":[0.00156,0.00156,0.99844,0.99844],"texture":"#o8"},"down":{"uv":[0.99844,0.99844,0.00156,0.00156],"rotation":180,"texture":"#o8"}}},{"from":[-0.50529,11.71746,7.17507],"to":[-0.41264,11.91554,7.47351],"rotation":{"angle":45.0,"axis":"y","origin":[-0.45997,11.8165,7.22572]},"faces":{"east":{"uv":[0.00156,0.00156,0.99844,0.99844],"texture":"#o8"},"west":{"uv":[0.0,0.0,1.0,1.0],"texture":"#o8"},"up":{"uv":[0.99844,0.99844,0.00156,0.00156],"texture":"#o8"},"down":{"uv":[0.99844,0.99844,0.00156,0.00156],"texture":"#o8"}}},{"from":[-1.59718,11.71746,7.15644],"to":[-0.46232,11.91554,7.22807],"rotation":{"angle":0.0,"axis":"y","origin":[-0.75338,12.26245,7.89654]},"faces":{"north":{"uv":[0.00156,0.00156,0.99844,0.99844],"texture":"#o8"},"south":{"uv":[0.00156,0.00156,0.99844,0.99844],"texture":"#o8"},"west":{"uv":[0.0,0.0,1.0,1.0],"texture":"#o8"},"up":{"uv":[0.99844,0.99844,0.00156,0.00156],"texture":"#o8"},"down":{"uv":[0.99844,0.99844,0.00156,0.00156],"texture":"#o8"}}},{"from":[-1.59406,11.93998,7.15644],"to":[-0.19806,12.34401,7.22807],"rotation":{"angle":0.0,"axis":"y","origin":[-0.75338,12.27245,7.89654]},"faces":{"north":{"uv":[0.00156,0.00156,0.99844,0.99844],"texture":"#o8"},"south":{"uv":[0.00156,0.00156,0.99844,0.99844],"texture":"#o8"},"east":{"uv":[0.00156,0.00156,0.99844,0.99844],"texture":"#o8"},"west":{"uv":[0.0,0.0,1.0,1.0],"texture":"#o8"},"down":{"uv":[0.99844,0.99844,0.00156,0.00156],"texture":"#o8"}}},{"from":[-0.61901,11.81884,7.15644],"to":[-0.21498,12.22394,7.22807],"rotation":{"angle":22.5,"axis":"z","origin":[-1.52663,12.12394,8.00861]},"faces":{"north":{"uv":[0.00156,0.99844,0.99844,0.00156],"texture":"#o8"},"south":{"uv":[0.00156,0.99844,0.99844,0.00156],"texture":"#o8"},"east":{"uv":[0.00156,0.99844,0.99844,0.00156],"texture":"#o8"},"west":{"uv":[0.00156,0.99844,0.99844,0.00156],"texture":"#o8"}}},{"from":[-1.59406,12.34401,7.15644],"to":[-0.35309,12.81828,7.22807],"rotation":{"angle":0.0,"axis":"y","origin":[-0.75338,12.27245,7.89654]},"faces":{"north":{"uv":[0.00156,0.99844,0.99844,0.00156],"texture":"#o8"},"south":{"uv":[0.00156,0.99844,0.99844,0.00156],"texture":"#o8"},"east":{"uv":[0.00156,0.99844,0.99844,0.00156],"texture":"#o8"},"west":{"uv":[0.00156,0.99844,0.99844,0.00156],"texture":"#o8"}}},{"from":[-1.59406,12.79033,7.22533],"to":[-0.35309,12.96459,7.29696],"rotation":{"angle":22.5,"axis":"x","origin":[-0.92357,12.97746,7.26115]},"faces":{"north":{"uv":[0.00156,0.00156,0.99844,0.99844],"texture":"#o8"},"south":{"uv":[0.00156,0.00156,0.99844,0.99844],"texture":"#o8"},"east":{"uv":[0.00156,0.00156,0.99844,0.99844],"texture":"#o8"},"west":{"uv":[0.00156,0.00156,0.99844,0.99844],"texture":"#o8"}}},{"from":[-1.59406,13.74392,8.5682],"to":[-0.35309,13.81555,8.69633],"rotation":{"angle":22.5,"axis":"x","origin":[-0.94406,13.77974,8.74289]},"faces":{"east":{"uv":[0.00156,0.99844,0.99844,0.00156],"rotation":270,"texture":"#o8"},"west":{"uv":[0.00156,0.99844,0.99844,0.00156],"rotation":90,"texture":"#o8"},"up":{"uv":[0.00156,0.99844,0.99844,0.00156],"rotation":180,"texture":"#o8"},"down":{"uv":[0.00156,0.99844,0.99844,0.00156],"texture":"#o8"}}},{"from":[-1.59406,13.72835,8.77596],"to":[-0.35309,13.85648,8.84759],"rotation":{"angle":-45.0,"axis":"x","origin":[-0.94406,13.68179,8.81178]},"faces":{"north":{"uv":[0.99844,0.00156,0.00156,0.99844],"texture":"#o8"},"south":{"uv":[0.99844,0.00156,0.00156,0.99844],"texture":"#o8"},"east":{"uv":[0.99844,0.00156,0.00156,0.99844],"texture":"#o8"},"west":{"uv":[0.99844,0.00156,0.00156,0.99844],"texture":"#o8"}}},{"from":[-1.59406,13.6115,8.80212],"to":[-0.35309,13.73963,8.87375],"rotation":{"angle":-22.5,"axis":"x","origin":[-0.94406,13.56494,8.83794]},"faces":{"north":{"uv":[0.99844,0.00156,0.00156,0.99844],"texture":"#o8"},"south":{"uv":[0.99844,0.00156,0.00156,0.99844],"texture":"#o8"},"east":{"uv":[0.99844,0.00156,0.00156,0.99844],"texture":"#o8"},"west":{"uv":[0.99844,0.00156,0.00156,0.99844],"texture":"#o8"}}},{"from":[-1.59406,13.31741,8.78158],"to":[-0.35309,13.62166,8.85321],"rotation":{"angle":0.0,"axis":"z","origin":[-0.75338,12.83799,8.17435]},"faces":{"north":{"uv":[0.99844,0.00156,0.00156,0.99844],"texture":"#o8"},"south":{"uv":[0.99844,0.00156,0.00156,0.99844],"texture":"#o8"},"east":{"uv":[0.99844,0.00156,0.00156,0.99844],"texture":"#o8"},"west":{"uv":[0.99844,0.00156,0.00156,0.99844],"texture":"#o8"}}},{"from":[-1.59406,12.94805,9.16597],"to":[-0.35309,13.1523,9.2376],"rotation":{"angle":-22.5,"axis":"x","origin":[-0.75338,12.26863,8.55874]},"faces":{"north":{"uv":[0.99844,0.00156,0.00156,0.99844],"texture":"#o8"},"south":{"uv":[0.99844,0.00156,0.00156,0.99844],"texture":"#o8"},"east":{"uv":[0.99844,0.00156,0.00156,0.99844],"texture":"#o8"},"west":{"uv":[0.99844,0.00156,0.00156,0.99844],"texture":"#o8"}}},{"from":[-1.59406,12.34187,8.85429],"to":[-0.35309,13.15612,8.92592],"rotation":{"angle":0.0,"axis":"y","origin":[-0.75338,12.06245,8.24706]},"faces":{"north":{"uv":[0.99844,0.00156,0.00156,0.99844],"texture":"#o8"},"south":{"uv":[0.99844,0.00156,0.00156,0.99844],"texture":"#o8"},"east":{"uv":[0.99844,0.00156,0.00156,0.99844],"texture":"#o8"},"west":{"uv":[0.99844,0.00156,0.00156,0.99844],"texture":"#o8"}}},{"from":[-1.34069,12.60798,8.74308],"to":[-0.38756,13.11486,8.81471],"rotation":{"angle":0.0,"axis":"y","origin":[-0.75338,12.27245,8.23062]},"faces":{"north":{"uv":[0.00156,0.00156,0.99844,0.99844],"texture":"#o8"},"south":{"uv":[0.00156,0.00156,0.99844,0.99844],"texture":"#o8"},"east":{"uv":[0.00156,0.00156,0.99844,0.99844],"texture":"#o8"},"west":{"uv":[0.00156,0.00156,0.99844,0.99844],"texture":"#o8"}}},{"from":[-1.34069,12.91688,8.91594],"to":[-0.38756,13.12376,8.98757],"rotation":{"angle":-22.5,"axis":"x","origin":[-0.75338,12.58135,8.40348]},"faces":{"north":{"uv":[0.00156,0.00156,0.99844,0.99844],"texture":"#o8"},"south":{"uv":[0.00156,0.00156,0.99844,0.99844],"texture":"#o8"},"east":{"uv":[0.00156,0.00156,0.99844,0.99844],"texture":"#o8"},"west":{"uv":[0.00156,0.00156,0.99844,0.99844],"texture":"#o8"}}},{"from":[-1.34069,13.27858,8.66936],"to":[-0.38756,13.58546,8.74099],"rotation":{"angle":0.0,"axis":"z","origin":[-0.75338,13.14305,8.1569]},"faces":{"north":{"uv":[0.00156,0.00156,0.99844,0.99844],"texture":"#o8"},"south":{"uv":[0.00156,0.00156,0.99844,0.99844],"texture":"#o8"},"east":{"uv":[0.00156,0.00156,0.99844,0.99844],"texture":"#o8"},"west":{"uv":[0.00156,0.00156,0.99844,0.99844],"texture":"#o8"}}},{"from":[-1.34069,13.57529,8.6899],"to":[-0.38756,13.67967,8.76154],"rotation":{"angle":-22.5,"axis":"x","origin":[-0.93756,13.52872,8.72571]},"faces":{"north":{"uv":[0.99844,0.00156,0.00156,0.99844],"texture":"#o8"},"south":{"uv":[0.99844,0.00156,0.00156,0.99844],"texture":"#o8"},"east":{"uv":[0.99844,0.00156,0.00156,0.99844],"texture":"#o8"},"west":{"uv":[0.99844,0.00156,0.00156,0.99844],"texture":"#o8"}}},{"from":[-1.34069,13.6702,8.67283],"to":[-0.38756,13.77458,8.74447],"rotation":{"angle":-45.0,"axis":"x","origin":[-0.93756,13.62363,8.70864]},"faces":{"north":{"uv":[0.99844,0.00156,0.00156,0.99844],"texture":"#o8"},"south":{"uv":[0.99844,0.00156,0.00156,0.99844],"texture":"#o8"},"east":{"uv":[0.99844,0.00156,0.00156,0.99844],"texture":"#o8"},"west":{"uv":[0.99844,0.00156,0.00156,0.99844],"texture":"#o8"}}},{"from":[-1.34069,13.66897,8.5056],"to":[-0.38756,13.74061,8.60998],"rotation":{"angle":22.5,"axis":"x","origin":[-0.93756,13.70478,8.65655]},"faces":{"east":{"uv":[0.00156,0.99844,0.99844,0.00156],"rotation":270,"texture":"#o8"},"west":{"uv":[0.00156,0.99844,0.99844,0.00156],"rotation":90,"texture":"#o8"},"up":{"uv":[0.00156,0.99844,0.99844,0.00156],"rotation":180,"texture":"#o8"},"down":{"uv":[0.00156,0.99844,0.99844,0.00156],"texture":"#o8"}}},{"from":[-1.59406,13.31741,7.29039],"to":[-0.35309,13.62166,7.36202],"rotation":{"angle":0.0,"axis":"z","origin":[-0.75338,12.83799,7.96925]},"faces":{"north":{"uv":[0.00156,0.00156,0.99844,0.99844],"texture":"#o8"},"south":{"uv":[0.00156,0.00156,0.99844,0.99844],"texture":"#o8"},"east":{"uv":[0.00156,0.00156,0.99844,0.99844],"texture":"#o8"},"west":{"uv":[0.00156,0.00156,0.99844,0.99844],"texture":"#o8"}}},{"from":[-1.59406,12.94805,6.906],"to":[-0.35309,13.1523,6.97763],"rotation":{"angle":22.5,"axis":"x","origin":[-0.75338,12.26863,7.58486]},"faces":{"north":{"uv":[0.00156,0.00156,0.99844,0.99844],"texture":"#o8"},"south":{"uv":[0.00156,0.00156,0.99844,0.99844],"texture":"#o8"},"east":{"uv":[0.00156,0.00156,0.99844,0.99844],"texture":"#o8"},"west":{"uv":[0.00156,0.00156,0.99844,0.99844],"texture":"#o8"}}},{"from":[-1.59406,12.95187,7.21768],"to":[-0.35309,13.15612,7.28931],"rotation":{"angle":0.0,"axis":"y","origin":[-0.75338,12.27245,7.89654]},"faces":{"north":{"uv":[0.00156,0.00156,0.99844,0.99844],"texture":"#o8"},"south":{"uv":[0.00156,0.00156,0.99844,0.99844],"texture":"#o8"},"east":{"uv":[0.00156,0.00156,0.99844,0.99844],"texture":"#o8"},"west":{"uv":[0.00156,0.00156,0.99844,0.99844],"texture":"#o8"}}},{"from":[-1.20316,11.93998,8.85429],"to":[-0.19806,12.34401,8.92592],"rotation":{"angle":0.0,"axis":"y","origin":[-0.75338,12.27245,7.69654]},"faces":{"north":{"uv":[0.00156,0.00156,0.99844,0.99844],"texture":"#o8"},"south":{"uv":[0.00156,0.00156,0.99844,0.99844],"texture":"#o8"},"east":{"uv":[0.00156,0.00156,0.99844,0.99844],"texture":"#o8"},"down":{"uv":[0.99844,0.99844,0.00156,0.00156],"texture":"#o8"}}},{"from":[-1.27368,11.89372,8.85429],"to":[-0.95805,11.9918,8.92592],"rotation":{"angle":22.5,"axis":"z","origin":[-1.09531,12.04697,8.96462]},"faces":{"north":{"uv":[0.00156,0.00156,0.99844,0.99844],"texture":"#o8"},"south":{"uv":[0.00156,0.00156,0.99844,0.99844],"texture":"#o8"},"down":{"uv":[0.99844,0.99844,0.00156,0.00156],"texture":"#o8"}}},{"from":[-1.59406,11.83713,8.85429],"to":[-1.20316,12.34401,8.92592],"rotation":{"angle":0.0,"axis":"y","origin":[-0.75338,12.27245,7.69654]},"faces":{"north":{"uv":[0.00156,0.00156,0.99844,0.99844],"texture":"#o8"},"south":{"uv":[0.00156,0.00156,0.99844,0.99844],"texture":"#o8"},"west":{"uv":[0.00156,0.00156,0.99844,0.99844],"texture":"#o8"},"down":{"uv":[0.99844,0.99844,0.00156,0.00156],"texture":"#o8"}}},{"from":[-1.34069,13.27858,7.38617],"to":[-0.38756,13.58546,7.4578],"rotation":{"angle":0.0,"axis":"z","origin":[-0.75338,13.14305,7.97026]},"faces":{"north":{"uv":[0.99844,0.00156,0.00156,0.99844],"texture":"#o8"},"south":{"uv":[0.99844,0.00156,0.00156,0.99844],"texture":"#o8"},"east":{"uv":[0.99844,0.00156,0.00156,0.99844],"texture":"#o8"},"west":{"uv":[0.99844,0.00156,0.00156,0.99844],"texture":"#o8"}}},{"from":[-1.34069,12.91688,7.13959],"to":[-0.38756,13.12376,7.21122],"rotation":{"angle":22.5,"axis":"x","origin":[-0.75338,12.58135,7.72368]},"faces":{"north":{"uv":[0.99844,0.00156,0.00156,0.99844],"texture":"#o8"},"south":{"uv":[0.99844,0.00156,0.00156,0.99844],"texture":"#o8"},"east":{"uv":[0.99844,0.00156,0.00156,0.99844],"texture":"#o8"},"west":{"uv":[0.99844,0.00156,0.00156,0.99844],"texture":"#o8"}}},{"from":[-1.34069,12.60798,7.31245],"to":[-0.38756,13.11486,7.38408],"rotation":{"angle":0.0,"axis":"y","origin":[-0.75338,12.27245,7.89654]},"faces":{"north":{"uv":[0.99844,0.00156,0.00156,0.99844],"texture":"#o8"},"south":{"uv":[0.99844,0.00156,0.00156,0.99844],"texture":"#o8"},"east":{"uv":[0.99844,0.00156,0.00156,0.99844],"texture":"#o8"},"west":{"uv":[0.99844,0.00156,0.00156,0.99844],"texture":"#o8"}}},{"from":[-0.61901,11.81884,8.85429],"to":[-0.21498,12.22394,8.92592],"rotation":{"angle":22.5,"axis":"z","origin":[-1.52663,12.12394,8.07375]},"faces":{"north":{"uv":[0.00156,0.00156,0.99844,0.99844],"texture":"#o8"},"south":{"uv":[0.00156,0.00156,0.99844,0.99844],"texture":"#o8"},"east":{"uv":[0.00156,0.00156,0.99844,0.99844],"texture":"#o8"},"west":{"uv":[0.00156,0.00156,0.99844,0.99844],"texture":"#o8"}}},{"from":[-1.34069,13.72402,7.59636],"to":[-0.38756,13.79565,8.5308],"rotation":{"angle":0.0,"axis":"y","origin":[-0.75338,12.23801,7.86523]},"faces":{"east":{"uv":[0.00156,0.00156,0.99844,0.99844],"texture":"#o8"},"west":{"uv":[0.00156,0.00156,0.99844,0.99844],"texture":"#o8"},"up":{"uv":[0.99844,0.99844,0.00156,0.00156],"texture":"#o8"},"down":{"uv":[0.99844,0.99844,0.00156,0.00156],"texture":"#o8"}}},{"from":[-1.34069,13.66897,7.51718],"to":[-0.38756,13.74061,7.62156],"rotation":{"angle":-22.5,"axis":"x","origin":[-0.93756,13.70478,7.47061]},"faces":{"east":{"uv":[0.00156,0.00156,0.99844,0.99844],"rotation":270,"texture":"#o8"},"west":{"uv":[0.00156,0.00156,0.99844,0.99844],"rotation":90,"texture":"#o8"},"up":{"uv":[0.00156,0.00156,0.99844,0.99844],"rotation":180,"texture":"#o8"},"down":{"uv":[0.00156,0.00156,0.99844,0.99844],"texture":"#o8"}}},{"from":[-1.34069,13.6702,7.38269],"to":[-0.38756,13.77458,7.45433],"rotation":{"angle":45.0,"axis":"x","origin":[-0.93756,13.62363,7.41852]},"faces":{"north":{"uv":[0.00156,0.00156,0.99844,0.99844],"texture":"#o8"},"south":{"uv":[0.00156,0.00156,0.99844,0.99844],"texture":"#o8"},"east":{"uv":[0.00156,0.00156,0.99844,0.99844],"texture":"#o8"},"west":{"uv":[0.00156,0.00156,0.99844,0.99844],"texture":"#o8"}}},{"from":[-1.34069,13.57529,7.36562],"to":[-0.38756,13.67967,7.43726],"rotation":{"angle":22.5,"axis":"x","origin":[-0.93756,13.52872,7.40145]},"faces":{"north":{"uv":[0.00156,0.00156,0.99844,0.99844],"texture":"#o8"},"south":{"uv":[0.00156,0.00156,0.99844,0.99844],"texture":"#o8"},"east":{"uv":[0.00156,0.00156,0.99844,0.99844],"texture":"#o8"},"west":{"uv":[0.00156,0.00156,0.99844,0.99844],"texture":"#o8"}}},{"from":[-1.34069,12.5519,8.67696],"to":[-0.38756,12.71878,8.76421],"rotation":{"angle":45.0,"axis":"x","origin":[-0.93756,12.63534,8.71277]},"faces":{"north":{"uv":[0.00156,0.00156,0.99844,0.99844],"texture":"#o8"},"east":{"uv":[0.00156,0.00156,0.99844,0.99844],"texture":"#o8"},"west":{"uv":[0.00156,0.00156,0.99844,0.99844],"texture":"#o8"}}},{"from":[-1.34069,12.5519,7.36503],"to":[-0.38756,12.72878,7.45228],"rotation":{"angle":-45.0,"axis":"x","origin":[-0.93756,12.63534,7.41647]},"faces":{"south":{"uv":[0.00156,0.00156,0.99844,0.99844],"texture":"#o8"},"east":{"uv":[0.00156,0.00156,0.99844,0.99844],"texture":"#o8"},"west":{"uv":[0.00156,0.00156,0.99844,0.99844],"texture":"#o8"}}},{"from":[-1.59406,13.6115,7.26985],"to":[-0.35309,13.73963,7.34148],"rotation":{"angle":22.5,"axis":"x","origin":[-0.94406,13.56494,7.30566]},"faces":{"north":{"uv":[0.00156,0.00156,0.99844,0.99844],"texture":"#o8"},"south":{"uv":[0.00156,0.00156,0.99844,0.99844],"texture":"#o8"},"east":{"uv":[0.00156,0.00156,0.99844,0.99844],"texture":"#o8"},"west":{"uv":[0.00156,0.00156,0.99844,0.99844],"texture":"#o8"}}},{"from":[-1.59406,13.74392,7.44727],"to":[-0.35309,13.81555,7.5754],"rotation":{"angle":-22.5,"axis":"x","origin":[-0.94406,13.77974,7.40071]},"faces":{"east":{"uv":[0.00156,0.00156,0.99844,0.99844],"rotation":270,"texture":"#o8"},"west":{"uv":[0.00156,0.00156,0.99844,0.99844],"rotation":90,"texture":"#o8"},"up":{"uv":[0.00156,0.00156,0.99844,0.99844],"rotation":180,"texture":"#o8"},"down":{"uv":[0.00156,0.00156,0.99844,0.99844],"texture":"#o8"}}},{"from":[-1.59406,13.72835,7.29601],"to":[-0.35309,13.85648,7.36764],"rotation":{"angle":45.0,"axis":"x","origin":[-0.94406,13.68179,7.33182]},"faces":{"north":{"uv":[0.00156,0.00156,0.99844,0.99844],"texture":"#o8"},"south":{"uv":[0.00156,0.00156,0.99844,0.99844],"texture":"#o8"},"east":{"uv":[0.00156,0.00156,0.99844,0.99844],"texture":"#o8"},"west":{"uv":[0.00156,0.00156,0.99844,0.99844],"texture":"#o8"}}},{"from":[-1.59406,13.81326,7.5484],"to":[-0.35309,13.87968,8.5952],"rotation":{"angle":0.0,"axis":"y","origin":[-0.75338,12.23862,7.85988]},"faces":{"east":{"uv":[0.00156,0.00156,0.99844,0.99844],"texture":"#o8"},"west":{"uv":[0.00156,0.00156,0.99844,0.99844],"texture":"#o8"},"up":{"uv":[0.99844,0.99844,0.00156,0.00156],"texture":"#o8"},"down":{"uv":[0.99844,0.99844,0.00156,0.00156],"texture":"#o8"}}},{"from":[-1.50944,11.90837,7.22807],"to":[-1.10294,12.68571,7.37495],"rotation":{"angle":0.0,"axis":"y","origin":[-0.75338,12.27245,7.89654]},"faces":{"south":{"uv":[0.00156,0.00156,0.99844,0.99844],"texture":"#o8"},"east":{"uv":[0.00156,0.00156,0.99844,0.99844],"texture":"#o8"},"west":{"uv":[0.00156,0.00156,0.99844,0.99844],"texture":"#o8"},"up":{"uv":[0.99844,0.99844,0.00156,0.00156],"texture":"#o8"},"down":{"uv":[0.99844,0.99844,0.00156,0.00156],"texture":"#o8"}}},{"from":[-1.50944,12.00837,8.7187],"to":[-0.40294,12.18571,8.8562],"rotation":{"angle":0.0,"axis":"y","origin":[-0.75338,12.27245,7.69654]},"faces":{"east":{"uv":[0.00156,0.00156,0.99844,0.99844],"texture":"#o8"},"west":{"uv":[0.00156,0.00156,0.99844,0.99844],"texture":"#o8"},"up":{"uv":[0.99844,0.99844,0.00156,0.00156],"texture":"#o8"},"down":{"uv":[0.99844,0.99844,0.00156,0.00156],"texture":"#o8"}}},{"from":[-0.1268,11.90798,7.31245],"to":[0.01243,12.22986,8.81679],"rotation":{"angle":45.0,"axis":"z","origin":[-0.05718,12.25798,8.41679]},"faces":{"north":{"uv":[0.00156,0.00156,0.99844,0.99844],"texture":"#o8"},"south":{"uv":[0.00156,0.00156,0.99844,0.99844],"texture":"#o8"},"down":{"uv":[0.99844,0.99844,0.00156,0.00156],"texture":"#o8"}}},{"from":[-0.1268,11.90798,7.31245],"to":[0.01243,12.22986,8.81679],"rotation":{"angle":22.5,"axis":"z","origin":[-0.05718,12.25798,8.41679]},"faces":{"north":{"uv":[0.00156,0.00156,0.99844,0.99844],"texture":"#o8"},"south":{"uv":[0.00156,0.00156,0.99844,0.99844],"texture":"#o8"},"down":{"uv":[0.99844,0.99844,0.00156,0.00156],"texture":"#o8"}}},{"from":[-0.1268,12.29236,7.31245],"to":[0.01243,12.60798,8.81679],"rotation":{"angle":-22.5,"axis":"z","origin":[-0.05718,12.25798,8.41679]},"faces":{"north":{"uv":[0.00156,0.00156,0.99844,0.99844],"texture":"#o8"},"south":{"uv":[0.00156,0.00156,0.99844,0.99844],"texture":"#o8"},"up":{"uv":[0.99844,0.99844,0.00156,0.00156],"texture":"#o8"}}},{"from":[-0.1268,12.27673,7.31245],"to":[0.01243,12.60798,8.81679],"rotation":{"angle":-45.0,"axis":"z","origin":[-0.05718,12.25798,8.41679]},"faces":{"north":{"uv":[0.00156,0.00156,0.99844,0.99844],"texture":"#o8"},"south":{"uv":[0.00156,0.00156,0.99844,0.99844],"texture":"#o8"},"up":{"uv":[0.99844,0.99844,0.00156,0.00156],"texture":"#o8"}}},{"from":[-0.04468,12.18836,7.31245],"to":[0.29282,12.3276,8.81679],"rotation":{"angle":22.5,"axis":"z","origin":[-0.05718,12.25798,8.41679]},"faces":{"north":{"uv":[0.00156,0.00156,0.99844,0.99844],"texture":"#o8"},"south":{"uv":[0.00156,0.00156,0.99844,0.99844],"texture":"#o8"},"east":{"uv":[0.00156,0.00156,0.99844,0.99844],"texture":"#o8"}}},{"from":[-0.10718,12.18836,7.31245],"to":[0.29282,12.3276,8.81679],"rotation":{"angle":0.0,"axis":"y","origin":[-0.85338,12.27245,7.79654]},"faces":{"north":{"uv":[0.00156,0.00156,0.99844,0.99844],"texture":"#o8"},"south":{"uv":[0.00156,0.00156,0.99844,0.99844],"texture":"#o8"},"east":{"uv":[0.00156,0.00156,0.99844,0.99844],"texture":"#o8"}}},{"from":[-0.04468,12.18836,7.31245],"to":[0.29282,12.3276,8.81679],"rotation":{"angle":-22.5,"axis":"z","origin":[-0.05718,12.25798,8.41679]},"faces":{"north":{"uv":[0.00156,0.00156,0.99844,0.99844],"texture":"#o8"},"south":{"uv":[0.00156,0.00156,0.99844,0.99844],"texture":"#o8"},"east":{"uv":[0.00156,0.00156,0.99844,0.99844],"texture":"#o8"}}},{"from":[-0.43969,12.69236,7.54516],"to":[-0.43969,13.69236,8.54516],"rotation":{"angle":0.0,"axis":"y","origin":[-0.85338,12.27245,7.79654]},"faces":{"west":{"uv":[2.00156,2.00156,13.99844,13.99844],"texture":"#o8"}}},{"from":[0.23,10.25,7.9],"to":[0.48,11.05,8.2],"rotation":{"angle":0.0,"axis":"y","origin":[-4.9,0.0,7.1]},"faces":{"north":{"uv":[2.25,13.75,3.0,14.5],"texture":"#o6"},"south":{"uv":[2.25,13.75,3.0,14.5],"texture":"#o6"},"east":{"uv":[2.25,13.75,3.0,14.5],"texture":"#o6"},"west":{"uv":[2.25,13.75,3.0,14.5],"texture":"#o6"},"up":{"uv":[2.25,13.75,3.0,14.5],"texture":"#o6"},"down":{"uv":[2.25,13.75,3.0,14.5],"texture":"#o6"}}},{"from":[0.06931,10.24218,7.9],"to":[0.33931,11.04218,8.2],"rotation":{"angle":-22.5,"axis":"z","origin":[0.16931,10.64218,8.05]},"faces":{"north":{"uv":[2.25,13.75,3.0,14.5],"texture":"#o6"},"south":{"uv":[2.25,13.75,3.0,14.5],"texture":"#o6"},"east":{"uv":[2.25,13.75,3.0,14.5],"texture":"#o6"},"west":{"uv":[2.25,13.75,3.0,14.5],"texture":"#o6"},"up":{"uv":[2.25,13.75,3.0,14.5],"texture":"#o6"},"down":{"uv":[2.25,13.75,3.0,14.5],"texture":"#o6"}}},{"from":[3.33,6.65,7.1],"to":[15.33,10.35,9.0],"rotation":{"angle":0.0,"axis":"y","origin":[0.0,0.0,7.1]},"faces":{"north":{"uv":[0.0,0.0,12.0,3.75],"texture":"#o6"},"south":{"uv":[12.0,0.0,0.0,3.75],"texture":"#o6"},"east":{"uv":[0.0,12.0,2.0,15.75],"texture":"#o6"},"west":{"uv":[0.25,11.0,1.0,11.75],"texture":"#o6"},"up":{"uv":[12.0,10.0,0.0,8.0],"texture":"#o6"},"down":{"uv":[12.0,10.0,0.0,12.0],"texture":"#o6"}}},{"from":[15.33,8.45,7.4],"to":[15.53,9.95,8.7],"rotation":{"angle":0.0,"axis":"y","origin":[0.0,0.0,7.1]},"faces":{"north":{"uv":[2.25,13.75,3.0,14.5],"texture":"#o6"},"south":{"uv":[2.25,13.75,3.0,14.5],"texture":"#o6"},"east":{"uv":[2.25,13.75,3.0,14.5],"texture":"#o6"},"west":{"uv":[2.25,13.75,3.0,14.5],"texture":"#o6"},"up":{"uv":[2.25,13.75,3.0,14.5],"texture":"#o6"},"down":{"uv":[2.25,13.75,3.0,14.5],"texture":"#o6"}}},{"from":[-12.87,7.25,7.1],"to":[3.33,10.35,8.0],"rotation":{"angle":0.0,"axis":"z","origin":[0.0,0.0,7.1]},"faces":{"north":{"uv":[0.25,11.0,1.0,11.75],"texture":"#o6"},"west":{"uv":[0.25,11.0,1.0,11.75],"texture":"#o6"},"up":{"uv":[0.25,11.0,1.0,11.75],"texture":"#o6"},"down":{"uv":[0.25,11.0,1.0,11.75],"texture":"#o6"}}},{"from":[-12.87,7.25,8.0],"to":[0.33,10.35,9.0],"rotation":{"angle":0.0,"axis":"z","origin":[0.0,0.0,7.1]},"faces":{"south":{"uv":[0.25,11.0,1.0,11.75],"texture":"#o6"},"east":{"uv":[0.25,11.0,1.0,11.75],"texture":"#o6"},"west":{"uv":[0.25,11.0,1.0,11.75],"texture":"#o6"},"up":{"uv":[0.25,11.0,1.0,11.75],"texture":"#o6"},"down":{"uv":[0.25,11.0,1.0,11.75],"texture":"#o6"}}},{"from":[0.33,8.65,8.0],"to":[3.33,10.35,9.0],"rotation":{"angle":0.0,"axis":"z","origin":[0.0,0.0,7.1]},"faces":{"south":{"uv":[0.25,11.0,1.0,11.75],"texture":"#o6"},"up":{"uv":[0.25,11.0,1.0,11.75],"texture":"#o6"},"down":{"uv":[0.25,11.0,1.0,11.75],"texture":"#o6"}}},{"from":[0.33,7.25,8.0],"to":[3.33,7.75,9.0],"rotation":{"angle":0.0,"axis":"z","origin":[0.0,0.0,7.1]},"faces":{"north":{"uv":[0.25,11.0,1.0,11.75],"texture":"#o6"},"south":{"uv":[0.25,11.0,1.0,11.75],"texture":"#o6"},"east":{"uv":[0.25,11.0,1.0,11.75],"texture":"#o6"},"west":{"uv":[0.25,11.0,1.0,11.75],"texture":"#o6"},"up":{"uv":[0.25,11.0,1.0,11.75],"texture":"#o6"},"down":{"uv":[0.25,11.0,1.0,11.75],"texture":"#o6"}}},{"from":[-3.37,6.25,7.1],"to":[0.23,7.25,9.0],"rotation":{"angle":0.0,"axis":"z","origin":[0.0,0.0,7.1]},"faces":{"north":{"uv":[0.25,11.0,1.0,11.75],"texture":"#o6"},"south":{"uv":[0.25,11.0,1.0,11.75],"texture":"#o6"},"east":{"uv":[0.25,11.0,1.0,11.75],"texture":"#o6"},"west":{"uv":[0.25,11.0,1.0,11.75],"texture":"#o6"},"up":{"uv":[0.25,11.0,1.0,11.75],"texture":"#o6"},"down":{"uv":[0.25,11.0,1.0,11.75],"texture":"#o6"}}},{"from":[0.23,0.35,7.4],"to":[0.33,7.25,8.7],"rotation":{"angle":0.0,"axis":"z","origin":[0.0,0.0,7.1]},"faces":{"north":{"uv":[2.25,13.75,3.0,14.5],"texture":"#o6"},"south":{"uv":[2.25,13.75,3.0,14.5],"texture":"#o6"},"east":{"uv":[2.25,13.75,3.0,14.5],"texture":"#o6"},"west":{"uv":[2.25,13.75,3.0,14.5],"texture":"#o6"},"up":{"uv":[2.25,13.75,3.0,14.5],"texture":"#o6"},"down":{"uv":[2.25,13.75,3.0,14.5],"texture":"#o6"}}},{"from":[-5.06466,0.23357,7.4],"to":[0.11534,0.33357,8.7],"rotation":{"angle":-22.5,"axis":"z","origin":[0.46534,0.00357,7.1]},"faces":{"north":{"uv":[2.25,13.75,3.0,14.5],"texture":"#o6"},"south":{"uv":[2.25,13.75,3.0,14.5],"texture":"#o6"},"east":{"uv":[2.25,13.75,3.0,14.5],"texture":"#o6"},"west":{"uv":[2.25,13.75,3.0,14.5],"texture":"#o6"},"up":{"uv":[2.25,13.75,3.0,14.5],"texture":"#o6"},"down":{"uv":[2.25,13.75,3.0,14.5],"texture":"#o6"}}},{"from":[-1.75466,5.33357,7.4],"to":[0.23534,5.47357,8.7],"rotation":{"angle":0.0,"axis":"z","origin":[0.46534,0.00357,7.1]},"faces":{"north":{"uv":[2.25,13.75,3.0,14.5],"texture":"#o6"},"south":{"uv":[2.25,13.75,3.0,14.5],"texture":"#o6"},"east":{"uv":[2.25,13.75,3.0,14.5],"texture":"#o6"},"west":{"uv":[2.25,13.75,3.0,14.5],"texture":"#o6"},"up":{"uv":[2.25,13.75,3.0,14.5],"texture":"#o6"},"down":{"uv":[2.25,13.75,3.0,14.5],"texture":"#o6"}}},{"from":[-1.26966,5.89857,7.9],"to":[-1.11966,6.39857,8.0],"rotation":{"angle":0.0,"axis":"z","origin":[-0.75966,5.40357,8.0]},"faces":{"north":{"uv":[2.25,13.75,3.0,14.5],"texture":"#o6"},"south":{"uv":[2.25,13.75,3.0,14.5],"texture":"#o6"},"east":{"uv":[2.25,13.75,3.0,14.5],"texture":"#o6"},"west":{"uv":[2.25,13.75,3.0,14.5],"texture":"#o6"},"up":{"uv":[2.25,13.75,3.0,14.5],"texture":"#o6"},"down":{"uv":[2.25,13.75,3.0,14.5],"texture":"#o6"}}},{"from":[-0.92771,5.79948,7.9],"to":[-0.77771,6.16948,8.0],"rotation":{"angle":22.5,"axis":"z","origin":[-0.41771,5.17448,8.0]},"faces":{"north":{"uv":[2.25,13.75,3.0,14.5],"texture":"#o6"},"south":{"uv":[2.25,13.75,3.0,14.5],"texture":"#o6"},"east":{"uv":[2.25,13.75,3.0,14.5],"texture":"#o6"},"west":{"uv":[2.25,13.75,3.0,14.5],"texture":"#o6"},"up":{"uv":[2.25,13.75,3.0,14.5],"texture":"#o6"},"down":{"uv":[2.25,13.75,3.0,14.5],"texture":"#o6"}}},{"from":[-5.1,0.51,7.1],"to":[-3.6,4.44,9.0],"rotation":{"angle":-22.5,"axis":"z","origin":[0.0,0.0,7.1]},"faces":{"north":{"uv":[0.25,11.0,1.0,11.75],"texture":"#o6"},"south":{"uv":[0.25,11.0,1.0,11.75],"texture":"#o6"},"east":{"uv":[0.25,11.0,1.0,11.75],"texture":"#o6"},"west":{"uv":[0.25,11.0,1.0,11.75],"texture":"#o6"},"up":{"uv":[0.25,11.0,1.0,11.75],"texture":"#o6"},"down":{"uv":[0.25,11.0,1.0,11.75],"texture":"#o6"}}},{"from":[-3.37,5.04,7.1],"to":[-1.81,6.25,9.0],"rotation":{"angle":0.0,"axis":"z","origin":[1.63,1.81,7.1]},"faces":{"north":{"uv":[0.25,11.0,1.0,11.75],"texture":"#o6"},"south":{"uv":[0.25,11.0,1.0,11.75],"texture":"#o6"},"east":{"uv":[0.25,11.0,1.0,11.75],"texture":"#o6"},"west":{"uv":[0.25,11.0,1.0,11.75],"texture":"#o6"},"up":{"uv":[0.25,11.0,1.0,11.75],"texture":"#o6"},"down":{"uv":[0.25,11.0,1.0,11.75],"texture":"#o6"}}},{"from":[-2.64,6.32,7.1],"to":[-2.34,6.85,9.0],"rotation":{"angle":-45.0,"axis":"z","origin":[-2.62,5.585,8.1]},"faces":{"north":{"uv":[0.25,11.0,1.0,11.75],"texture":"#o6"},"south":{"uv":[0.25,11.0,1.0,11.75],"texture":"#o6"},"east":{"uv":[0.25,11.0,1.0,11.75],"texture":"#o6"},"west":{"uv":[0.25,11.0,1.0,11.75],"texture":"#o6"},"up":{"uv":[0.25,11.0,1.0,11.75],"texture":"#o6"},"down":{"uv":[0.25,11.0,1.0,11.75],"texture":"#o6"}}},{"from":[-2.28327,4.81014,7.1],"to":[-1.98327,5.34014,9.0],"rotation":{"angle":45.0,"axis":"z","origin":[-2.61327,5.57514,8.1]},"faces":{"north":{"uv":[0.25,11.0,1.0,11.75],"texture":"#o6"},"south":{"uv":[0.25,11.0,1.0,11.75],"texture":"#o6"},"east":{"uv":[0.25,11.0,1.0,11.75],"texture":"#o6"},"west":{"uv":[0.25,11.0,1.0,11.75],"texture":"#o6"},"up":{"uv":[0.25,11.0,1.0,11.75],"texture":"#o6"},"down":{"uv":[0.25,11.0,1.0,11.75],"texture":"#o6"}}},{"from":[-2.49327,6.71014,7.1],"to":[-1.89327,7.84014,9.0],"rotation":{"angle":45.0,"axis":"z","origin":[-2.61327,5.57514,8.1]},"faces":{"north":{"uv":[0.25,11.0,1.0,11.75],"texture":"#o6"},"south":{"uv":[0.25,11.0,1.0,11.75],"texture":"#o6"},"west":{"uv":[0.25,11.0,1.0,11.75],"texture":"#o6"}}},{"from":[-12.87,4.62317,7.1],"to":[-11.78193,7.25,9.0],"rotation":{"angle":0.0,"axis":"z","origin":[0.0,-2.2,7.1]},"faces":{"north":{"uv":[0.25,11.0,1.0,11.75],"texture":"#o6"},"south":{"uv":[0.25,11.0,1.0,11.75],"texture":"#o6"},"west":{"uv":[0.25,11.0,1.0,11.75],"texture":"#o6"},"down":{"uv":[0.25,11.0,1.0,11.75],"texture":"#o6"}}},{"from":[-9.11587,8.78,7.1],"to":[-2.24,11.62326,9.0],"rotation":{"angle":22.5,"axis":"z","origin":[0.0,0.0,7.1]},"faces":{"north":{"uv":[0.25,11.0,1.0,11.75],"texture":"#o6"},"south":{"uv":[0.25,11.0,1.0,11.75],"texture":"#o6"},"down":{"uv":[0.25,11.0,1.0,11.75],"texture":"#o6"}}},{"from":[10.74768,10.453,7.7977],"to":[15.33205,10.653,8.2977],"rotation":{"angle":0.0,"axis":"y","origin":[-6.0,0.0,0.0]},"faces":{"north":{"uv":[12.1,0.1,12.9,0.9],"texture":"#o6"},"south":{"uv":[12.1,0.1,12.9,0.9],"texture":"#o6"},"east":{"uv":[12.1,0.1,12.9,0.9],"texture":"#o6"},"west":{"uv":[12.1,0.1,12.9,0.9],"texture":"#o6"},"up":{"uv":[12.1,0.1,12.9,0.9],"texture":"#o6"},"down":{"uv":[12.1,0.1,12.9,0.9],"texture":"#o6"}}},{"from":[7.34768,10.353,7.7977],"to":[15.33205,10.453,8.2977],"rotation":{"angle":0.0,"axis":"y","origin":[-6.0,0.0,0.0]},"faces":{"north":{"uv":[12.1,0.1,12.9,0.9],"texture":"#o6"},"south":{"uv":[12.1,0.1,12.9,0.9],"texture":"#o6"},"east":{"uv":[12.1,0.1,12.9,0.9],"texture":"#o6"},"west":{"uv":[12.1,0.1,12.9,0.9],"texture":"#o6"},"up":{"uv":[12.1,0.1,12.9,0.9],"texture":"#o6"},"down":{"uv":[12.1,0.1,12.9,0.9],"texture":"#o6"}}},{"from":[7.34768,10.453,7.7977],"to":[10.50979,10.653,8.2977],"rotation":{"angle":0.0,"axis":"y","origin":[-6.0,0.0,0.0]},"faces":{"north":{"uv":[12.1,0.1,12.9,0.9],"texture":"#o6"},"south":{"uv":[12.1,0.1,12.9,0.9],"texture":"#o6"},"east":{"uv":[12.1,0.1,12.9,0.9],"texture":"#o6"},"west":{"uv":[12.1,0.1,12.9,0.9],"texture":"#o6"},"up":{"uv":[12.1,0.1,12.9,0.9],"texture":"#o6"},"down":{"uv":[12.1,0.1,12.9,0.9],"texture":"#o6"}}},{"from":[6.44834,9.74797,7.7977],"to":[7.22408,11.68939,8.2977],"rotation":{"angle":45.0,"axis":"z","origin":[6.84834,10.84797,8.0477]},"faces":{"north":{"uv":[12.1,0.1,12.9,0.9],"texture":"#o6"},"south":{"uv":[12.1,0.1,12.9,0.9],"texture":"#o6"},"east":{"uv":[12.1,0.1,12.9,0.9],"texture":"#o6"},"west":{"uv":[12.1,0.1,12.9,0.9],"texture":"#o6"},"up":{"uv":[12.1,0.1,12.9,0.9],"texture":"#o6"},"down":{"uv":[12.1,0.1,12.9,0.9],"texture":"#o6"}}},{"from":[6.41906,11.67726,7.7977],"to":[6.7948,12.01867,8.2977],"rotation":{"angle":45.0,"axis":"z","origin":[6.81906,10.87726,8.0477]},"faces":{"north":{"uv":[12.1,0.1,12.9,0.9],"texture":"#o6"},"south":{"uv":[12.1,0.1,12.9,0.9],"texture":"#o6"},"east":{"uv":[12.1,0.1,12.9,0.9],"texture":"#o6"},"west":{"uv":[12.1,0.1,12.9,0.9],"texture":"#o6"},"up":{"uv":[12.1,0.1,12.9,0.9],"texture":"#o6"},"down":{"uv":[12.1,0.1,12.9,0.9],"texture":"#o6"}}},{"from":[-1.64663,11.34295,7.7977],"to":[6.51906,11.70863,8.2977],"rotation":{"angle":0.0,"axis":"y","origin":[-6.0,0.0,0.0]},"faces":{"north":{"uv":[12.1,0.1,12.9,0.9],"texture":"#o6"},"south":{"uv":[12.1,0.1,12.9,0.9],"texture":"#o6"},"east":{"uv":[12.1,0.1,12.9,0.9],"texture":"#o6"},"west":{"uv":[12.1,0.1,12.9,0.9],"texture":"#o6"},"up":{"uv":[12.1,0.1,12.9,0.9],"texture":"#o6"},"down":{"uv":[12.1,0.1,12.9,0.9],"texture":"#o6"}}},{"from":[4.55695,11.70863,7.7977],"to":[6.51906,11.90863,8.2977],"rotation":{"angle":0.0,"axis":"y","origin":[-6.0,0.0,0.0]},"faces":{"north":{"uv":[12.1,0.1,12.9,0.9],"texture":"#o6"},"south":{"uv":[12.1,0.1,12.9,0.9],"texture":"#o6"},"east":{"uv":[12.1,0.1,12.9,0.9],"texture":"#o6"},"west":{"uv":[12.1,0.1,12.9,0.9],"texture":"#o6"},"up":{"uv":[12.1,0.1,12.9,0.9],"texture":"#o6"},"down":{"uv":[12.1,0.1,12.9,0.9],"texture":"#o6"}}},{"from":[2.34132,11.70863,7.7977],"to":[4.35389,11.90863,8.2977],"rotation":{"angle":0.0,"axis":"y","origin":[-6.0,0.0,0.0]},"faces":{"north":{"uv":[12.1,0.1,12.9,0.9],"texture":"#o6"},"south":{"uv":[12.1,0.1,12.9,0.9],"texture":"#o6"},"east":{"uv":[12.1,0.1,12.9,0.9],"texture":"#o6"},"west":{"uv":[12.1,0.1,12.9,0.9],"texture":"#o6"},"up":{"uv":[12.1,0.1,12.9,0.9],"texture":"#o6"},"down":{"uv":[12.1,0.1,12.9,0.9],"texture":"#o6"}}},{"from":[-0.15868,11.70863,7.7977],"to":[2.15389,11.90863,8.2977],"rotation":{"angle":0.0,"axis":"y","origin":[-6.0,0.0,0.0]},"faces":{"north":{"uv":[12.1,0.1,12.9,0.9],"texture":"#o6"},"south":{"uv":[12.1,0.1,12.9,0.9],"texture":"#o6"},"east":{"uv":[12.1,0.1,12.9,0.9],"texture":"#o6"},"west":{"uv":[12.1,0.1,12.9,0.9],"texture":"#o6"},"up":{"uv":[12.1,0.1,12.9,0.9],"texture":"#o6"},"down":{"uv":[12.1,0.1,12.9,0.9],"texture":"#o6"}}},{"from":[-0.58381,11.70863,7.7977],"to":[-0.37124,11.90863,8.2977],"rotation":{"angle":0.0,"axis":"y","origin":[-6.0,0.0,0.0]},"faces":{"north":{"uv":[12.1,0.1,12.9,0.9],"texture":"#o6"},"south":{"uv":[12.1,0.1,12.9,0.9],"texture":"#o6"},"east":{"uv":[12.1,0.1,12.9,0.9],"texture":"#o6"},"west":{"uv":[12.1,0.1,12.9,0.9],"texture":"#o6"},"up":{"uv":[12.1,0.1,12.9,0.9],"texture":"#o6"}}},{"from":[-1.00894,11.70863,7.7977],"to":[-0.79637,11.90863,8.2977],"rotation":{"angle":0.0,"axis":"y","origin":[-6.0,0.0,0.0]},"faces":{"north":{"uv":[12.1,0.1,12.9,0.9],"texture":"#o6"},"south":{"uv":[12.1,0.1,12.9,0.9],"texture":"#o6"},"east":{"uv":[12.1,0.1,12.9,0.9],"texture":"#o6"},"west":{"uv":[12.1,0.1,12.9,0.9],"texture":"#o6"},"up":{"uv":[12.1,0.1,12.9,0.9],"texture":"#o6"}}},{"from":[-1.43407,11.70863,7.7977],"to":[-1.2215,11.90863,8.2977],"rotation":{"angle":0.0,"axis":"y","origin":[-6.0,0.0,0.0]},"faces":{"north":{"uv":[12.1,0.1,12.9,0.9],"texture":"#o6"},"south":{"uv":[12.1,0.1,12.9,0.9],"texture":"#o6"},"east":{"uv":[12.1,0.1,12.9,0.9],"texture":"#o6"},"west":{"uv":[12.1,0.1,12.9,0.9],"texture":"#o6"},"up":{"uv":[12.1,0.1,12.9,0.9],"texture":"#o6"}}},{"from":[-2.81232,11.34295,7.7977],"to":[-1.64663,11.90863,8.2977],"rotation":{"angle":0.0,"axis":"y","origin":[-6.0,0.0,0.0]},"faces":{"north":{"uv":[12.1,0.1,12.9,0.9],"texture":"#o6"},"south":{"uv":[12.1,0.1,12.9,0.9],"texture":"#o6"},"east":{"uv":[12.1,0.1,12.9,0.9],"texture":"#o6"},"west":{"uv":[12.1,0.1,12.9,0.9],"texture":"#o6"},"up":{"uv":[12.1,0.1,12.9,0.9],"texture":"#o6"},"down":{"uv":[12.1,0.1,12.9,0.9],"texture":"#o6"}}},{"from":[-4.43854,10.44797,7.7977],"to":[-2.20729,11.24797,8.2977],"rotation":{"angle":45.0,"axis":"z","origin":[-3.30729,10.84797,8.0477]},"faces":{"north":{"uv":[12.1,0.1,12.9,0.9],"texture":"#o6"},"south":{"uv":[12.1,0.1,12.9,0.9],"texture":"#o6"},"east":{"uv":[12.1,0.1,12.9,0.9],"texture":"#o6"},"west":{"uv":[12.1,0.1,12.9,0.9],"texture":"#o6"},"up":{"uv":[12.1,0.1,12.9,0.9],"texture":"#o6"},"down":{"uv":[12.1,0.1,12.9,0.9],"texture":"#o6"}}},{"from":[-3.24663,10.34295,7.7977],"to":[-2.24663,11.34295,8.2977],"rotation":{"angle":0.0,"axis":"y","origin":[-6.0,0.0,0.0]},"faces":{"north":{"uv":[12.1,0.1,12.9,0.9],"texture":"#o6"},"south":{"uv":[12.1,0.1,12.9,0.9],"texture":"#o6"},"east":{"uv":[12.1,0.1,12.9,0.9],"texture":"#o6"},"west":{"uv":[12.1,0.1,12.9,0.9],"texture":"#o6"},"up":{"uv":[12.1,0.1,12.9,0.9],"texture":"#o6"},"down":{"uv":[12.1,0.1,12.9,0.9],"texture":"#o6"}}},{"from":[15.3,7.19147,7.46],"to":[17.42,7.68853,7.56],"rotation":{"angle":45.0,"axis":"x","origin":[15.8,7.44,8.06]},"faces":{"north":{"uv":[2.25,13.75,3.0,14.5],"texture":"#o6"},"south":{"uv":[2.25,13.75,3.0,14.5],"texture":"#o6"},"east":{"uv":[2.25,13.75,3.0,14.5],"texture":"#o6"},"west":{"uv":[2.25,13.75,3.0,14.5],"texture":"#o6"},"up":{"uv":[2.25,13.75,3.0,14.5],"texture":"#o6"},"down":{"uv":[2.25,13.75,3.0,14.5],"texture":"#o6"}}},{"from":[15.3,7.19147,7.46],"to":[17.42,7.68853,7.56],"rotation":{"angle":0.0,"axis":"x","origin":[15.8,7.44,8.06]},"faces":{"north":{"uv":[2.25,13.75,3.0,14.5],"texture":"#o6"},"south":{"uv":[2.25,13.75,3.0,14.5],"texture":"#o6"},"east":{"uv":[2.25,13.75,3.0,14.5],"texture":"#o6"},"west":{"uv":[2.25,13.75,3.0,14.5],"texture":"#o6"},"up":{"uv":[2.25,13.75,3.0,14.5],"texture":"#o6"},"down":{"uv":[2.25,13.75,3.0,14.5],"texture":"#o6"}}},{"from":[15.3,7.19147,8.56],"to":[17.42,7.68853,8.66],"rotation":{"angle":45.0,"axis":"x","origin":[15.8,7.44,8.06]},"faces":{"north":{"uv":[2.25,13.75,3.0,14.5],"texture":"#o6"},"south":{"uv":[2.25,13.75,3.0,14.5],"texture":"#o6"},"east":{"uv":[2.25,13.75,3.0,14.5],"texture":"#o6"},"west":{"uv":[2.25,13.75,3.0,14.5],"texture":"#o6"},"up":{"uv":[2.25,13.75,3.0,14.5],"texture":"#o6"},"down":{"uv":[2.25,13.75,3.0,14.5],"texture":"#o6"}}},{"from":[15.3,7.19147,8.56],"to":[17.42,7.68853,8.66],"rotation":{"angle":0.0,"axis":"x","origin":[15.8,7.44,8.06]},"faces":{"north":{"uv":[2.25,13.75,3.0,14.5],"texture":"#o6"},"south":{"uv":[2.25,13.75,3.0,14.5],"texture":"#o6"},"east":{"uv":[2.25,13.75,3.0,14.5],"texture":"#o6"},"west":{"uv":[2.25,13.75,3.0,14.5],"texture":"#o6"},"up":{"uv":[2.25,13.75,3.0,14.5],"texture":"#o6"},"down":{"uv":[2.25,13.75,3.0,14.5],"texture":"#o6"}}},{"from":[15.3,6.84,7.81147],"to":[17.42,6.94,8.30853],"rotation":{"angle":45.0,"axis":"x","origin":[15.8,7.44,8.06]},"faces":{"north":{"uv":[2.25,13.75,3.0,14.5],"texture":"#o6"},"south":{"uv":[2.25,13.75,3.0,14.5],"texture":"#o6"},"east":{"uv":[2.25,13.75,3.0,14.5],"texture":"#o6"},"west":{"uv":[2.25,13.75,3.0,14.5],"texture":"#o6"},"up":{"uv":[2.25,13.75,3.0,14.5],"texture":"#o6"},"down":{"uv":[2.25,13.75,3.0,14.5],"texture":"#o6"}}},{"from":[15.3,6.84,7.81147],"to":[17.42,6.94,8.30853],"rotation":{"angle":0.0,"axis":"x","origin":[15.8,7.44,8.06]},"faces":{"north":{"uv":[2.25,13.75,3.0,14.5],"texture":"#o6"},"south":{"uv":[2.25,13.75,3.0,14.5],"texture":"#o6"},"east":{"uv":[2.25,13.75,3.0,14.5],"texture":"#o6"},"west":{"uv":[2.25,13.75,3.0,14.5],"texture":"#o6"},"up":{"uv":[2.25,13.75,3.0,14.5],"texture":"#o6"},"down":{"uv":[2.25,13.75,3.0,14.5],"texture":"#o6"}}},{"from":[15.3,7.94,7.81147],"to":[17.42,8.04,8.30853],"rotation":{"angle":45.0,"axis":"x","origin":[15.8,7.44,8.06]},"faces":{"north":{"uv":[2.25,13.75,3.0,14.5],"texture":"#o6"},"south":{"uv":[2.25,13.75,3.0,14.5],"texture":"#o6"},"east":{"uv":[2.25,13.75,3.0,14.5],"texture":"#o6"},"west":{"uv":[2.25,13.75,3.0,14.5],"texture":"#o6"},"up":{"uv":[2.25,13.75,3.0,14.5],"texture":"#o6"},"down":{"uv":[2.25,13.75,3.0,14.5],"texture":"#o6"}}},{"from":[15.3,7.94,7.81147],"to":[17.42,8.04,8.30853],"rotation":{"angle":0.0,"axis":"x","origin":[15.8,7.44,8.06]},"faces":{"north":{"uv":[2.25,13.75,3.0,14.5],"texture":"#o6"},"south":{"uv":[2.25,13.75,3.0,14.5],"texture":"#o6"},"east":{"uv":[2.25,13.75,3.0,14.5],"texture":"#o6"},"west":{"uv":[2.25,13.75,3.0,14.5],"texture":"#o6"},"up":{"uv":[2.25,13.75,3.0,14.5],"texture":"#o6"},"down":{"uv":[2.25,13.75,3.0,14.5],"texture":"#o6"}}},{"from":[13.87145,6.40649,7.51156],"to":[14.61065,6.55433,8.49298],"rotation":{"angle":0.0,"axis":"y","origin":[12.46697,-1.88454,7.31454]},"faces":{"north":{"uv":[12.1,0.1,12.9,0.9],"texture":"#o6"},"south":{"uv":[12.1,0.1,12.9,0.9],"texture":"#o6"},"east":{"uv":[12.1,0.1,12.9,0.9],"texture":"#o6"},"west":{"uv":[12.1,0.1,12.9,0.9],"texture":"#o6"},"up":{"uv":[12.1,0.1,12.9,0.9],"texture":"#o6"},"down":{"uv":[12.1,0.1,12.9,0.9],"texture":"#o6"}}},{"from":[6.47945,6.55433,7.51156],"to":[14.61065,6.85001,8.49298],"rotation":{"angle":0.0,"axis":"y","origin":[12.46697,-1.88454,7.31454]},"faces":{"north":{"uv":[12.1,0.1,12.9,0.9],"texture":"#o6"},"south":{"uv":[12.1,0.1,12.9,0.9],"texture":"#o6"},"east":{"uv":[12.1,0.1,12.9,0.9],"texture":"#o6"},"west":{"uv":[12.1,0.1,12.9,0.9],"texture":"#o6"},"up":{"uv":[12.1,0.1,12.9,0.9],"texture":"#o6"},"down":{"uv":[12.1,0.1,12.9,0.9],"texture":"#o6"}}},{"from":[12.39305,6.40649,7.51156],"to":[13.13225,6.55433,8.49298],"rotation":{"angle":0.0,"axis":"y","origin":[12.46697,-1.88454,7.31454]},"faces":{"north":{"uv":[12.1,0.1,12.9,0.9],"texture":"#o6"},"south":{"uv":[12.1,0.1,12.9,0.9],"texture":"#o6"},"east":{"uv":[12.1,0.1,12.9,0.9],"texture":"#o6"},"west":{"uv":[12.1,0.1,12.9,0.9],"texture":"#o6"},"up":{"uv":[12.1,0.1,12.9,0.9],"texture":"#o6"},"down":{"uv":[12.1,0.1,12.9,0.9],"texture":"#o6"}}},{"from":[10.91465,6.40649,7.51156],"to":[11.65385,6.55433,8.49298],"rotation":{"angle":0.0,"axis":"y","origin":[12.46697,-1.88454,7.31454]},"faces":{"north":{"uv":[12.1,0.1,12.9,0.9],"texture":"#o6"},"south":{"uv":[12.1,0.1,12.9,0.9],"texture":"#o6"},"east":{"uv":[12.1,0.1,12.9,0.9],"texture":"#o6"},"west":{"uv":[12.1,0.1,12.9,0.9],"texture":"#o6"},"up":{"uv":[12.1,0.1,12.9,0.9],"texture":"#o6"},"down":{"uv":[12.1,0.1,12.9,0.9],"texture":"#o6"}}},{"from":[9.43625,6.40649,7.51156],"to":[10.17545,6.55433,8.49298],"rotation":{"angle":0.0,"axis":"y","origin":[12.46697,-1.88454,7.31454]},"faces":{"north":{"uv":[12.1,0.1,12.9,0.9],"texture":"#o6"},"south":{"uv":[12.1,0.1,12.9,0.9],"texture":"#o6"},"east":{"uv":[12.1,0.1,12.9,0.9],"texture":"#o6"},"west":{"uv":[12.1,0.1,12.9,0.9],"texture":"#o6"},"up":{"uv":[12.1,0.1,12.9,0.9],"texture":"#o6"},"down":{"uv":[12.1,0.1,12.9,0.9],"texture":"#o6"}}},{"from":[7.95785,6.40649,7.51156],"to":[8.69705,6.55433,8.49298],"rotation":{"angle":0.0,"axis":"y","origin":[12.46697,-1.88454,7.31454]},"faces":{"north":{"uv":[12.1,0.1,12.9,0.9],"texture":"#o6"},"south":{"uv":[12.1,0.1,12.9,0.9],"texture":"#o6"},"east":{"uv":[12.1,0.1,12.9,0.9],"texture":"#o6"},"west":{"uv":[12.1,0.1,12.9,0.9],"texture":"#o6"},"up":{"uv":[12.1,0.1,12.9,0.9],"texture":"#o6"},"down":{"uv":[12.1,0.1,12.9,0.9],"texture":"#o6"}}},{"from":[6.47945,6.40649,7.51156],"to":[7.21865,6.55433,8.49298],"rotation":{"angle":0.0,"axis":"y","origin":[12.46697,-1.88454,7.31454]},"faces":{"north":{"uv":[12.1,0.1,12.9,0.9],"texture":"#o6"},"south":{"uv":[12.1,0.1,12.9,0.9],"texture":"#o6"},"east":{"uv":[12.1,0.1,12.9,0.9],"texture":"#o6"},"west":{"uv":[12.1,0.1,12.9,0.9],"texture":"#o6"},"up":{"uv":[12.1,0.1,12.9,0.9],"texture":"#o6"},"down":{"uv":[12.1,0.1,12.9,0.9],"texture":"#o6"}}},{"from":[0.33,-0.25,7.3],"to":[3.33,7.25,8.8],"rotation":{"angle":0.0,"axis":"z","origin":[0.0,0.0,7.1]},"faces":{"north":{"uv":[12.25,4.0,15.25,11.5],"texture":"#o6"},"south":{"uv":[12.25,4.0,15.25,11.5],"texture":"#o6"},"east":{"uv":[2.25,14.75,2.9,15.35],"texture":"#o6"},"west":{"uv":[2.25,14.75,2.9,15.35],"texture":"#o6"},"down":{"uv":[2.25,14.75,2.9,15.35],"texture":"#o6"}}},{"from":[-16.0,-16.0,-15.99],"to":[32.0,32.0,-15.99],"faces":{"north":{"uv":[0.0,0.0,16.0,16.0],"texture":"#icon_background"}}},{"from":[-16.0,-16.0,-16.0],"to":[32.0,32.0,-16.0],"faces":{"north":{"uv":[0.0,0.0,16.0,16.0],"texture":"#icon"}}}],"display":{"firstperson_lefthand":{"rotation":[0.0,0.0,0.0],"translation":[0.0,0.0,0.0],"scale":[0.0,0.0,0.0]},"firstperson_righthand":{"rotation":[0.0,90.0,0.0],"translation":[-9.005,12.738,-0.75],"scale":[1.0,1.0,1.0]},"thirdperson_lefthand":{"rotation":[0.0,0.0,0.0],"translation":[0.0,0.0,0.0],"scale":[0.0,0.0,0.0]},"thirdperson_righthand":{"rotation":[0.0,0.0,0.0],"translation":[0.0,0.0,0.0],"scale":[0.0,0.0,0.0]},"ground":{"rotation":[-90.0,0.0,0.0],"translation":[5.5,0.0,0.0],"scale":[0.8,0.8,0.8]},"gui":{"rotation":[0.0,-180.0,0.0],"translation":[0.0,0.0,0.0],"scale":[0.333,0.333,0.333]},"fixed":{"rotation":[0.0,0.0,45.0],"translation":[-0.25,0.5,-0.25],"scale":[0.8,0.8,0.8]},"head":{"rotation":[90.0,0.0,0.0],"translation":[2.75,-41.75,0.0],"scale":[1.5,1.5,1.5]}},"gui_light":"front"}