{"parent":"raincoat:generated/21568bac40a7256739f29b0b073d394c1806a608","display":{"thirdperson_lefthand":{"scale":[0.0,0.0,0.0]},"thirdperson_righthand":{"scale":[0.0,0.0,0.0]},"firstperson_lefthand":{"scale":[0.0,0.0,0.0]},"firstperson_righthand":{"rotation":[0.0,70.0,0.0],"translation":[-14.25,16.35,2.0]},"head":{"rotation":[0.0,-90.0,-90.0],"translation":[3.0,-42.0,4.0],"scale":[1.5,1.5,1.5]},"gui":{"rotation":[0.0,-180.0,0.0],"scale":[0.33333334,0.33333334,0.33333334]},"ground":{"rotation":[0.0,0.0,90.0],"translation":[-2.25,0.0,-4.5]},"fixed":{"rotation":[0.0,0.0,45.0],"translation":[-2.5,-1.25,-0.25],"scale":[0.7,0.7,0.7]}}}