{"parent":"raincoat:generated/be7f86015d2d0dd2498a4a7b34aebf64fd21b51c","display":{"thirdperson_lefthand":{"scale":[0.0,0.0,0.0]},"thirdperson_righthand":{"scale":[0.0,0.0,0.0]},"firstperson_lefthand":{"scale":[0.0,0.0,0.0]},"firstperson_righthand":{"rotation":[0.0,66.0,0.0],"translation":[-15.0,13.6,1.75]},"head":{"rotation":[90.0,-90.0,0.0],"translation":[2.25,-42.0,0.0],"scale":[1.7,1.7,1.7]},"gui":{"rotation":[0.0,-180.0,0.0],"scale":[0.33333334,0.33333334,0.33333334]},"ground":{"rotation":[0.0,0.0,90.0],"translation":[-1.0,0.0,-3.25]},"fixed":{"rotation":[0.0,0.0,45.0],"translation":[-2.5,-1.25,-0.25],"scale":[0.7,0.7,0.7]}}}