{"elements":[{"from":[7.6,-3.0,7.5],"to":[8.4,2.0,9.0],"faces":{"north":{"texture":"#o0","uv":[1.0,1.0,2.0,2.0]},"east":{"texture":"#o0","uv":[1.0,1.0,2.0,2.0]},"south":{"texture":"#o0","uv":[1.0,1.0,2.0,2.0]},"west":{"texture":"#o0","uv":[1.0,1.0,2.0,2.0]},"up":{"texture":"#o0","uv":[1.0,1.0,2.0,2.0]},"down":{"texture":"#o0","uv":[1.0,1.0,2.0,2.0]}}},{"from":[7.8,2.4,7.5],"to":[8.2,11.4,9.0],"faces":{"north":{"texture":"#o0","uv":[5.0,1.0,6.0,2.0]},"east":{"texture":"#o0","uv":[0.0,4.0,2.0,16.0]},"south":{"texture":"#o0","uv":[5.0,1.0,6.0,2.0]},"west":{"texture":"#o0","uv":[0.0,4.0,2.0,16.0]},"up":{"texture":"#o0","uv":[5.0,1.0,6.0,2.0]},"down":{"texture":"#o0","uv":[5.0,1.0,6.0,2.0]}},"rotation":{"angle":0.0,"axis":"y","origin":[0.0,5.4,0.0]}},{"from":[7.9,2.4,7.2],"to":[8.1,11.4,7.5],"faces":{"north":{"texture":"#o0","uv":[9.0,1.0,10.0,2.0]},"east":{"texture":"#o0","uv":[9.0,1.0,10.0,2.0]},"south":{"texture":"#o0","uv":[9.0,1.0,10.0,2.0]},"west":{"texture":"#o0","uv":[9.0,1.0,10.0,2.0]},"up":{"texture":"#o0","uv":[9.0,1.0,10.0,2.0]},"down":{"texture":"#o0","uv":[9.0,1.0,10.0,2.0]}},"rotation":{"angle":0.0,"axis":"y","origin":[0.0,5.4,0.0]}},{"from":[7.8,11.4,7.3],"to":[8.2,16.34,9.1],"faces":{"north":{"texture":"#o0","uv":[5.0,1.0,6.0,2.0]},"east":{"texture":"#o0","uv":[5.0,4.0,7.0,10.0]},"south":{"texture":"#o0","uv":[5.0,1.0,6.0,2.0]},"west":{"texture":"#o0","uv":[5.0,4.0,7.0,10.0]},"up":{"texture":"#o0","uv":[5.0,1.0,6.0,2.0]},"down":{"texture":"#o0","uv":[5.0,1.0,6.0,2.0]}},"rotation":{"angle":0.0,"axis":"y","origin":[0.0,14.4,0.0]}},{"from":[7.8,16.34,8.46104],"to":[8.2,17.50706,9.1],"faces":{"north":{"texture":"#o0","uv":[5.0,1.0,6.0,2.0]},"east":{"texture":"#o0","uv":[5.0,1.0,6.0,2.0]},"south":{"texture":"#o0","uv":[5.0,1.0,6.0,2.0]},"west":{"texture":"#o0","uv":[5.0,1.0,6.0,2.0]},"up":{"texture":"#o0","uv":[5.0,1.0,6.0,2.0]},"down":{"texture":"#o0","uv":[5.0,1.0,6.0,2.0]}},"rotation":{"angle":0.0,"axis":"y","origin":[0.0,21.34,0.0]}},{"from":[7.8,16.26206,8.13927],"to":[8.2,17.42891,8.70815],"faces":{"north":{"texture":"#o0","uv":[5.0,1.0,6.0,2.0]},"east":{"texture":"#o0","uv":[5.0,1.0,6.0,2.0]},"south":{"texture":"#o0","uv":[5.0,1.0,6.0,2.0]},"west":{"texture":"#o0","uv":[5.0,1.0,6.0,2.0]},"up":{"texture":"#o0","uv":[5.0,1.0,6.0,2.0]},"down":{"texture":"#o0","uv":[5.0,1.0,6.0,2.0]}},"rotation":{"angle":-22.5,"axis":"x","origin":[8.0,16.84684,8.38815]}},{"from":[7.8,16.05434,7.86224],"to":[8.2,17.22391,8.44703],"faces":{"north":{"texture":"#o0","uv":[5.0,1.0,6.0,2.0]},"east":{"texture":"#o0","uv":[5.0,1.0,6.0,2.0]},"south":{"texture":"#o0","uv":[5.0,1.0,6.0,2.0]},"west":{"texture":"#o0","uv":[5.0,1.0,6.0,2.0]},"up":{"texture":"#o0","uv":[5.0,1.0,6.0,2.0]},"down":{"texture":"#o0","uv":[5.0,1.0,6.0,2.0]}},"rotation":{"angle":-45.0,"axis":"x","origin":[8.0,16.63912,8.11224]}},{"from":[7.8,15.96742,7.37308],"to":[8.2,16.54742,8.77308],"faces":{"north":{"texture":"#o0","uv":[5.0,1.0,6.0,2.0]},"east":{"texture":"#o0","uv":[5.0,1.0,6.0,2.0]},"south":{"texture":"#o0","uv":[5.0,1.0,6.0,2.0]},"west":{"texture":"#o0","uv":[5.0,1.0,6.0,2.0]},"up":{"texture":"#o0","uv":[5.0,1.0,6.0,2.0]},"down":{"texture":"#o0","uv":[5.0,1.0,6.0,2.0]}},"rotation":{"angle":22.5,"axis":"x","origin":[8.0,16.33742,8.27308]}},{"from":[7.9,11.4,7.0],"to":[8.1,16.4,7.3],"faces":{"north":{"texture":"#o0","uv":[9.0,1.0,10.0,2.0]},"east":{"texture":"#o0","uv":[9.0,1.0,10.0,2.0]},"south":{"texture":"#o0","uv":[9.0,1.0,10.0,2.0]},"west":{"texture":"#o0","uv":[9.0,1.0,10.0,2.0]},"up":{"texture":"#o0","uv":[9.0,1.0,10.0,2.0]},"down":{"texture":"#o0","uv":[9.0,1.0,10.0,2.0]}},"rotation":{"angle":0.0,"axis":"y","origin":[0.0,14.4,-0.2]}},{"from":[7.9,16.30454,7.17992],"to":[8.1,17.00454,7.57992],"faces":{"north":{"texture":"#o0","uv":[9.0,1.0,10.0,2.0]},"east":{"texture":"#o0","uv":[9.0,1.0,10.0,2.0]},"south":{"texture":"#o0","uv":[9.0,1.0,10.0,2.0]},"west":{"texture":"#o0","uv":[9.0,1.0,10.0,2.0]},"up":{"texture":"#o0","uv":[9.0,1.0,10.0,2.0]},"down":{"texture":"#o0","uv":[9.0,1.0,10.0,2.0]}},"rotation":{"angle":22.5,"axis":"x","origin":[8.0,16.80454,7.32992]}},{"from":[7.9,17.0442,7.2275],"to":[8.1,17.4442,7.9275],"faces":{"north":{"texture":"#o0","uv":[9.0,1.0,10.0,2.0]},"east":{"texture":"#o0","uv":[9.0,1.0,10.0,2.0]},"south":{"texture":"#o0","uv":[9.0,1.0,10.0,2.0]},"west":{"texture":"#o0","uv":[9.0,1.0,10.0,2.0]},"up":{"texture":"#o0","uv":[9.0,1.0,10.0,2.0]},"down":{"texture":"#o0","uv":[9.0,1.0,10.0,2.0]}},"rotation":{"angle":-45.0,"axis":"x","origin":[8.0,17.2942,7.7275]}},{"from":[7.9,17.34445,7.7822],"to":[8.1,17.74445,8.4822],"faces":{"north":{"texture":"#o0","uv":[9.0,1.0,10.0,2.0]},"east":{"texture":"#o0","uv":[9.0,1.0,10.0,2.0]},"south":{"texture":"#o0","uv":[9.0,1.0,10.0,2.0]},"west":{"texture":"#o0","uv":[9.0,1.0,10.0,2.0]},"up":{"texture":"#o0","uv":[9.0,1.0,10.0,2.0]},"down":{"texture":"#o0","uv":[9.0,1.0,10.0,2.0]}},"rotation":{"angle":-22.5,"axis":"x","origin":[8.0,17.59445,8.2822]}},{"from":[7.9,17.50706,8.40957],"to":[8.1,17.80957,9.1],"faces":{"north":{"texture":"#o0","uv":[9.0,1.0,10.0,2.0]},"east":{"texture":"#o0","uv":[9.0,1.0,10.0,2.0]},"south":{"texture":"#o0","uv":[9.0,1.0,10.0,2.0]},"west":{"texture":"#o0","uv":[9.0,1.0,10.0,2.0]},"up":{"texture":"#o0","uv":[9.0,1.0,10.0,2.0]},"down":{"texture":"#o0","uv":[9.0,1.0,10.0,2.0]}},"rotation":{"angle":0.0,"axis":"x","origin":[8.0,17.58914,8.90957]}},{"from":[7.4,2.0,6.9],"to":[8.6,2.4,9.3],"faces":{"north":{"texture":"#o0","uv":[1.0,1.0,2.0,2.0]},"east":{"texture":"#o0","uv":[1.0,1.0,2.0,2.0]},"south":{"texture":"#o0","uv":[1.0,1.0,2.0,2.0]},"west":{"texture":"#o0","uv":[1.0,1.0,2.0,2.0]},"up":{"texture":"#o0","uv":[1.0,1.0,2.0,2.0]},"down":{"texture":"#o0","uv":[1.0,1.0,2.0,2.0]}},"rotation":{"angle":0.0,"axis":"y","origin":[0.0,5.0,0.0]}},{"from":[7.6,-3.0,7.0],"to":[8.4,-2.5,7.5],"faces":{"north":{"texture":"#o0","uv":[1.0,1.0,2.0,2.0]},"east":{"texture":"#o0","uv":[1.0,1.0,2.0,2.0]},"south":{"texture":"#o0","uv":[1.0,1.0,2.0,2.0]},"west":{"texture":"#o0","uv":[1.0,1.0,2.0,2.0]},"up":{"texture":"#o0","uv":[1.0,1.0,2.0,2.0]},"down":{"texture":"#o0","uv":[1.0,1.0,2.0,2.0]}}},{"from":[7.6,-2.59557,7.08045],"to":[8.4,-1.49557,7.58045],"faces":{"north":{"texture":"#o0","uv":[1.0,1.0,2.0,2.0]},"east":{"texture":"#o0","uv":[1.0,1.0,2.0,2.0]},"south":{"texture":"#o0","uv":[1.0,1.0,2.0,2.0]},"west":{"texture":"#o0","uv":[1.0,1.0,2.0,2.0]},"up":{"texture":"#o0","uv":[1.0,1.0,2.0,2.0]},"down":{"texture":"#o0","uv":[1.0,1.0,2.0,2.0]}},"rotation":{"angle":22.5,"axis":"x","origin":[8.0,-2.34557,7.28045]}},{"from":[7.6,0.68817,7.1595],"to":[8.4,1.78817,7.5595],"faces":{"north":{"texture":"#o0","uv":[1.0,1.0,2.0,2.0]},"east":{"texture":"#o0","uv":[1.0,1.0,2.0,2.0]},"south":{"texture":"#o0","uv":[1.0,1.0,2.0,2.0]},"west":{"texture":"#o0","uv":[1.0,1.0,2.0,2.0]},"up":{"texture":"#o0","uv":[1.0,1.0,2.0,2.0]},"down":{"texture":"#o0","uv":[1.0,1.0,2.0,2.0]}},"rotation":{"angle":22.5,"axis":"x","origin":[8.0,0.93817,7.3595]}},{"from":[7.6,-0.71627,7.07905],"to":[8.4,0.78373,7.57905],"faces":{"north":{"texture":"#o0","uv":[1.0,1.0,2.0,2.0]},"east":{"texture":"#o0","uv":[1.0,1.0,2.0,2.0]},"south":{"texture":"#o0","uv":[1.0,1.0,2.0,2.0]},"west":{"texture":"#o0","uv":[1.0,1.0,2.0,2.0]},"up":{"texture":"#o0","uv":[1.0,1.0,2.0,2.0]},"down":{"texture":"#o0","uv":[1.0,1.0,2.0,2.0]}},"rotation":{"angle":0.0,"axis":"y","origin":[0.0,3.28373,0.07905]}},{"from":[7.6,-3.0,7.0],"to":[8.4,-2.60218,8.0],"faces":{"north":{"texture":"#o0","uv":[1.0,1.0,2.0,2.0]},"east":{"texture":"#o0","uv":[1.0,1.0,2.0,2.0]},"south":{"texture":"#o0","uv":[1.0,1.0,2.0,2.0]},"west":{"texture":"#o0","uv":[1.0,1.0,2.0,2.0]},"up":{"texture":"#o0","uv":[1.0,1.0,2.0,2.0]},"down":{"texture":"#o0","uv":[1.0,1.0,2.0,2.0]}},"rotation":{"angle":-45.0,"axis":"x","origin":[8.1,-2.80109,8.0]}},{"from":[7.6,-3.0,7.0],"to":[8.4,-2.60218,8.0],"faces":{"north":{"texture":"#o0","uv":[1.0,1.0,2.0,2.0]},"east":{"texture":"#o0","uv":[1.0,1.0,2.0,2.0]},"south":{"texture":"#o0","uv":[1.0,1.0,2.0,2.0]},"west":{"texture":"#o0","uv":[1.0,1.0,2.0,2.0]},"up":{"texture":"#o0","uv":[1.0,1.0,2.0,2.0]},"down":{"texture":"#o0","uv":[1.0,1.0,2.0,2.0]}},"rotation":{"angle":-22.5,"axis":"x","origin":[8.1,-2.80109,8.0]}},{"from":[7.6,-1.41627,7.07905],"to":[8.4,-0.31844,8.07905],"faces":{"north":{"texture":"#o0","uv":[1.0,1.0,2.0,2.0]},"east":{"texture":"#o0","uv":[1.0,1.0,2.0,2.0]},"south":{"texture":"#o0","uv":[1.0,1.0,2.0,2.0]},"west":{"texture":"#o0","uv":[1.0,1.0,2.0,2.0]},"up":{"texture":"#o0","uv":[1.0,1.0,2.0,2.0]},"down":{"texture":"#o0","uv":[1.0,1.0,2.0,2.0]}},"rotation":{"angle":-22.5,"axis":"x","origin":[8.1,-0.51736,8.07905]}},{"from":[7.6,-3.0,8.0],"to":[8.4,-2.60218,9.0],"faces":{"north":{"texture":"#o0","uv":[1.0,1.0,2.0,2.0]},"east":{"texture":"#o0","uv":[1.0,1.0,2.0,2.0]},"south":{"texture":"#o0","uv":[1.0,1.0,2.0,2.0]},"west":{"texture":"#o0","uv":[1.0,1.0,2.0,2.0]},"up":{"texture":"#o0","uv":[1.0,1.0,2.0,2.0]},"down":{"texture":"#o0","uv":[1.0,1.0,2.0,2.0]}},"rotation":{"angle":22.5,"axis":"x","origin":[8.1,-2.80109,8.0]}},{"from":[7.6,-3.0,8.0],"to":[8.4,-2.60218,9.0],"faces":{"north":{"texture":"#o0","uv":[1.0,1.0,2.0,2.0]},"east":{"texture":"#o0","uv":[1.0,1.0,2.0,2.0]},"south":{"texture":"#o0","uv":[1.0,1.0,2.0,2.0]},"west":{"texture":"#o0","uv":[1.0,1.0,2.0,2.0]},"up":{"texture":"#o0","uv":[1.0,1.0,2.0,2.0]},"down":{"texture":"#o0","uv":[1.0,1.0,2.0,2.0]}},"rotation":{"angle":45.0,"axis":"x","origin":[8.1,-2.80109,8.0]}},{"from":[7.6,-3.80109,7.80109],"to":[8.4,-2.80109,8.19891],"faces":{"north":{"texture":"#o0","uv":[1.0,1.0,2.0,2.0]},"east":{"texture":"#o0","uv":[1.0,1.0,2.0,2.0]},"south":{"texture":"#o0","uv":[1.0,1.0,2.0,2.0]},"west":{"texture":"#o0","uv":[1.0,1.0,2.0,2.0]},"up":{"texture":"#o0","uv":[1.0,1.0,2.0,2.0]},"down":{"texture":"#o0","uv":[1.0,1.0,2.0,2.0]}},"rotation":{"angle":-22.5,"axis":"x","origin":[8.1,-2.80109,8.0]}},{"from":[7.6,-3.80109,7.80109],"to":[8.4,-2.80109,8.19891],"faces":{"north":{"texture":"#o0","uv":[1.0,1.0,2.0,2.0]},"east":{"texture":"#o0","uv":[1.0,1.0,2.0,2.0]},"south":{"texture":"#o0","uv":[1.0,1.0,2.0,2.0]},"west":{"texture":"#o0","uv":[1.0,1.0,2.0,2.0]},"up":{"texture":"#o0","uv":[1.0,1.0,2.0,2.0]},"down":{"texture":"#o0","uv":[1.0,1.0,2.0,2.0]}},"rotation":{"angle":0.0,"axis":"x","origin":[8.1,-2.80109,8.0]}},{"from":[7.6,-3.80109,7.80109],"to":[8.4,-2.80109,8.19891],"faces":{"north":{"texture":"#o0","uv":[1.0,1.0,2.0,2.0]},"east":{"texture":"#o0","uv":[1.0,1.0,2.0,2.0]},"south":{"texture":"#o0","uv":[1.0,1.0,2.0,2.0]},"west":{"texture":"#o0","uv":[1.0,1.0,2.0,2.0]},"up":{"texture":"#o0","uv":[1.0,1.0,2.0,2.0]},"down":{"texture":"#o0","uv":[1.0,1.0,2.0,2.0]}},"rotation":{"angle":22.5,"axis":"x","origin":[8.1,-2.80109,8.0]}}],"textures":{"o0":"raincoat:generated/5","o1":"skin/player_skin","o2":"skin/player_skin_slim","o3":"raincoat:generated/5"},"gui_light":"front","display":{"thirdperson_lefthand":{"scale":[0.0,0.0,0.0]},"thirdperson_righthand":{"translation":[0.0,6.75,1.0]},"firstperson_lefthand":{"scale":[0.0,0.0,0.0]},"firstperson_righthand":{"rotation":[-3.0,-24.0,67.0],"translation":[-16.25,5.5,1.0]}}}