{"elements":[{"from":[7.2906,2.5,7.05],"to":[8.7094,3.1,8.95],"faces":{"north":{"texture":"#o0","uv":[7.0,0.0,8.0,1.0]},"east":{"texture":"#o0","uv":[7.0,0.0,8.0,1.0]},"south":{"texture":"#o0","uv":[7.0,0.0,8.0,1.0]},"west":{"texture":"#o0","uv":[7.0,0.0,8.0,1.0]},"up":{"texture":"#o0","uv":[7.0,0.0,8.0,1.0]},"down":{"texture":"#o0","uv":[7.0,0.0,8.0,1.0]}},"rotation":{"angle":0.0,"axis":"y","origin":[8.0,2.4,8.0]},"name":"hexadecagon"},{"from":[7.75147,-2.5,7.4],"to":[8.24853,2.5,8.6],"faces":{"north":{"texture":"#o0","uv":[7.0,0.0,8.0,16.0]},"south":{"texture":"#o0","uv":[7.0,0.0,8.0,16.0]},"down":{"texture":"#o0","uv":[7.0,0.0,8.0,1.0]}},"rotation":{"angle":45.0,"axis":"y","origin":[8.0,1.9,8.0]},"name":"octagon"},{"from":[7.75147,-2.5,7.4],"to":[8.24853,2.5,8.6],"faces":{"north":{"texture":"#o0","uv":[7.0,0.0,8.0,16.0]},"south":{"texture":"#o0","uv":[7.0,0.0,8.0,16.0]},"down":{"texture":"#o0","uv":[7.0,0.0,8.0,1.0]}},"rotation":{"angle":0.0,"axis":"y","origin":[8.0,1.9,8.0]},"name":"octagon"},{"from":[7.4,-2.5,7.75147],"to":[8.6,2.5,8.24853],"faces":{"east":{"texture":"#o0","uv":[7.0,0.0,8.0,16.0]},"west":{"texture":"#o0","uv":[7.0,0.0,8.0,16.0]},"down":{"texture":"#o0","uv":[7.0,0.0,8.0,1.0]}},"rotation":{"angle":45.0,"axis":"y","origin":[8.0,1.9,8.0]},"name":"octagon"},{"from":[7.4,-2.5,7.75147],"to":[8.6,2.5,8.24853],"faces":{"east":{"texture":"#o0","uv":[7.0,0.0,8.0,16.0]},"west":{"texture":"#o0","uv":[7.0,0.0,8.0,16.0]},"down":{"texture":"#o0","uv":[7.0,0.0,8.0,1.0]}},"rotation":{"angle":0.0,"axis":"y","origin":[8.0,1.9,8.0]},"name":"octagon"}],"textures":{"o0":"raincoat:generated/29"},"gui_light":"front","display":{"thirdperson_righthand":{"translation":[0.0,7.0,1.25]},"firstperson_righthand":{"rotation":[0.0,20.0,0.0],"translation":[1.5,16.85,0.0]},"gui":{"rotation":[0.0,90.0,0.0],"translation":[0.0,17.0,0.0],"scale":[2.2,2.2,2.2]},"ground":{"rotation":[0.0,0.0,90.0],"translation":[-9.0,0.0,0.0],"scale":[1.2,1.2,1.2]}},"credit":"Made with Blockbench by patch0010","groups":[{"name":"octagon","origin":[8.0,8.0,8.0],"color":0,"children":[0,1,2,3,4]}]}