{"elements":[{"from":[5.0,0.0,7.40326],"to":[11.0,1.0,8.59674],"faces":{"north":{"texture":"#o0","uv":[1.0,1.0,2.0,2.0]},"east":{"texture":"#o0","uv":[1.0,1.0,2.0,2.0]},"south":{"texture":"#o0","uv":[1.0,1.0,2.0,2.0]},"west":{"texture":"#o0","uv":[1.0,1.0,2.0,2.0]},"up":{"texture":"#o0","uv":[1.0,1.0,2.0,2.0],"rotation":90},"down":{"texture":"#o0","uv":[1.0,1.0,2.0,2.0],"rotation":270}},"rotation":{"angle":-45.0,"axis":"y","origin":[8.0,0.0,8.0]},"name":"hexadecagon"},{"from":[5.0,0.0,7.40326],"to":[11.0,1.0,8.59674],"faces":{"north":{"texture":"#o0","uv":[1.0,1.0,2.0,2.0]},"east":{"texture":"#o0","uv":[1.0,1.0,2.0,2.0]},"south":{"texture":"#o0","uv":[1.0,1.0,2.0,2.0]},"west":{"texture":"#o0","uv":[1.0,1.0,2.0,2.0]},"up":{"texture":"#o0","uv":[1.0,1.0,2.0,2.0],"rotation":90},"down":{"texture":"#o0","uv":[1.0,1.0,2.0,2.0],"rotation":270}},"rotation":{"angle":-22.5,"axis":"y","origin":[8.0,0.0,8.0]},"name":"hexadecagon"},{"from":[5.0,0.0,7.40326],"to":[11.0,1.0,8.59674],"faces":{"north":{"texture":"#o0","uv":[1.0,1.0,2.0,2.0]},"east":{"texture":"#o0","uv":[1.0,1.0,2.0,2.0]},"south":{"texture":"#o0","uv":[1.0,1.0,2.0,2.0]},"west":{"texture":"#o0","uv":[1.0,1.0,2.0,2.0]},"up":{"texture":"#o0","uv":[1.0,1.0,2.0,2.0],"rotation":90},"down":{"texture":"#o0","uv":[1.0,1.0,2.0,2.0],"rotation":270}},"rotation":{"angle":0.0,"axis":"y","origin":[8.0,0.0,8.0]},"name":"hexadecagon"},{"from":[5.0,0.0,7.40326],"to":[11.0,1.0,8.59674],"faces":{"north":{"texture":"#o0","uv":[1.0,1.0,2.0,2.0]},"east":{"texture":"#o0","uv":[1.0,1.0,2.0,2.0]},"south":{"texture":"#o0","uv":[1.0,1.0,2.0,2.0]},"west":{"texture":"#o0","uv":[1.0,1.0,2.0,2.0]},"up":{"texture":"#o0","uv":[1.0,1.0,2.0,2.0],"rotation":90},"down":{"texture":"#o0","uv":[1.0,1.0,2.0,2.0],"rotation":270}},"rotation":{"angle":22.5,"axis":"y","origin":[8.0,0.0,8.0]},"name":"hexadecagon"},{"from":[7.40326,0.0,5.0],"to":[8.59674,1.0,11.0],"faces":{"north":{"texture":"#o0","uv":[1.0,1.0,2.0,2.0]},"east":{"texture":"#o0","uv":[1.0,1.0,2.0,2.0]},"south":{"texture":"#o0","uv":[1.0,1.0,2.0,2.0]},"west":{"texture":"#o0","uv":[1.0,1.0,2.0,2.0]},"up":{"texture":"#o0","uv":[1.0,1.0,2.0,2.0]},"down":{"texture":"#o0","uv":[1.0,1.0,2.0,2.0]}},"rotation":{"angle":-45.0,"axis":"y","origin":[8.0,0.0,8.0]},"name":"hexadecagon"},{"from":[7.40326,0.0,5.0],"to":[8.59674,1.0,11.0],"faces":{"north":{"texture":"#o0","uv":[1.0,1.0,2.0,2.0]},"east":{"texture":"#o0","uv":[1.0,1.0,2.0,2.0]},"south":{"texture":"#o0","uv":[1.0,1.0,2.0,2.0]},"west":{"texture":"#o0","uv":[1.0,1.0,2.0,2.0]},"up":{"texture":"#o0","uv":[1.0,1.0,2.0,2.0],"rotation":90},"down":{"texture":"#o0","uv":[1.0,1.0,2.0,2.0],"rotation":270}},"rotation":{"angle":-22.5,"axis":"y","origin":[8.0,0.0,8.0]},"name":"hexadecagon"},{"from":[7.40326,0.0,5.0],"to":[8.59674,1.0,11.0],"faces":{"north":{"texture":"#o0","uv":[1.0,1.0,2.0,2.0]},"east":{"texture":"#o0","uv":[1.0,1.0,2.0,2.0]},"south":{"texture":"#o0","uv":[1.0,1.0,2.0,2.0]},"west":{"texture":"#o0","uv":[1.0,1.0,2.0,2.0]},"up":{"texture":"#o0","uv":[1.0,1.0,2.0,2.0],"rotation":90},"down":{"texture":"#o0","uv":[1.0,1.0,2.0,2.0],"rotation":270}},"rotation":{"angle":0.0,"axis":"y","origin":[8.0,0.0,8.0]},"name":"hexadecagon"},{"from":[7.40326,0.0,5.0],"to":[8.59674,1.0,11.0],"faces":{"north":{"texture":"#o0","uv":[1.0,1.0,2.0,2.0]},"east":{"texture":"#o0","uv":[1.0,1.0,2.0,2.0]},"south":{"texture":"#o0","uv":[1.0,1.0,2.0,2.0]},"west":{"texture":"#o0","uv":[1.0,1.0,2.0,2.0]},"up":{"texture":"#o0","uv":[1.0,1.0,2.0,2.0],"rotation":90},"down":{"texture":"#o0","uv":[1.0,1.0,2.0,2.0],"rotation":270}},"rotation":{"angle":22.5,"axis":"y","origin":[8.0,0.0,8.0]},"name":"hexadecagon"},{"from":[3.0,1.0,7.00544],"to":[13.0,2.0,8.99456],"faces":{"north":{"texture":"#o0","uv":[1.0,1.0,2.0,2.0]},"east":{"texture":"#o0","uv":[1.0,1.0,2.0,2.0]},"south":{"texture":"#o0","uv":[1.0,1.0,2.0,2.0]},"west":{"texture":"#o0","uv":[1.0,1.0,2.0,2.0]},"up":{"texture":"#o0","uv":[1.0,1.0,2.0,2.0],"rotation":90},"down":{"texture":"#o0","uv":[1.0,1.0,2.0,2.0],"rotation":270}},"rotation":{"angle":-45.0,"axis":"y","origin":[8.0,1.3,8.0]},"name":"hexadecagon"},{"from":[3.0,1.0,7.00544],"to":[13.0,2.0,8.99456],"faces":{"north":{"texture":"#o0","uv":[1.0,1.0,2.0,2.0]},"east":{"texture":"#o0","uv":[1.0,1.0,2.0,2.0]},"south":{"texture":"#o0","uv":[1.0,1.0,2.0,2.0]},"west":{"texture":"#o0","uv":[1.0,1.0,2.0,2.0]},"up":{"texture":"#o0","uv":[1.0,1.0,2.0,2.0],"rotation":90},"down":{"texture":"#o0","uv":[1.0,1.0,2.0,2.0],"rotation":270}},"rotation":{"angle":-22.5,"axis":"y","origin":[8.0,1.3,8.0]},"name":"hexadecagon"},{"from":[3.0,1.0,7.00544],"to":[13.0,2.0,8.99456],"faces":{"north":{"texture":"#o0","uv":[1.0,1.0,2.0,2.0]},"east":{"texture":"#o0","uv":[1.0,1.0,2.0,2.0]},"south":{"texture":"#o0","uv":[1.0,1.0,2.0,2.0]},"west":{"texture":"#o0","uv":[1.0,1.0,2.0,2.0]},"up":{"texture":"#o0","uv":[1.0,1.0,2.0,2.0],"rotation":90},"down":{"texture":"#o0","uv":[1.0,1.0,2.0,2.0],"rotation":270}},"rotation":{"angle":0.0,"axis":"y","origin":[8.0,1.3,8.0]},"name":"hexadecagon"},{"from":[3.0,1.0,7.00544],"to":[13.0,2.0,8.99456],"faces":{"north":{"texture":"#o0","uv":[1.0,1.0,2.0,2.0]},"east":{"texture":"#o0","uv":[1.0,1.0,2.0,2.0]},"south":{"texture":"#o0","uv":[1.0,1.0,2.0,2.0]},"west":{"texture":"#o0","uv":[1.0,1.0,2.0,2.0]},"up":{"texture":"#o0","uv":[1.0,1.0,2.0,2.0],"rotation":90},"down":{"texture":"#o0","uv":[1.0,1.0,2.0,2.0],"rotation":270}},"rotation":{"angle":22.5,"axis":"y","origin":[8.0,1.3,8.0]},"name":"hexadecagon"},{"from":[7.00544,1.0,3.0],"to":[8.99456,2.0,13.0],"faces":{"north":{"texture":"#o0","uv":[1.0,1.0,2.0,2.0]},"east":{"texture":"#o0","uv":[1.0,1.0,2.0,2.0]},"south":{"texture":"#o0","uv":[1.0,1.0,2.0,2.0]},"west":{"texture":"#o0","uv":[1.0,1.0,2.0,2.0]},"up":{"texture":"#o0","uv":[1.0,1.0,2.0,2.0]},"down":{"texture":"#o0","uv":[1.0,1.0,2.0,2.0]}},"rotation":{"angle":-45.0,"axis":"y","origin":[8.0,1.3,8.0]},"name":"hexadecagon"},{"from":[7.00544,1.0,3.0],"to":[8.99456,2.0,13.0],"faces":{"north":{"texture":"#o0","uv":[1.0,1.0,2.0,2.0]},"east":{"texture":"#o0","uv":[1.0,1.0,2.0,2.0]},"south":{"texture":"#o0","uv":[1.0,1.0,2.0,2.0]},"west":{"texture":"#o0","uv":[1.0,1.0,2.0,2.0]},"up":{"texture":"#o0","uv":[1.0,1.0,2.0,2.0],"rotation":90},"down":{"texture":"#o0","uv":[1.0,1.0,2.0,2.0],"rotation":270}},"rotation":{"angle":-22.5,"axis":"y","origin":[8.0,1.3,8.0]},"name":"hexadecagon"},{"from":[7.00544,1.0,3.0],"to":[8.99456,2.0,13.0],"faces":{"north":{"texture":"#o0","uv":[1.0,1.0,2.0,2.0]},"east":{"texture":"#o0","uv":[1.0,1.0,2.0,2.0]},"south":{"texture":"#o0","uv":[1.0,1.0,2.0,2.0]},"west":{"texture":"#o0","uv":[1.0,1.0,2.0,2.0]},"up":{"texture":"#o0","uv":[1.0,1.0,2.0,2.0],"rotation":90},"down":{"texture":"#o0","uv":[1.0,1.0,2.0,2.0],"rotation":270}},"rotation":{"angle":0.0,"axis":"y","origin":[8.0,1.3,8.0]},"name":"hexadecagon"},{"from":[7.00544,1.0,3.0],"to":[8.99456,2.0,13.0],"faces":{"north":{"texture":"#o0","uv":[1.0,1.0,2.0,2.0]},"east":{"texture":"#o0","uv":[1.0,1.0,2.0,2.0]},"south":{"texture":"#o0","uv":[1.0,1.0,2.0,2.0]},"west":{"texture":"#o0","uv":[1.0,1.0,2.0,2.0]},"up":{"texture":"#o0","uv":[1.0,1.0,2.0,2.0],"rotation":90},"down":{"texture":"#o0","uv":[1.0,1.0,2.0,2.0],"rotation":270}},"rotation":{"angle":22.5,"axis":"y","origin":[8.0,1.3,8.0]},"name":"hexadecagon"},{"from":[2.0,2.0,6.80653],"to":[14.0,3.0,9.19347],"faces":{"north":{"texture":"#o0","uv":[1.0,1.0,2.0,2.0]},"east":{"texture":"#o0","uv":[1.0,1.0,2.0,2.0]},"south":{"texture":"#o0","uv":[1.0,1.0,2.0,2.0]},"west":{"texture":"#o0","uv":[1.0,1.0,2.0,2.0]},"up":{"texture":"#o0","uv":[1.0,1.0,2.0,2.0],"rotation":90},"down":{"texture":"#o0","uv":[1.0,1.0,2.0,2.0],"rotation":270}},"rotation":{"angle":-45.0,"axis":"y","origin":[8.0,2.0,8.0]},"name":"hexadecagon"},{"from":[2.0,2.0,6.80653],"to":[14.0,3.0,9.19347],"faces":{"north":{"texture":"#o0","uv":[1.0,1.0,2.0,2.0]},"east":{"texture":"#o0","uv":[1.0,1.0,2.0,2.0]},"south":{"texture":"#o0","uv":[1.0,1.0,2.0,2.0]},"west":{"texture":"#o0","uv":[1.0,1.0,2.0,2.0]},"up":{"texture":"#o0","uv":[1.0,1.0,2.0,2.0],"rotation":90},"down":{"texture":"#o0","uv":[1.0,1.0,2.0,2.0],"rotation":270}},"rotation":{"angle":-22.5,"axis":"y","origin":[8.0,2.0,8.0]},"name":"hexadecagon"},{"from":[2.0,2.0,6.80653],"to":[14.0,3.0,9.19347],"faces":{"north":{"texture":"#o0","uv":[1.0,1.0,2.0,2.0]},"east":{"texture":"#o0","uv":[1.0,1.0,2.0,2.0]},"south":{"texture":"#o0","uv":[1.0,1.0,2.0,2.0]},"west":{"texture":"#o0","uv":[1.0,1.0,2.0,2.0]},"up":{"texture":"#o0","uv":[1.0,1.0,2.0,2.0],"rotation":90},"down":{"texture":"#o0","uv":[1.0,1.0,2.0,2.0],"rotation":270}},"rotation":{"angle":0.0,"axis":"y","origin":[8.0,2.0,8.0]},"name":"hexadecagon"},{"from":[2.0,2.0,6.80653],"to":[14.0,3.0,9.19347],"faces":{"north":{"texture":"#o0","uv":[1.0,1.0,2.0,2.0]},"east":{"texture":"#o0","uv":[1.0,1.0,2.0,2.0]},"south":{"texture":"#o0","uv":[1.0,1.0,2.0,2.0]},"west":{"texture":"#o0","uv":[1.0,1.0,2.0,2.0]},"up":{"texture":"#o0","uv":[1.0,1.0,2.0,2.0],"rotation":90},"down":{"texture":"#o0","uv":[1.0,1.0,2.0,2.0],"rotation":270}},"rotation":{"angle":22.5,"axis":"y","origin":[8.0,2.0,8.0]},"name":"hexadecagon"},{"from":[6.80653,2.0,2.0],"to":[9.19347,3.0,14.0],"faces":{"north":{"texture":"#o0","uv":[1.0,1.0,2.0,2.0]},"east":{"texture":"#o0","uv":[1.0,1.0,2.0,2.0]},"south":{"texture":"#o0","uv":[1.0,1.0,2.0,2.0]},"west":{"texture":"#o0","uv":[1.0,1.0,2.0,2.0]},"up":{"texture":"#o0","uv":[1.0,1.0,2.0,2.0]},"down":{"texture":"#o0","uv":[1.0,1.0,2.0,2.0]}},"rotation":{"angle":-45.0,"axis":"y","origin":[8.0,2.0,8.0]},"name":"hexadecagon"},{"from":[6.80653,2.0,2.0],"to":[9.19347,3.0,14.0],"faces":{"north":{"texture":"#o0","uv":[1.0,1.0,2.0,2.0]},"east":{"texture":"#o0","uv":[1.0,1.0,2.0,2.0]},"south":{"texture":"#o0","uv":[1.0,1.0,2.0,2.0]},"west":{"texture":"#o0","uv":[1.0,1.0,2.0,2.0]},"up":{"texture":"#o0","uv":[1.0,1.0,2.0,2.0],"rotation":90},"down":{"texture":"#o0","uv":[1.0,1.0,2.0,2.0],"rotation":270}},"rotation":{"angle":-22.5,"axis":"y","origin":[8.0,2.0,8.0]},"name":"hexadecagon"},{"from":[6.80653,2.0,2.0],"to":[9.19347,3.0,14.0],"faces":{"north":{"texture":"#o0","uv":[1.0,1.0,2.0,2.0]},"east":{"texture":"#o0","uv":[1.0,1.0,2.0,2.0]},"south":{"texture":"#o0","uv":[1.0,1.0,2.0,2.0]},"west":{"texture":"#o0","uv":[1.0,1.0,2.0,2.0]},"up":{"texture":"#o0","uv":[1.0,1.0,2.0,2.0],"rotation":90},"down":{"texture":"#o0","uv":[1.0,1.0,2.0,2.0],"rotation":270}},"rotation":{"angle":0.0,"axis":"y","origin":[8.0,2.0,8.0]},"name":"hexadecagon"},{"from":[6.80653,2.0,2.0],"to":[9.19347,3.0,14.0],"faces":{"north":{"texture":"#o0","uv":[1.0,1.0,2.0,2.0]},"east":{"texture":"#o0","uv":[1.0,1.0,2.0,2.0]},"south":{"texture":"#o0","uv":[1.0,1.0,2.0,2.0]},"west":{"texture":"#o0","uv":[1.0,1.0,2.0,2.0]},"up":{"texture":"#o0","uv":[1.0,1.0,2.0,2.0],"rotation":90},"down":{"texture":"#o0","uv":[1.0,1.0,2.0,2.0],"rotation":270}},"rotation":{"angle":22.5,"axis":"y","origin":[8.0,2.0,8.0]},"name":"hexadecagon"},{"from":[1.0,3.0,6.60761],"to":[15.0,4.0,9.39239],"faces":{"north":{"texture":"#o0","uv":[1.0,1.0,2.0,2.0]},"east":{"texture":"#o0","uv":[1.0,1.0,2.0,2.0]},"south":{"texture":"#o0","uv":[1.0,1.0,2.0,2.0]},"west":{"texture":"#o0","uv":[1.0,1.0,2.0,2.0]},"up":{"texture":"#o0","uv":[1.0,1.0,2.0,2.0],"rotation":90},"down":{"texture":"#o0","uv":[1.0,1.0,2.0,2.0],"rotation":270}},"rotation":{"angle":-45.0,"axis":"y","origin":[8.0,3.5,8.0]},"name":"hexadecagon"},{"from":[1.0,3.0,6.60761],"to":[15.0,4.0,9.39239],"faces":{"north":{"texture":"#o0","uv":[1.0,1.0,2.0,2.0]},"east":{"texture":"#o0","uv":[1.0,1.0,2.0,2.0]},"south":{"texture":"#o0","uv":[1.0,1.0,2.0,2.0]},"west":{"texture":"#o0","uv":[1.0,1.0,2.0,2.0]},"up":{"texture":"#o0","uv":[1.0,1.0,2.0,2.0],"rotation":90},"down":{"texture":"#o0","uv":[1.0,1.0,2.0,2.0],"rotation":270}},"rotation":{"angle":-22.5,"axis":"y","origin":[8.0,3.5,8.0]},"name":"hexadecagon"},{"from":[1.0,3.0,6.60761],"to":[15.0,4.0,9.39239],"faces":{"north":{"texture":"#o0","uv":[1.0,1.0,2.0,2.0]},"east":{"texture":"#o0","uv":[1.0,1.0,2.0,2.0]},"south":{"texture":"#o0","uv":[1.0,1.0,2.0,2.0]},"west":{"texture":"#o0","uv":[1.0,1.0,2.0,2.0]},"up":{"texture":"#o0","uv":[1.0,1.0,2.0,2.0],"rotation":90},"down":{"texture":"#o0","uv":[1.0,1.0,2.0,2.0],"rotation":270}},"rotation":{"angle":0.0,"axis":"y","origin":[8.0,3.5,8.0]},"name":"hexadecagon"},{"from":[1.0,3.0,6.60761],"to":[15.0,4.0,9.39239],"faces":{"north":{"texture":"#o0","uv":[1.0,1.0,2.0,2.0]},"east":{"texture":"#o0","uv":[1.0,1.0,2.0,2.0]},"south":{"texture":"#o0","uv":[1.0,1.0,2.0,2.0]},"west":{"texture":"#o0","uv":[1.0,1.0,2.0,2.0]},"up":{"texture":"#o0","uv":[1.0,1.0,2.0,2.0],"rotation":90},"down":{"texture":"#o0","uv":[1.0,1.0,2.0,2.0],"rotation":270}},"rotation":{"angle":22.5,"axis":"y","origin":[8.0,3.5,8.0]},"name":"hexadecagon"},{"from":[6.60761,3.0,1.0],"to":[9.39239,4.0,15.0],"faces":{"north":{"texture":"#o0","uv":[1.0,1.0,2.0,2.0]},"east":{"texture":"#o0","uv":[1.0,1.0,2.0,2.0]},"south":{"texture":"#o0","uv":[1.0,1.0,2.0,2.0]},"west":{"texture":"#o0","uv":[1.0,1.0,2.0,2.0]},"up":{"texture":"#o0","uv":[1.0,1.0,2.0,2.0]},"down":{"texture":"#o0","uv":[1.0,1.0,2.0,2.0]}},"rotation":{"angle":-45.0,"axis":"y","origin":[8.0,3.5,8.0]},"name":"hexadecagon"},{"from":[6.60761,3.0,1.0],"to":[9.39239,4.0,15.0],"faces":{"north":{"texture":"#o0","uv":[1.0,1.0,2.0,2.0]},"east":{"texture":"#o0","uv":[1.0,1.0,2.0,2.0]},"south":{"texture":"#o0","uv":[1.0,1.0,2.0,2.0]},"west":{"texture":"#o0","uv":[1.0,1.0,2.0,2.0]},"up":{"texture":"#o0","uv":[1.0,1.0,2.0,2.0],"rotation":90},"down":{"texture":"#o0","uv":[1.0,1.0,2.0,2.0],"rotation":270}},"rotation":{"angle":-22.5,"axis":"y","origin":[8.0,3.5,8.0]},"name":"hexadecagon"},{"from":[6.60761,3.0,1.0],"to":[9.39239,4.0,15.0],"faces":{"north":{"texture":"#o0","uv":[1.0,1.0,2.0,2.0]},"east":{"texture":"#o0","uv":[1.0,1.0,2.0,2.0]},"south":{"texture":"#o0","uv":[1.0,1.0,2.0,2.0]},"west":{"texture":"#o0","uv":[1.0,1.0,2.0,2.0]},"up":{"texture":"#o0","uv":[1.0,1.0,2.0,2.0],"rotation":90},"down":{"texture":"#o0","uv":[1.0,1.0,2.0,2.0],"rotation":270}},"rotation":{"angle":0.0,"axis":"y","origin":[8.0,3.5,8.0]},"name":"hexadecagon"},{"from":[6.60761,3.0,1.0],"to":[9.39239,4.0,15.0],"faces":{"north":{"texture":"#o0","uv":[1.0,1.0,2.0,2.0]},"east":{"texture":"#o0","uv":[1.0,1.0,2.0,2.0]},"south":{"texture":"#o0","uv":[1.0,1.0,2.0,2.0]},"west":{"texture":"#o0","uv":[1.0,1.0,2.0,2.0]},"up":{"texture":"#o0","uv":[1.0,1.0,2.0,2.0],"rotation":90},"down":{"texture":"#o0","uv":[1.0,1.0,2.0,2.0],"rotation":270}},"rotation":{"angle":22.5,"axis":"y","origin":[8.0,3.5,8.0]},"name":"hexadecagon"},{"from":[0.5,4.0,6.50816],"to":[15.5,6.2,9.49184],"faces":{"north":{"texture":"#o0","uv":[1.0,1.0,2.0,2.0]},"east":{"texture":"#o0","uv":[1.0,1.0,2.0,2.0]},"south":{"texture":"#o0","uv":[1.0,1.0,2.0,2.0]},"west":{"texture":"#o0","uv":[1.0,1.0,2.0,2.0]},"up":{"texture":"#o0","uv":[1.0,1.0,2.0,2.0],"rotation":90},"down":{"texture":"#o0","uv":[1.0,1.0,2.0,2.0],"rotation":270}},"rotation":{"angle":-45.0,"axis":"y","origin":[8.0,4.5,8.0]},"name":"hexadecagon"},{"from":[0.5,4.0,6.50816],"to":[15.5,6.2,9.49184],"faces":{"north":{"texture":"#o0","uv":[1.0,1.0,2.0,2.0]},"east":{"texture":"#o0","uv":[1.0,1.0,2.0,2.0]},"south":{"texture":"#o0","uv":[1.0,1.0,2.0,2.0]},"west":{"texture":"#o0","uv":[1.0,1.0,2.0,2.0]},"up":{"texture":"#o0","uv":[1.0,1.0,2.0,2.0],"rotation":90},"down":{"texture":"#o0","uv":[1.0,1.0,2.0,2.0],"rotation":270}},"rotation":{"angle":-22.5,"axis":"y","origin":[8.0,4.5,8.0]},"name":"hexadecagon"},{"from":[0.5,4.0,6.50816],"to":[15.5,6.2,9.49184],"faces":{"north":{"texture":"#o0","uv":[1.0,1.0,2.0,2.0]},"east":{"texture":"#o0","uv":[1.0,1.0,2.0,2.0]},"south":{"texture":"#o0","uv":[1.0,1.0,2.0,2.0]},"west":{"texture":"#o0","uv":[1.0,1.0,2.0,2.0]},"up":{"texture":"#o0","uv":[1.0,1.0,2.0,2.0],"rotation":90},"down":{"texture":"#o0","uv":[1.0,1.0,2.0,2.0],"rotation":270}},"rotation":{"angle":0.0,"axis":"y","origin":[8.0,4.5,8.0]},"name":"hexadecagon"},{"from":[0.5,4.0,6.50816],"to":[15.5,6.2,9.49184],"faces":{"north":{"texture":"#o0","uv":[1.0,1.0,2.0,2.0]},"east":{"texture":"#o0","uv":[1.0,1.0,2.0,2.0]},"south":{"texture":"#o0","uv":[1.0,1.0,2.0,2.0]},"west":{"texture":"#o0","uv":[1.0,1.0,2.0,2.0]},"up":{"texture":"#o0","uv":[1.0,1.0,2.0,2.0],"rotation":90},"down":{"texture":"#o0","uv":[1.0,1.0,2.0,2.0],"rotation":270}},"rotation":{"angle":22.5,"axis":"y","origin":[8.0,4.5,8.0]},"name":"hexadecagon"},{"from":[6.50816,4.0,0.5],"to":[9.49184,6.2,15.5],"faces":{"north":{"texture":"#o0","uv":[1.0,1.0,2.0,2.0]},"east":{"texture":"#o0","uv":[1.0,1.0,2.0,2.0]},"south":{"texture":"#o0","uv":[1.0,1.0,2.0,2.0]},"west":{"texture":"#o0","uv":[1.0,1.0,2.0,2.0]},"up":{"texture":"#o0","uv":[1.0,1.0,2.0,2.0]},"down":{"texture":"#o0","uv":[1.0,1.0,2.0,2.0]}},"rotation":{"angle":-45.0,"axis":"y","origin":[8.0,4.5,8.0]},"name":"hexadecagon"},{"from":[6.50816,4.0,0.5],"to":[9.49184,6.2,15.5],"faces":{"north":{"texture":"#o0","uv":[1.0,1.0,2.0,2.0]},"east":{"texture":"#o0","uv":[1.0,1.0,2.0,2.0]},"south":{"texture":"#o0","uv":[1.0,1.0,2.0,2.0]},"west":{"texture":"#o0","uv":[1.0,1.0,2.0,2.0]},"up":{"texture":"#o0","uv":[1.0,1.0,2.0,2.0],"rotation":90},"down":{"texture":"#o0","uv":[1.0,1.0,2.0,2.0],"rotation":270}},"rotation":{"angle":-22.5,"axis":"y","origin":[8.0,4.5,8.0]},"name":"hexadecagon"},{"from":[6.50816,4.0,0.5],"to":[9.49184,6.2,15.5],"faces":{"north":{"texture":"#o0","uv":[1.0,1.0,2.0,2.0]},"east":{"texture":"#o0","uv":[1.0,1.0,2.0,2.0]},"south":{"texture":"#o0","uv":[1.0,1.0,2.0,2.0]},"west":{"texture":"#o0","uv":[1.0,1.0,2.0,2.0]},"up":{"texture":"#o0","uv":[1.0,1.0,2.0,2.0],"rotation":90},"down":{"texture":"#o0","uv":[1.0,1.0,2.0,2.0],"rotation":270}},"rotation":{"angle":0.0,"axis":"y","origin":[8.0,4.5,8.0]},"name":"hexadecagon"},{"from":[6.50816,4.0,0.5],"to":[9.49184,6.2,15.5],"faces":{"north":{"texture":"#o0","uv":[1.0,1.0,2.0,2.0]},"east":{"texture":"#o0","uv":[1.0,1.0,2.0,2.0]},"south":{"texture":"#o0","uv":[1.0,1.0,2.0,2.0]},"west":{"texture":"#o0","uv":[1.0,1.0,2.0,2.0]},"up":{"texture":"#o0","uv":[1.0,1.0,2.0,2.0],"rotation":90},"down":{"texture":"#o0","uv":[1.0,1.0,2.0,2.0],"rotation":270}},"rotation":{"angle":22.5,"axis":"y","origin":[8.0,4.5,8.0]},"name":"hexadecagon"},{"from":[0.128,6.088,6.43416],"to":[15.872,10.312,9.56584],"faces":{"north":{"texture":"#o0","uv":[1.0,1.0,2.0,2.0]},"east":{"texture":"#o0","uv":[1.0,1.0,2.0,2.0]},"south":{"texture":"#o0","uv":[1.0,1.0,2.0,2.0]},"west":{"texture":"#o0","uv":[1.0,1.0,2.0,2.0]},"up":{"texture":"#o0","uv":[1.0,1.0,2.0,2.0],"rotation":90},"down":{"texture":"#o0","uv":[1.0,1.0,2.0,2.0],"rotation":270}},"rotation":{"angle":-45.0,"axis":"y","origin":[8.0,6.568,8.0]},"name":"hexadecagon"},{"from":[0.128,6.088,6.43416],"to":[15.872,10.312,9.56584],"faces":{"north":{"texture":"#o0","uv":[1.0,1.0,2.0,2.0]},"east":{"texture":"#o0","uv":[1.0,1.0,2.0,2.0]},"south":{"texture":"#o0","uv":[1.0,1.0,2.0,2.0]},"west":{"texture":"#o0","uv":[1.0,1.0,2.0,2.0]},"up":{"texture":"#o0","uv":[1.0,1.0,2.0,2.0],"rotation":90},"down":{"texture":"#o0","uv":[1.0,1.0,2.0,2.0],"rotation":270}},"rotation":{"angle":-22.5,"axis":"y","origin":[8.0,6.568,8.0]},"name":"hexadecagon"},{"from":[0.128,6.088,6.43416],"to":[15.872,10.312,9.56584],"faces":{"north":{"texture":"#o0","uv":[1.0,1.0,2.0,2.0]},"east":{"texture":"#o0","uv":[1.0,1.0,2.0,2.0]},"south":{"texture":"#o0","uv":[1.0,1.0,2.0,2.0]},"west":{"texture":"#o0","uv":[1.0,1.0,2.0,2.0]},"up":{"texture":"#o0","uv":[1.0,1.0,2.0,2.0],"rotation":90},"down":{"texture":"#o0","uv":[1.0,1.0,2.0,2.0],"rotation":270}},"rotation":{"angle":0.0,"axis":"y","origin":[8.0,6.568,8.0]},"name":"hexadecagon"},{"from":[0.128,6.088,6.43416],"to":[15.872,10.312,9.56584],"faces":{"north":{"texture":"#o0","uv":[1.0,1.0,2.0,2.0]},"east":{"texture":"#o0","uv":[1.0,1.0,2.0,2.0]},"south":{"texture":"#o0","uv":[1.0,1.0,2.0,2.0]},"west":{"texture":"#o0","uv":[1.0,1.0,2.0,2.0]},"up":{"texture":"#o0","uv":[1.0,1.0,2.0,2.0],"rotation":90},"down":{"texture":"#o0","uv":[1.0,1.0,2.0,2.0],"rotation":270}},"rotation":{"angle":22.5,"axis":"y","origin":[8.0,6.568,8.0]},"name":"hexadecagon"},{"from":[6.43416,6.088,0.128],"to":[9.56584,10.312,15.872],"faces":{"north":{"texture":"#o0","uv":[1.0,1.0,2.0,2.0]},"east":{"texture":"#o0","uv":[1.0,1.0,2.0,2.0]},"south":{"texture":"#o0","uv":[1.0,1.0,2.0,2.0]},"west":{"texture":"#o0","uv":[1.0,1.0,2.0,2.0]},"up":{"texture":"#o0","uv":[1.0,1.0,2.0,2.0]},"down":{"texture":"#o0","uv":[1.0,1.0,2.0,2.0]}},"rotation":{"angle":-45.0,"axis":"y","origin":[8.0,6.568,8.0]},"name":"hexadecagon"},{"from":[6.43416,6.088,0.128],"to":[9.56584,10.312,15.872],"faces":{"north":{"texture":"#o0","uv":[1.0,1.0,2.0,2.0]},"east":{"texture":"#o0","uv":[1.0,1.0,2.0,2.0]},"south":{"texture":"#o0","uv":[1.0,1.0,2.0,2.0]},"west":{"texture":"#o0","uv":[1.0,1.0,2.0,2.0]},"up":{"texture":"#o0","uv":[1.0,1.0,2.0,2.0],"rotation":90},"down":{"texture":"#o0","uv":[1.0,1.0,2.0,2.0],"rotation":270}},"rotation":{"angle":-22.5,"axis":"y","origin":[8.0,6.568,8.0]},"name":"hexadecagon"},{"from":[6.43416,6.088,0.128],"to":[9.56584,10.312,15.872],"faces":{"north":{"texture":"#o0","uv":[1.0,1.0,2.0,2.0]},"east":{"texture":"#o0","uv":[1.0,1.0,2.0,2.0]},"south":{"texture":"#o0","uv":[1.0,1.0,2.0,2.0]},"west":{"texture":"#o0","uv":[1.0,1.0,2.0,2.0]},"up":{"texture":"#o0","uv":[1.0,1.0,2.0,2.0],"rotation":90},"down":{"texture":"#o0","uv":[1.0,1.0,2.0,2.0],"rotation":270}},"rotation":{"angle":0.0,"axis":"y","origin":[8.0,6.568,8.0]},"name":"hexadecagon"},{"from":[6.43416,6.088,0.128],"to":[9.56584,10.312,15.872],"faces":{"north":{"texture":"#o0","uv":[1.0,1.0,2.0,2.0]},"east":{"texture":"#o0","uv":[1.0,1.0,2.0,2.0]},"south":{"texture":"#o0","uv":[1.0,1.0,2.0,2.0]},"west":{"texture":"#o0","uv":[1.0,1.0,2.0,2.0]},"up":{"texture":"#o0","uv":[1.0,1.0,2.0,2.0],"rotation":90},"down":{"texture":"#o0","uv":[1.0,1.0,2.0,2.0],"rotation":270}},"rotation":{"angle":22.5,"axis":"y","origin":[8.0,6.568,8.0]},"name":"hexadecagon"},{"from":[0.95,9.933,6.59767],"to":[15.05,10.967,9.40233],"faces":{"north":{"texture":"#o0","uv":[1.0,1.0,2.0,2.0]},"east":{"texture":"#o0","uv":[1.0,1.0,2.0,2.0]},"south":{"texture":"#o0","uv":[1.0,1.0,2.0,2.0]},"west":{"texture":"#o0","uv":[1.0,1.0,2.0,2.0]},"up":{"texture":"#o0","uv":[1.0,1.0,2.0,2.0],"rotation":90},"down":{"texture":"#o0","uv":[1.0,1.0,2.0,2.0],"rotation":270}},"rotation":{"angle":-45.0,"axis":"y","origin":[8.0,10.967,8.0]},"name":"hexadecagon"},{"from":[0.95,9.933,6.59767],"to":[15.05,10.967,9.40233],"faces":{"north":{"texture":"#o0","uv":[1.0,1.0,2.0,2.0]},"east":{"texture":"#o0","uv":[1.0,1.0,2.0,2.0]},"south":{"texture":"#o0","uv":[1.0,1.0,2.0,2.0]},"west":{"texture":"#o0","uv":[1.0,1.0,2.0,2.0]},"up":{"texture":"#o0","uv":[1.0,1.0,2.0,2.0],"rotation":90},"down":{"texture":"#o0","uv":[1.0,1.0,2.0,2.0],"rotation":270}},"rotation":{"angle":-22.5,"axis":"y","origin":[8.0,10.967,8.0]},"name":"hexadecagon"},{"from":[0.95,9.933,6.59767],"to":[15.05,10.967,9.40233],"faces":{"north":{"texture":"#o0","uv":[1.0,1.0,2.0,2.0]},"east":{"texture":"#o0","uv":[1.0,1.0,2.0,2.0]},"south":{"texture":"#o0","uv":[1.0,1.0,2.0,2.0]},"west":{"texture":"#o0","uv":[1.0,1.0,2.0,2.0]},"up":{"texture":"#o0","uv":[1.0,1.0,2.0,2.0],"rotation":90},"down":{"texture":"#o0","uv":[1.0,1.0,2.0,2.0],"rotation":270}},"rotation":{"angle":0.0,"axis":"y","origin":[8.0,10.967,8.0]},"name":"hexadecagon"},{"from":[0.95,9.933,6.59767],"to":[15.05,10.967,9.40233],"faces":{"north":{"texture":"#o0","uv":[1.0,1.0,2.0,2.0]},"east":{"texture":"#o0","uv":[1.0,1.0,2.0,2.0]},"south":{"texture":"#o0","uv":[1.0,1.0,2.0,2.0]},"west":{"texture":"#o0","uv":[1.0,1.0,2.0,2.0]},"up":{"texture":"#o0","uv":[1.0,1.0,2.0,2.0],"rotation":90},"down":{"texture":"#o0","uv":[1.0,1.0,2.0,2.0],"rotation":270}},"rotation":{"angle":22.5,"axis":"y","origin":[8.0,10.967,8.0]},"name":"hexadecagon"},{"from":[6.59767,9.933,0.95],"to":[9.40233,10.967,15.05],"faces":{"north":{"texture":"#o0","uv":[1.0,1.0,2.0,2.0]},"east":{"texture":"#o0","uv":[1.0,1.0,2.0,2.0]},"south":{"texture":"#o0","uv":[1.0,1.0,2.0,2.0]},"west":{"texture":"#o0","uv":[1.0,1.0,2.0,2.0]},"up":{"texture":"#o0","uv":[1.0,1.0,2.0,2.0]},"down":{"texture":"#o0","uv":[1.0,1.0,2.0,2.0]}},"rotation":{"angle":-45.0,"axis":"y","origin":[8.0,10.967,8.0]},"name":"hexadecagon"},{"from":[6.59767,9.933,0.95],"to":[9.40233,10.967,15.05],"faces":{"north":{"texture":"#o0","uv":[1.0,1.0,2.0,2.0]},"east":{"texture":"#o0","uv":[1.0,1.0,2.0,2.0]},"south":{"texture":"#o0","uv":[1.0,1.0,2.0,2.0]},"west":{"texture":"#o0","uv":[1.0,1.0,2.0,2.0]},"up":{"texture":"#o0","uv":[1.0,1.0,2.0,2.0],"rotation":90},"down":{"texture":"#o0","uv":[1.0,1.0,2.0,2.0],"rotation":270}},"rotation":{"angle":-22.5,"axis":"y","origin":[8.0,10.967,8.0]},"name":"hexadecagon"},{"from":[6.59767,9.933,0.95],"to":[9.40233,10.967,15.05],"faces":{"north":{"texture":"#o0","uv":[1.0,1.0,2.0,2.0]},"east":{"texture":"#o0","uv":[1.0,1.0,2.0,2.0]},"south":{"texture":"#o0","uv":[1.0,1.0,2.0,2.0]},"west":{"texture":"#o0","uv":[1.0,1.0,2.0,2.0]},"up":{"texture":"#o0","uv":[1.0,1.0,2.0,2.0],"rotation":90},"down":{"texture":"#o0","uv":[1.0,1.0,2.0,2.0],"rotation":270}},"rotation":{"angle":0.0,"axis":"y","origin":[8.0,10.967,8.0]},"name":"hexadecagon"},{"from":[6.59767,9.933,0.95],"to":[9.40233,10.967,15.05],"faces":{"north":{"texture":"#o0","uv":[1.0,1.0,2.0,2.0]},"east":{"texture":"#o0","uv":[1.0,1.0,2.0,2.0]},"south":{"texture":"#o0","uv":[1.0,1.0,2.0,2.0]},"west":{"texture":"#o0","uv":[1.0,1.0,2.0,2.0]},"up":{"texture":"#o0","uv":[1.0,1.0,2.0,2.0],"rotation":90},"down":{"texture":"#o0","uv":[1.0,1.0,2.0,2.0],"rotation":270}},"rotation":{"angle":22.5,"axis":"y","origin":[8.0,10.967,8.0]},"name":"hexadecagon"},{"from":[2.0,11.0,6.80653],"to":[14.0,12.0,9.19347],"faces":{"north":{"texture":"#o0","uv":[1.0,1.0,2.0,2.0]},"east":{"texture":"#o0","uv":[1.0,1.0,2.0,2.0]},"south":{"texture":"#o0","uv":[1.0,1.0,2.0,2.0]},"west":{"texture":"#o0","uv":[1.0,1.0,2.0,2.0]},"up":{"texture":"#o0","uv":[1.0,1.0,2.0,2.0],"rotation":90},"down":{"texture":"#o0","uv":[1.0,1.0,2.0,2.0],"rotation":270}},"rotation":{"angle":-45.0,"axis":"y","origin":[8.0,12.0,8.0]},"name":"hexadecagon"},{"from":[2.0,11.0,6.80653],"to":[14.0,12.0,9.19347],"faces":{"north":{"texture":"#o0","uv":[1.0,1.0,2.0,2.0]},"east":{"texture":"#o0","uv":[1.0,1.0,2.0,2.0]},"south":{"texture":"#o0","uv":[1.0,1.0,2.0,2.0]},"west":{"texture":"#o0","uv":[1.0,1.0,2.0,2.0]},"up":{"texture":"#o0","uv":[1.0,1.0,2.0,2.0],"rotation":90},"down":{"texture":"#o0","uv":[1.0,1.0,2.0,2.0],"rotation":270}},"rotation":{"angle":-22.5,"axis":"y","origin":[8.0,12.0,8.0]},"name":"hexadecagon"},{"from":[2.0,11.0,6.80653],"to":[14.0,12.0,9.19347],"faces":{"north":{"texture":"#o0","uv":[1.0,1.0,2.0,2.0]},"east":{"texture":"#o0","uv":[1.0,1.0,2.0,2.0]},"south":{"texture":"#o0","uv":[1.0,1.0,2.0,2.0]},"west":{"texture":"#o0","uv":[1.0,1.0,2.0,2.0]},"up":{"texture":"#o0","uv":[1.0,1.0,2.0,2.0],"rotation":90},"down":{"texture":"#o0","uv":[1.0,1.0,2.0,2.0],"rotation":270}},"rotation":{"angle":0.0,"axis":"y","origin":[8.0,12.0,8.0]},"name":"hexadecagon"},{"from":[2.0,11.0,6.80653],"to":[14.0,12.0,9.19347],"faces":{"north":{"texture":"#o0","uv":[1.0,1.0,2.0,2.0]},"east":{"texture":"#o0","uv":[1.0,1.0,2.0,2.0]},"south":{"texture":"#o0","uv":[1.0,1.0,2.0,2.0]},"west":{"texture":"#o0","uv":[1.0,1.0,2.0,2.0]},"up":{"texture":"#o0","uv":[1.0,1.0,2.0,2.0],"rotation":90},"down":{"texture":"#o0","uv":[1.0,1.0,2.0,2.0],"rotation":270}},"rotation":{"angle":22.5,"axis":"y","origin":[8.0,12.0,8.0]},"name":"hexadecagon"},{"from":[6.80653,11.0,2.0],"to":[9.19347,12.0,14.0],"faces":{"north":{"texture":"#o0","uv":[1.0,1.0,2.0,2.0]},"east":{"texture":"#o0","uv":[1.0,1.0,2.0,2.0]},"south":{"texture":"#o0","uv":[1.0,1.0,2.0,2.0]},"west":{"texture":"#o0","uv":[1.0,1.0,2.0,2.0]},"up":{"texture":"#o0","uv":[1.0,1.0,2.0,2.0]},"down":{"texture":"#o0","uv":[1.0,1.0,2.0,2.0]}},"rotation":{"angle":-45.0,"axis":"y","origin":[8.0,12.0,8.0]},"name":"hexadecagon"},{"from":[6.80653,11.0,2.0],"to":[9.19347,12.0,14.0],"faces":{"north":{"texture":"#o0","uv":[1.0,1.0,2.0,2.0]},"east":{"texture":"#o0","uv":[1.0,1.0,2.0,2.0]},"south":{"texture":"#o0","uv":[1.0,1.0,2.0,2.0]},"west":{"texture":"#o0","uv":[1.0,1.0,2.0,2.0]},"up":{"texture":"#o0","uv":[1.0,1.0,2.0,2.0],"rotation":90},"down":{"texture":"#o0","uv":[1.0,1.0,2.0,2.0],"rotation":270}},"rotation":{"angle":-22.5,"axis":"y","origin":[8.0,12.0,8.0]},"name":"hexadecagon"},{"from":[6.80653,11.0,2.0],"to":[9.19347,12.0,14.0],"faces":{"north":{"texture":"#o0","uv":[1.0,1.0,2.0,2.0]},"east":{"texture":"#o0","uv":[1.0,1.0,2.0,2.0]},"south":{"texture":"#o0","uv":[1.0,1.0,2.0,2.0]},"west":{"texture":"#o0","uv":[1.0,1.0,2.0,2.0]},"up":{"texture":"#o0","uv":[1.0,1.0,2.0,2.0],"rotation":90},"down":{"texture":"#o0","uv":[1.0,1.0,2.0,2.0],"rotation":270}},"rotation":{"angle":0.0,"axis":"y","origin":[8.0,12.0,8.0]},"name":"hexadecagon"},{"from":[6.80653,11.0,2.0],"to":[9.19347,12.0,14.0],"faces":{"north":{"texture":"#o0","uv":[1.0,1.0,2.0,2.0]},"east":{"texture":"#o0","uv":[1.0,1.0,2.0,2.0]},"south":{"texture":"#o0","uv":[1.0,1.0,2.0,2.0]},"west":{"texture":"#o0","uv":[1.0,1.0,2.0,2.0]},"up":{"texture":"#o0","uv":[1.0,1.0,2.0,2.0],"rotation":90},"down":{"texture":"#o0","uv":[1.0,1.0,2.0,2.0],"rotation":270}},"rotation":{"angle":22.5,"axis":"y","origin":[8.0,12.0,8.0]},"name":"hexadecagon"},{"from":[5.0,11.9,7.40326],"to":[11.0,13.0,8.59674],"faces":{"north":{"texture":"#o0","uv":[1.0,1.0,2.0,2.0]},"east":{"texture":"#o0","uv":[1.0,1.0,2.0,2.0]},"south":{"texture":"#o0","uv":[1.0,1.0,2.0,2.0]},"west":{"texture":"#o0","uv":[1.0,1.0,2.0,2.0]},"up":{"texture":"#o0","uv":[1.0,1.0,2.0,2.0],"rotation":90},"down":{"texture":"#o0","uv":[1.0,1.0,2.0,2.0],"rotation":270}},"rotation":{"angle":-45.0,"axis":"y","origin":[8.0,13.0,8.0]},"name":"hexadecagon"},{"from":[5.0,11.9,7.40326],"to":[11.0,13.0,8.59674],"faces":{"north":{"texture":"#o0","uv":[1.0,1.0,2.0,2.0]},"east":{"texture":"#o0","uv":[1.0,1.0,2.0,2.0]},"south":{"texture":"#o0","uv":[1.0,1.0,2.0,2.0]},"west":{"texture":"#o0","uv":[1.0,1.0,2.0,2.0]},"up":{"texture":"#o0","uv":[1.0,1.0,2.0,2.0],"rotation":90},"down":{"texture":"#o0","uv":[1.0,1.0,2.0,2.0],"rotation":270}},"rotation":{"angle":-22.5,"axis":"y","origin":[8.0,13.0,8.0]},"name":"hexadecagon"},{"from":[5.0,11.9,7.40326],"to":[11.0,13.0,8.59674],"faces":{"north":{"texture":"#o0","uv":[1.0,1.0,2.0,2.0]},"east":{"texture":"#o0","uv":[1.0,1.0,2.0,2.0]},"south":{"texture":"#o0","uv":[1.0,1.0,2.0,2.0]},"west":{"texture":"#o0","uv":[1.0,1.0,2.0,2.0]},"up":{"texture":"#o0","uv":[1.0,1.0,2.0,2.0],"rotation":90},"down":{"texture":"#o0","uv":[1.0,1.0,2.0,2.0],"rotation":270}},"rotation":{"angle":0.0,"axis":"y","origin":[8.0,13.0,8.0]},"name":"hexadecagon"},{"from":[5.0,11.9,7.40326],"to":[11.0,13.0,8.59674],"faces":{"north":{"texture":"#o0","uv":[1.0,1.0,2.0,2.0]},"east":{"texture":"#o0","uv":[1.0,1.0,2.0,2.0]},"south":{"texture":"#o0","uv":[1.0,1.0,2.0,2.0]},"west":{"texture":"#o0","uv":[1.0,1.0,2.0,2.0]},"up":{"texture":"#o0","uv":[1.0,1.0,2.0,2.0],"rotation":90},"down":{"texture":"#o0","uv":[1.0,1.0,2.0,2.0],"rotation":270}},"rotation":{"angle":22.5,"axis":"y","origin":[8.0,13.0,8.0]},"name":"hexadecagon"},{"from":[7.40326,11.9,5.0],"to":[8.59674,13.0,11.0],"faces":{"north":{"texture":"#o0","uv":[1.0,1.0,2.0,2.0]},"east":{"texture":"#o0","uv":[1.0,1.0,2.0,2.0]},"south":{"texture":"#o0","uv":[1.0,1.0,2.0,2.0]},"west":{"texture":"#o0","uv":[1.0,1.0,2.0,2.0]},"up":{"texture":"#o0","uv":[1.0,1.0,2.0,2.0]},"down":{"texture":"#o0","uv":[1.0,1.0,2.0,2.0]}},"rotation":{"angle":-45.0,"axis":"y","origin":[8.0,13.0,8.0]},"name":"hexadecagon"},{"from":[7.40326,11.9,5.0],"to":[8.59674,13.0,11.0],"faces":{"north":{"texture":"#o0","uv":[1.0,1.0,2.0,2.0]},"east":{"texture":"#o0","uv":[1.0,1.0,2.0,2.0]},"south":{"texture":"#o0","uv":[1.0,1.0,2.0,2.0]},"west":{"texture":"#o0","uv":[1.0,1.0,2.0,2.0]},"up":{"texture":"#o0","uv":[1.0,1.0,2.0,2.0],"rotation":90},"down":{"texture":"#o0","uv":[1.0,1.0,2.0,2.0],"rotation":270}},"rotation":{"angle":-22.5,"axis":"y","origin":[8.0,13.0,8.0]},"name":"hexadecagon"},{"from":[7.40326,11.9,5.0],"to":[8.59674,13.0,11.0],"faces":{"north":{"texture":"#o0","uv":[1.0,1.0,2.0,2.0]},"east":{"texture":"#o0","uv":[1.0,1.0,2.0,2.0]},"south":{"texture":"#o0","uv":[1.0,1.0,2.0,2.0]},"west":{"texture":"#o0","uv":[1.0,1.0,2.0,2.0]},"up":{"texture":"#o0","uv":[1.0,1.0,2.0,2.0],"rotation":90},"down":{"texture":"#o0","uv":[1.0,1.0,2.0,2.0],"rotation":270}},"rotation":{"angle":0.0,"axis":"y","origin":[8.0,13.0,8.0]},"name":"hexadecagon"},{"from":[7.40326,11.9,5.0],"to":[8.59674,13.0,11.0],"faces":{"north":{"texture":"#o0","uv":[1.0,1.0,2.0,2.0]},"east":{"texture":"#o0","uv":[1.0,1.0,2.0,2.0]},"south":{"texture":"#o0","uv":[1.0,1.0,2.0,2.0]},"west":{"texture":"#o0","uv":[1.0,1.0,2.0,2.0]},"up":{"texture":"#o0","uv":[1.0,1.0,2.0,2.0],"rotation":90},"down":{"texture":"#o0","uv":[1.0,1.0,2.0,2.0],"rotation":270}},"rotation":{"angle":22.5,"axis":"y","origin":[8.0,13.0,8.0]},"name":"hexadecagon"},{"from":[6.0,13.0,7.60218],"to":[10.0,17.9,8.39782],"faces":{"north":{"texture":"#o0","uv":[1.0,1.0,2.0,2.0]},"east":{"texture":"#o0","uv":[1.0,1.0,2.0,2.0]},"south":{"texture":"#o0","uv":[1.0,1.0,2.0,2.0]},"west":{"texture":"#o0","uv":[1.0,1.0,2.0,2.0]},"up":{"texture":"#o0","uv":[1.0,1.0,2.0,2.0],"rotation":90},"down":{"texture":"#o0","uv":[1.0,1.0,2.0,2.0],"rotation":270}},"rotation":{"angle":-45.0,"axis":"y","origin":[8.0,13.5,8.0]},"name":"hexadecagon"},{"from":[6.0,13.0,7.60218],"to":[10.0,17.9,8.39782],"faces":{"north":{"texture":"#o0","uv":[1.0,1.0,2.0,2.0]},"east":{"texture":"#o0","uv":[1.0,1.0,2.0,2.0]},"south":{"texture":"#o0","uv":[1.0,1.0,2.0,2.0]},"west":{"texture":"#o0","uv":[1.0,1.0,2.0,2.0]},"up":{"texture":"#o0","uv":[1.0,1.0,2.0,2.0],"rotation":90},"down":{"texture":"#o0","uv":[1.0,1.0,2.0,2.0],"rotation":270}},"rotation":{"angle":-22.5,"axis":"y","origin":[8.0,13.5,8.0]},"name":"hexadecagon"},{"from":[6.0,13.0,7.60218],"to":[10.0,17.9,8.39782],"faces":{"north":{"texture":"#o0","uv":[1.0,1.0,2.0,2.0]},"east":{"texture":"#o0","uv":[1.0,1.0,2.0,2.0]},"south":{"texture":"#o0","uv":[1.0,1.0,2.0,2.0]},"west":{"texture":"#o0","uv":[1.0,1.0,2.0,2.0]},"up":{"texture":"#o0","uv":[1.0,1.0,2.0,2.0],"rotation":90},"down":{"texture":"#o0","uv":[1.0,1.0,2.0,2.0],"rotation":270}},"rotation":{"angle":0.0,"axis":"y","origin":[8.0,13.5,8.0]},"name":"hexadecagon"},{"from":[6.0,13.0,7.60218],"to":[10.0,17.9,8.39782],"faces":{"north":{"texture":"#o0","uv":[1.0,1.0,2.0,2.0]},"east":{"texture":"#o0","uv":[1.0,1.0,2.0,2.0]},"south":{"texture":"#o0","uv":[1.0,1.0,2.0,2.0]},"west":{"texture":"#o0","uv":[1.0,1.0,2.0,2.0]},"up":{"texture":"#o0","uv":[1.0,1.0,2.0,2.0],"rotation":90},"down":{"texture":"#o0","uv":[1.0,1.0,2.0,2.0],"rotation":270}},"rotation":{"angle":22.5,"axis":"y","origin":[8.0,13.5,8.0]},"name":"hexadecagon"},{"from":[7.60218,13.0,6.0],"to":[8.39782,17.9,10.0],"faces":{"north":{"texture":"#o0","uv":[1.0,1.0,2.0,2.0]},"east":{"texture":"#o0","uv":[1.0,1.0,2.0,2.0]},"south":{"texture":"#o0","uv":[1.0,1.0,2.0,2.0]},"west":{"texture":"#o0","uv":[1.0,1.0,2.0,2.0]},"up":{"texture":"#o0","uv":[1.0,1.0,2.0,2.0]},"down":{"texture":"#o0","uv":[1.0,1.0,2.0,2.0]}},"rotation":{"angle":-45.0,"axis":"y","origin":[8.0,13.5,8.0]},"name":"hexadecagon"},{"from":[7.60218,13.0,6.0],"to":[8.39782,17.9,10.0],"faces":{"north":{"texture":"#o0","uv":[1.0,1.0,2.0,2.0]},"east":{"texture":"#o0","uv":[1.0,1.0,2.0,2.0]},"south":{"texture":"#o0","uv":[1.0,1.0,2.0,2.0]},"west":{"texture":"#o0","uv":[1.0,1.0,2.0,2.0]},"up":{"texture":"#o0","uv":[1.0,1.0,2.0,2.0],"rotation":90},"down":{"texture":"#o0","uv":[1.0,1.0,2.0,2.0],"rotation":270}},"rotation":{"angle":-22.5,"axis":"y","origin":[8.0,13.5,8.0]},"name":"hexadecagon"},{"from":[7.60218,13.0,6.0],"to":[8.39782,17.9,10.0],"faces":{"north":{"texture":"#o0","uv":[1.0,1.0,2.0,2.0]},"east":{"texture":"#o0","uv":[1.0,1.0,2.0,2.0]},"south":{"texture":"#o0","uv":[1.0,1.0,2.0,2.0]},"west":{"texture":"#o0","uv":[1.0,1.0,2.0,2.0]},"up":{"texture":"#o0","uv":[1.0,1.0,2.0,2.0],"rotation":90},"down":{"texture":"#o0","uv":[1.0,1.0,2.0,2.0],"rotation":270}},"rotation":{"angle":0.0,"axis":"y","origin":[8.0,13.5,8.0]},"name":"hexadecagon"},{"from":[7.60218,13.0,6.0],"to":[8.39782,17.9,10.0],"faces":{"north":{"texture":"#o0","uv":[1.0,1.0,2.0,2.0]},"east":{"texture":"#o0","uv":[1.0,1.0,2.0,2.0]},"south":{"texture":"#o0","uv":[1.0,1.0,2.0,2.0]},"west":{"texture":"#o0","uv":[1.0,1.0,2.0,2.0]},"up":{"texture":"#o0","uv":[1.0,1.0,2.0,2.0],"rotation":90},"down":{"texture":"#o0","uv":[1.0,1.0,2.0,2.0],"rotation":270}},"rotation":{"angle":22.5,"axis":"y","origin":[8.0,13.5,8.0]},"name":"hexadecagon"},{"from":[5.6,18.00054,10.3],"to":[10.4,18.1,10.8],"faces":{"north":{"texture":"#o0","uv":[5.0,1.0,6.0,2.0]},"east":{"texture":"#o0","uv":[5.0,1.0,6.0,2.0]},"south":{"texture":"#o0","uv":[5.0,1.0,6.0,2.0]},"west":{"texture":"#o0","uv":[5.0,1.0,6.0,2.0]},"up":{"texture":"#o0","uv":[5.0,1.0,6.0,2.0]},"down":{"texture":"#o0","uv":[5.0,1.0,6.0,2.0]}},"rotation":{"angle":-45.0,"axis":"x","origin":[6.2,18.05027,10.55]},"name":"hexadecagon"},{"from":[5.6,18.00054,10.3],"to":[10.4,18.1,10.8],"faces":{"north":{"texture":"#o0","uv":[5.0,1.0,6.0,2.0]},"east":{"texture":"#o0","uv":[5.0,1.0,6.0,2.0]},"south":{"texture":"#o0","uv":[5.0,1.0,6.0,2.0]},"west":{"texture":"#o0","uv":[5.0,1.0,6.0,2.0]},"up":{"texture":"#o0","uv":[5.0,1.0,6.0,2.0]},"down":{"texture":"#o0","uv":[5.0,1.0,6.0,2.0]}},"rotation":{"angle":-22.5,"axis":"x","origin":[6.2,18.05027,10.55]},"name":"hexadecagon"},{"from":[5.6,18.00054,10.3],"to":[10.4,18.1,10.8],"faces":{"north":{"texture":"#o0","uv":[5.0,1.0,6.0,2.0]},"east":{"texture":"#o0","uv":[5.0,1.0,6.0,2.0]},"south":{"texture":"#o0","uv":[5.0,1.0,6.0,2.0]},"west":{"texture":"#o0","uv":[5.0,1.0,6.0,2.0]},"up":{"texture":"#o0","uv":[5.0,1.0,6.0,2.0]},"down":{"texture":"#o0","uv":[5.0,1.0,6.0,2.0]}},"rotation":{"angle":0.0,"axis":"x","origin":[6.2,18.05027,10.55]},"name":"hexadecagon"},{"from":[5.6,18.00054,10.3],"to":[10.4,18.1,10.8],"faces":{"north":{"texture":"#o0","uv":[5.0,1.0,6.0,2.0]},"east":{"texture":"#o0","uv":[5.0,1.0,6.0,2.0]},"south":{"texture":"#o0","uv":[5.0,1.0,6.0,2.0]},"west":{"texture":"#o0","uv":[5.0,1.0,6.0,2.0]},"up":{"texture":"#o0","uv":[5.0,1.0,6.0,2.0]},"down":{"texture":"#o0","uv":[5.0,1.0,6.0,2.0]}},"rotation":{"angle":22.5,"axis":"x","origin":[6.2,18.05027,10.55]},"name":"hexadecagon"},{"from":[5.6,18.00054,10.3],"to":[10.4,18.1,10.8],"faces":{"north":{"texture":"#o0","uv":[5.0,1.0,6.0,2.0]},"east":{"texture":"#o0","uv":[5.0,1.0,6.0,2.0]},"south":{"texture":"#o0","uv":[5.0,1.0,6.0,2.0]},"west":{"texture":"#o0","uv":[5.0,1.0,6.0,2.0]},"up":{"texture":"#o0","uv":[5.0,1.0,6.0,2.0]},"down":{"texture":"#o0","uv":[5.0,1.0,6.0,2.0]}},"rotation":{"angle":45.0,"axis":"x","origin":[6.2,18.05027,10.55]},"name":"hexadecagon"},{"from":[5.6,17.80027,10.50027],"to":[10.4,18.30027,10.59973],"faces":{"north":{"texture":"#o0","uv":[5.0,1.0,6.0,2.0]},"east":{"texture":"#o0","uv":[5.0,1.0,6.0,2.0]},"south":{"texture":"#o0","uv":[5.0,1.0,6.0,2.0]},"west":{"texture":"#o0","uv":[5.0,1.0,6.0,2.0]},"up":{"texture":"#o0","uv":[5.0,1.0,6.0,2.0]},"down":{"texture":"#o0","uv":[5.0,1.0,6.0,2.0]}},"rotation":{"angle":-22.5,"axis":"x","origin":[6.2,18.05027,10.55]},"name":"hexadecagon"},{"from":[5.6,17.80027,10.50027],"to":[10.4,18.30027,10.59973],"faces":{"north":{"texture":"#o0","uv":[5.0,1.0,6.0,2.0]},"east":{"texture":"#o0","uv":[5.0,1.0,6.0,2.0]},"south":{"texture":"#o0","uv":[5.0,1.0,6.0,2.0]},"west":{"texture":"#o0","uv":[5.0,1.0,6.0,2.0]},"up":{"texture":"#o0","uv":[5.0,1.0,6.0,2.0]},"down":{"texture":"#o0","uv":[5.0,1.0,6.0,2.0]}},"rotation":{"angle":0.0,"axis":"x","origin":[6.2,18.05027,10.55]},"name":"hexadecagon"},{"from":[5.6,17.80027,10.50027],"to":[10.4,18.30027,10.59973],"faces":{"north":{"texture":"#o0","uv":[5.0,1.0,6.0,2.0]},"east":{"texture":"#o0","uv":[5.0,1.0,6.0,2.0]},"south":{"texture":"#o0","uv":[5.0,1.0,6.0,2.0]},"west":{"texture":"#o0","uv":[5.0,1.0,6.0,2.0]},"up":{"texture":"#o0","uv":[5.0,1.0,6.0,2.0]},"down":{"texture":"#o0","uv":[5.0,1.0,6.0,2.0]}},"rotation":{"angle":22.5,"axis":"x","origin":[6.2,18.05027,10.55]},"name":"hexadecagon"},{"from":[10.1,14.4,5.9],"to":[10.3,17.9,10.1],"faces":{"north":{"texture":"#o0","uv":[5.0,1.0,6.0,2.0]},"east":{"texture":"#o0","uv":[5.0,1.0,6.0,2.0]},"south":{"texture":"#o0","uv":[5.0,1.0,6.0,2.0]},"west":{"texture":"#o0","uv":[5.0,1.0,6.0,2.0]},"up":{"texture":"#o0","uv":[5.0,1.0,6.0,2.0]},"down":{"texture":"#o0","uv":[5.0,1.0,6.0,2.0]}},"rotation":{"angle":0.0,"axis":"z","origin":[5.8,16.7,8.0]}},{"from":[5.7,17.9,5.7],"to":[10.3,18.1,10.3],"faces":{"north":{"texture":"#o0","uv":[9.0,1.0,10.0,2.0]},"east":{"texture":"#o0","uv":[9.0,1.0,10.0,2.0]},"south":{"texture":"#o0","uv":[9.0,1.0,10.0,2.0]},"west":{"texture":"#o0","uv":[9.0,1.0,10.0,2.0]},"up":{"texture":"#o0","uv":[9.0,1.0,10.0,2.0]},"down":{"texture":"#o0","uv":[9.0,1.0,10.0,2.0]}},"rotation":{"angle":0.0,"axis":"y","origin":[0.0,-1.1,0.0]}},{"from":[5.7,16.70294,4.04437],"to":[10.3,18.70294,4.24437],"faces":{"north":{"texture":"#o0","uv":[9.0,1.0,10.0,2.0],"rotation":270},"east":{"texture":"#o0","uv":[9.0,1.0,10.0,2.0],"rotation":270},"south":{"texture":"#o0","uv":[9.0,1.0,10.0,2.0],"rotation":270},"west":{"texture":"#o0","uv":[9.0,1.0,10.0,2.0],"rotation":270},"up":{"texture":"#o0","uv":[9.0,1.0,10.0,2.0],"rotation":270},"down":{"texture":"#o0","uv":[9.0,1.0,10.0,2.0],"rotation":270}},"rotation":{"angle":45.0,"axis":"x","origin":[8.0,16.40294,4.14437]}},{"from":[5.7,12.52608,0.69035],"to":[10.3,14.52608,0.89035],"faces":{"north":{"texture":"#o0","uv":[9.0,1.0,10.0,2.0],"rotation":270},"east":{"texture":"#o0","uv":[9.0,1.0,10.0,2.0],"rotation":270},"south":{"texture":"#o0","uv":[9.0,1.0,10.0,2.0],"rotation":270},"west":{"texture":"#o0","uv":[9.0,1.0,10.0,2.0],"rotation":270},"up":{"texture":"#o0","uv":[9.0,1.0,10.0,2.0],"rotation":270},"down":{"texture":"#o0","uv":[9.0,1.0,10.0,2.0],"rotation":270}},"rotation":{"angle":45.0,"axis":"x","origin":[8.0,12.22608,0.79035]}},{"from":[5.7,14.61451,2.36736],"to":[10.3,16.61451,2.56736],"faces":{"north":{"texture":"#o0","uv":[9.0,1.0,10.0,2.0],"rotation":270},"east":{"texture":"#o0","uv":[9.0,1.0,10.0,2.0],"rotation":270},"south":{"texture":"#o0","uv":[9.0,1.0,10.0,2.0],"rotation":270},"west":{"texture":"#o0","uv":[9.0,1.0,10.0,2.0],"rotation":270},"up":{"texture":"#o0","uv":[9.0,1.0,10.0,2.0],"rotation":270},"down":{"texture":"#o0","uv":[9.0,1.0,10.0,2.0],"rotation":270}},"rotation":{"angle":45.0,"axis":"x","origin":[8.0,14.31451,2.46736]}},{"from":[5.7,10.43765,-0.98665],"to":[10.3,12.43765,-0.78665],"faces":{"north":{"texture":"#o0","uv":[9.0,1.0,10.0,2.0],"rotation":270},"east":{"texture":"#o0","uv":[9.0,1.0,10.0,2.0],"rotation":270},"south":{"texture":"#o0","uv":[9.0,1.0,10.0,2.0],"rotation":270},"west":{"texture":"#o0","uv":[9.0,1.0,10.0,2.0],"rotation":270},"up":{"texture":"#o0","uv":[9.0,1.0,10.0,2.0],"rotation":270},"down":{"texture":"#o0","uv":[9.0,1.0,10.0,2.0],"rotation":270}},"rotation":{"angle":45.0,"axis":"x","origin":[8.0,10.13765,-0.88665]}},{"from":[5.7,15.83991,4.31644],"to":[10.3,16.63991,4.51644],"faces":{"north":{"texture":"#o0","uv":[9.0,1.0,10.0,2.0],"rotation":270},"east":{"texture":"#o0","uv":[9.0,1.0,10.0,2.0],"rotation":270},"south":{"texture":"#o0","uv":[9.0,1.0,10.0,2.0],"rotation":270},"west":{"texture":"#o0","uv":[9.0,1.0,10.0,2.0],"rotation":270},"up":{"texture":"#o0","uv":[9.0,1.0,10.0,2.0],"rotation":270},"down":{"texture":"#o0","uv":[9.0,1.0,10.0,2.0],"rotation":270}},"rotation":{"angle":22.5,"axis":"x","origin":[8.0,16.73991,4.41644]}},{"from":[5.7,11.66304,0.96243],"to":[10.3,12.46304,1.16243],"faces":{"north":{"texture":"#o0","uv":[9.0,1.0,10.0,2.0],"rotation":270},"east":{"texture":"#o0","uv":[9.0,1.0,10.0,2.0],"rotation":270},"south":{"texture":"#o0","uv":[9.0,1.0,10.0,2.0],"rotation":270},"west":{"texture":"#o0","uv":[9.0,1.0,10.0,2.0],"rotation":270},"up":{"texture":"#o0","uv":[9.0,1.0,10.0,2.0],"rotation":270},"down":{"texture":"#o0","uv":[9.0,1.0,10.0,2.0],"rotation":270}},"rotation":{"angle":22.5,"axis":"x","origin":[8.0,12.56304,1.06243]}},{"from":[5.7,13.75147,2.63944],"to":[10.3,14.55147,2.83944],"faces":{"north":{"texture":"#o0","uv":[9.0,1.0,10.0,2.0],"rotation":270},"east":{"texture":"#o0","uv":[9.0,1.0,10.0,2.0],"rotation":270},"south":{"texture":"#o0","uv":[9.0,1.0,10.0,2.0],"rotation":270},"west":{"texture":"#o0","uv":[9.0,1.0,10.0,2.0],"rotation":270},"up":{"texture":"#o0","uv":[9.0,1.0,10.0,2.0],"rotation":270},"down":{"texture":"#o0","uv":[9.0,1.0,10.0,2.0],"rotation":270}},"rotation":{"angle":22.5,"axis":"x","origin":[8.0,14.65147,2.73944]}},{"from":[5.7,9.57461,-0.71457],"to":[10.3,10.37461,-0.51457],"faces":{"north":{"texture":"#o0","uv":[9.0,1.0,10.0,2.0],"rotation":270},"east":{"texture":"#o0","uv":[9.0,1.0,10.0,2.0],"rotation":270},"south":{"texture":"#o0","uv":[9.0,1.0,10.0,2.0],"rotation":270},"west":{"texture":"#o0","uv":[9.0,1.0,10.0,2.0],"rotation":270},"up":{"texture":"#o0","uv":[9.0,1.0,10.0,2.0],"rotation":270},"down":{"texture":"#o0","uv":[9.0,1.0,10.0,2.0],"rotation":270}},"rotation":{"angle":22.5,"axis":"x","origin":[8.0,10.47461,-0.61457]}},{"from":[5.7,0.88139,-1.05138],"to":[10.3,9.68139,-0.85138],"faces":{"north":{"texture":"#o0","uv":[9.0,1.0,10.0,2.0],"rotation":270},"east":{"texture":"#o0","uv":[9.0,1.0,10.0,2.0],"rotation":270},"south":{"texture":"#o0","uv":[9.0,1.0,10.0,2.0],"rotation":270},"west":{"texture":"#o0","uv":[9.0,1.0,10.0,2.0],"rotation":270},"up":{"texture":"#o0","uv":[9.0,1.0,10.0,2.0],"rotation":270},"down":{"texture":"#o0","uv":[9.0,1.0,10.0,2.0],"rotation":270}},"rotation":{"angle":0.0,"axis":"x","origin":[8.0,9.78139,-0.95138]}},{"from":[5.7,0.88139,-0.85138],"to":[10.3,1.08139,-0.35138],"faces":{"north":{"texture":"#o0","uv":[9.0,1.0,10.0,2.0],"rotation":270},"east":{"texture":"#o0","uv":[9.0,1.0,10.0,2.0],"rotation":270},"south":{"texture":"#o0","uv":[9.0,1.0,10.0,2.0],"rotation":270},"west":{"texture":"#o0","uv":[9.0,1.0,10.0,2.0],"rotation":270},"up":{"texture":"#o0","uv":[9.0,1.0,10.0,2.0],"rotation":270},"down":{"texture":"#o0","uv":[9.0,1.0,10.0,2.0],"rotation":270}},"rotation":{"angle":0.0,"axis":"x","origin":[8.0,9.78139,-0.95138]}},{"from":[5.7,14.4,10.1],"to":[10.3,17.9,10.3],"faces":{"north":{"texture":"#o0","uv":[5.0,1.0,6.0,2.0]},"east":{"texture":"#o0","uv":[5.0,1.0,6.0,2.0]},"south":{"texture":"#o0","uv":[5.0,1.0,6.0,2.0]},"west":{"texture":"#o0","uv":[5.0,1.0,6.0,2.0]},"up":{"texture":"#o0","uv":[5.0,1.0,6.0,2.0]},"down":{"texture":"#o0","uv":[5.0,1.0,6.0,2.0]}},"rotation":{"angle":0.0,"axis":"x","origin":[8.0,16.85,10.4]}},{"from":[6.0,16.6,9.42],"to":[10.0,17.9,9.9],"faces":{"north":{"texture":"#o0","uv":[5.0,1.0,6.0,2.0]},"east":{"texture":"#o0","uv":[5.0,1.0,6.0,2.0]},"south":{"texture":"#o0","uv":[5.0,1.0,6.0,2.0]},"west":{"texture":"#o0","uv":[5.0,1.0,6.0,2.0]},"up":{"texture":"#o0","uv":[5.0,1.0,6.0,2.0]},"down":{"texture":"#o0","uv":[5.0,1.0,6.0,2.0]}},"rotation":{"angle":22.5,"axis":"x","origin":[8.0,15.75,10.4]}},{"from":[5.7,14.4,5.7],"to":[10.3,17.9,5.9],"faces":{"north":{"texture":"#o0","uv":[5.0,1.0,6.0,2.0]},"east":{"texture":"#o0","uv":[5.0,1.0,6.0,2.0]},"south":{"texture":"#o0","uv":[5.0,1.0,6.0,2.0]},"west":{"texture":"#o0","uv":[5.0,1.0,6.0,2.0]},"up":{"texture":"#o0","uv":[5.0,1.0,6.0,2.0]},"down":{"texture":"#o0","uv":[5.0,1.0,6.0,2.0]}},"rotation":{"angle":0.0,"axis":"x","origin":[8.0,16.85,10.4]}},{"from":[5.7,14.4,5.9],"to":[5.9,17.9,10.1],"faces":{"north":{"texture":"#o0","uv":[5.0,1.0,6.0,2.0]},"east":{"texture":"#o0","uv":[5.0,1.0,6.0,2.0]},"south":{"texture":"#o0","uv":[5.0,1.0,6.0,2.0]},"west":{"texture":"#o0","uv":[5.0,1.0,6.0,2.0]},"up":{"texture":"#o0","uv":[5.0,1.0,6.0,2.0]},"down":{"texture":"#o0","uv":[5.0,1.0,6.0,2.0]}},"rotation":{"angle":0.0,"axis":"z","origin":[5.8,16.7,8.0]}},{"from":[10.4,17.70163,5.9],"to":[10.5,18.29837,6.0],"faces":{"north":{"texture":"#o0","uv":[13.0,1.0,14.0,2.0]},"east":{"texture":"#o0","uv":[13.0,1.0,14.0,2.0]},"south":{"texture":"#o0","uv":[13.0,1.0,14.0,2.0]},"west":{"texture":"#o0","uv":[13.0,1.0,14.0,2.0]},"up":{"texture":"#o0","uv":[13.0,1.0,14.0,2.0]},"down":{"texture":"#o0","uv":[13.0,1.0,14.0,2.0]}},"rotation":{"angle":-45.0,"axis":"x","origin":[10.9,18.0,7.4]},"name":"hexadecagon"},{"from":[10.4,17.70163,5.9],"to":[10.5,18.29837,6.0],"faces":{"north":{"texture":"#o0","uv":[13.0,1.0,14.0,2.0]},"east":{"texture":"#o0","uv":[13.0,1.0,14.0,2.0]},"south":{"texture":"#o0","uv":[13.0,1.0,14.0,2.0]},"west":{"texture":"#o0","uv":[13.0,1.0,14.0,2.0]},"up":{"texture":"#o0","uv":[13.0,1.0,14.0,2.0]},"down":{"texture":"#o0","uv":[13.0,1.0,14.0,2.0]}},"rotation":{"angle":-22.5,"axis":"x","origin":[10.9,18.0,7.4]},"name":"hexadecagon"},{"from":[10.4,17.70163,5.9],"to":[10.5,18.29837,6.0],"faces":{"north":{"texture":"#o0","uv":[13.0,1.0,14.0,2.0]},"east":{"texture":"#o0","uv":[13.0,1.0,14.0,2.0]},"south":{"texture":"#o0","uv":[13.0,1.0,14.0,2.0]},"west":{"texture":"#o0","uv":[13.0,1.0,14.0,2.0]},"up":{"texture":"#o0","uv":[13.0,1.0,14.0,2.0]},"down":{"texture":"#o0","uv":[13.0,1.0,14.0,2.0]}},"rotation":{"angle":0.0,"axis":"x","origin":[10.9,18.0,7.4]},"name":"hexadecagon"},{"from":[10.3,17.90163,6.0],"to":[10.6,17.99837,6.1],"faces":{"north":{"texture":"#o0","uv":[13.0,1.0,14.0,2.0]},"east":{"texture":"#o0","uv":[13.0,1.0,14.0,2.0]},"south":{"texture":"#o0","uv":[13.0,1.0,14.0,2.0]},"west":{"texture":"#o0","uv":[13.0,1.0,14.0,2.0]},"up":{"texture":"#o0","uv":[13.0,1.0,14.0,2.0]},"down":{"texture":"#o0","uv":[13.0,1.0,14.0,2.0]}},"rotation":{"angle":0.0,"axis":"x","origin":[10.9,18.0,7.4]},"name":"hexadecagon"},{"from":[10.3,17.90163,5.8],"to":[10.6,17.99837,5.9],"faces":{"north":{"texture":"#o0","uv":[13.0,1.0,14.0,2.0]},"east":{"texture":"#o0","uv":[13.0,1.0,14.0,2.0]},"south":{"texture":"#o0","uv":[13.0,1.0,14.0,2.0]},"west":{"texture":"#o0","uv":[13.0,1.0,14.0,2.0]},"up":{"texture":"#o0","uv":[13.0,1.0,14.0,2.0]},"down":{"texture":"#o0","uv":[13.0,1.0,14.0,2.0]}},"rotation":{"angle":0.0,"axis":"x","origin":[10.9,18.0,7.4]},"name":"hexadecagon"},{"from":[10.5,17.90163,5.9],"to":[10.6,17.99837,6.0],"faces":{"north":{"texture":"#o0","uv":[13.0,1.0,14.0,2.0]},"east":{"texture":"#o0","uv":[13.0,1.0,14.0,2.0]},"south":{"texture":"#o0","uv":[13.0,1.0,14.0,2.0]},"west":{"texture":"#o0","uv":[13.0,1.0,14.0,2.0]},"up":{"texture":"#o0","uv":[13.0,1.0,14.0,2.0]},"down":{"texture":"#o0","uv":[13.0,1.0,14.0,2.0]}},"rotation":{"angle":0.0,"axis":"x","origin":[10.9,18.0,7.4]},"name":"hexadecagon"},{"from":[10.4,17.70163,5.9],"to":[10.5,18.29837,6.0],"faces":{"north":{"texture":"#o0","uv":[13.0,1.0,14.0,2.0]},"east":{"texture":"#o0","uv":[13.0,1.0,14.0,2.0]},"south":{"texture":"#o0","uv":[13.0,1.0,14.0,2.0]},"west":{"texture":"#o0","uv":[13.0,1.0,14.0,2.0]},"up":{"texture":"#o0","uv":[13.0,1.0,14.0,2.0]},"down":{"texture":"#o0","uv":[13.0,1.0,14.0,2.0]}},"rotation":{"angle":22.5,"axis":"x","origin":[10.9,18.0,7.4]},"name":"hexadecagon"},{"from":[10.4,17.70163,5.9],"to":[10.5,18.29837,6.0],"faces":{"north":{"texture":"#o0","uv":[13.0,1.0,14.0,2.0]},"east":{"texture":"#o0","uv":[13.0,1.0,14.0,2.0]},"south":{"texture":"#o0","uv":[13.0,1.0,14.0,2.0]},"west":{"texture":"#o0","uv":[13.0,1.0,14.0,2.0]},"up":{"texture":"#o0","uv":[13.0,1.0,14.0,2.0]},"down":{"texture":"#o0","uv":[13.0,1.0,14.0,2.0]}},"rotation":{"angle":45.0,"axis":"x","origin":[10.9,18.0,7.4]},"name":"hexadecagon"},{"from":[10.4,17.70163,8.8],"to":[10.5,18.29837,8.9],"faces":{"north":{"texture":"#o0","uv":[13.0,1.0,14.0,2.0]},"east":{"texture":"#o0","uv":[13.0,1.0,14.0,2.0]},"south":{"texture":"#o0","uv":[13.0,1.0,14.0,2.0]},"west":{"texture":"#o0","uv":[13.0,1.0,14.0,2.0]},"up":{"texture":"#o0","uv":[13.0,1.0,14.0,2.0]},"down":{"texture":"#o0","uv":[13.0,1.0,14.0,2.0]}},"rotation":{"angle":-45.0,"axis":"x","origin":[10.9,18.0,7.4]},"name":"hexadecagon"},{"from":[10.4,17.70163,8.8],"to":[10.5,18.29837,8.9],"faces":{"north":{"texture":"#o0","uv":[13.0,1.0,14.0,2.0]},"east":{"texture":"#o0","uv":[13.0,1.0,14.0,2.0]},"south":{"texture":"#o0","uv":[13.0,1.0,14.0,2.0]},"west":{"texture":"#o0","uv":[13.0,1.0,14.0,2.0]},"up":{"texture":"#o0","uv":[13.0,1.0,14.0,2.0]},"down":{"texture":"#o0","uv":[13.0,1.0,14.0,2.0]}},"rotation":{"angle":-22.5,"axis":"x","origin":[10.9,18.0,7.4]},"name":"hexadecagon"},{"from":[10.4,17.70163,8.8],"to":[10.5,18.29837,8.9],"faces":{"north":{"texture":"#o0","uv":[13.0,1.0,14.0,2.0]},"east":{"texture":"#o0","uv":[13.0,1.0,14.0,2.0]},"south":{"texture":"#o0","uv":[13.0,1.0,14.0,2.0]},"west":{"texture":"#o0","uv":[13.0,1.0,14.0,2.0]},"up":{"texture":"#o0","uv":[13.0,1.0,14.0,2.0]},"down":{"texture":"#o0","uv":[13.0,1.0,14.0,2.0]}},"rotation":{"angle":0.0,"axis":"x","origin":[10.9,18.0,7.4]},"name":"hexadecagon"},{"from":[10.4,17.70163,8.8],"to":[10.5,18.29837,8.9],"faces":{"north":{"texture":"#o0","uv":[13.0,1.0,14.0,2.0]},"east":{"texture":"#o0","uv":[13.0,1.0,14.0,2.0]},"south":{"texture":"#o0","uv":[13.0,1.0,14.0,2.0]},"west":{"texture":"#o0","uv":[13.0,1.0,14.0,2.0]},"up":{"texture":"#o0","uv":[13.0,1.0,14.0,2.0]},"down":{"texture":"#o0","uv":[13.0,1.0,14.0,2.0]}},"rotation":{"angle":22.5,"axis":"x","origin":[10.9,18.0,7.4]},"name":"hexadecagon"},{"from":[10.4,17.70163,8.8],"to":[10.5,18.29837,8.9],"faces":{"north":{"texture":"#o0","uv":[13.0,1.0,14.0,2.0]},"east":{"texture":"#o0","uv":[13.0,1.0,14.0,2.0]},"south":{"texture":"#o0","uv":[13.0,1.0,14.0,2.0]},"west":{"texture":"#o0","uv":[13.0,1.0,14.0,2.0]},"up":{"texture":"#o0","uv":[13.0,1.0,14.0,2.0]},"down":{"texture":"#o0","uv":[13.0,1.0,14.0,2.0]}},"rotation":{"angle":45.0,"axis":"x","origin":[10.9,18.0,7.4]},"name":"hexadecagon"},{"from":[10.4,16.5,7.10163],"to":[10.5,16.6,7.69837],"faces":{"north":{"texture":"#o0","uv":[13.0,1.0,14.0,2.0]},"east":{"texture":"#o0","uv":[13.0,1.0,14.0,2.0]},"south":{"texture":"#o0","uv":[13.0,1.0,14.0,2.0]},"west":{"texture":"#o0","uv":[13.0,1.0,14.0,2.0]},"up":{"texture":"#o0","uv":[13.0,1.0,14.0,2.0]},"down":{"texture":"#o0","uv":[13.0,1.0,14.0,2.0]}},"rotation":{"angle":-22.5,"axis":"x","origin":[10.9,18.0,7.4]},"name":"hexadecagon"},{"from":[10.4,16.5,7.10163],"to":[10.5,16.6,7.69837],"faces":{"north":{"texture":"#o0","uv":[13.0,1.0,14.0,2.0]},"east":{"texture":"#o0","uv":[13.0,1.0,14.0,2.0]},"south":{"texture":"#o0","uv":[13.0,1.0,14.0,2.0]},"west":{"texture":"#o0","uv":[13.0,1.0,14.0,2.0]},"up":{"texture":"#o0","uv":[13.0,1.0,14.0,2.0]},"down":{"texture":"#o0","uv":[13.0,1.0,14.0,2.0]}},"rotation":{"angle":0.0,"axis":"x","origin":[10.9,18.0,7.4]},"name":"hexadecagon"},{"from":[10.4,16.5,7.10163],"to":[10.5,16.6,7.69837],"faces":{"north":{"texture":"#o0","uv":[13.0,1.0,14.0,2.0]},"east":{"texture":"#o0","uv":[13.0,1.0,14.0,2.0]},"south":{"texture":"#o0","uv":[13.0,1.0,14.0,2.0]},"west":{"texture":"#o0","uv":[13.0,1.0,14.0,2.0]},"up":{"texture":"#o0","uv":[13.0,1.0,14.0,2.0]},"down":{"texture":"#o0","uv":[13.0,1.0,14.0,2.0]}},"rotation":{"angle":22.5,"axis":"x","origin":[10.9,18.0,7.4]},"name":"hexadecagon"},{"from":[10.4,19.4,7.10163],"to":[10.5,19.5,7.69837],"faces":{"north":{"texture":"#o0","uv":[13.0,1.0,14.0,2.0]},"east":{"texture":"#o0","uv":[13.0,1.0,14.0,2.0]},"south":{"texture":"#o0","uv":[13.0,1.0,14.0,2.0]},"west":{"texture":"#o0","uv":[13.0,1.0,14.0,2.0]},"up":{"texture":"#o0","uv":[13.0,1.0,14.0,2.0]},"down":{"texture":"#o0","uv":[13.0,1.0,14.0,2.0]}},"rotation":{"angle":-22.5,"axis":"x","origin":[10.9,18.0,7.4]},"name":"hexadecagon"},{"from":[10.4,19.4,7.10163],"to":[10.5,19.5,7.69837],"faces":{"north":{"texture":"#o0","uv":[13.0,1.0,14.0,2.0]},"east":{"texture":"#o0","uv":[13.0,1.0,14.0,2.0]},"south":{"texture":"#o0","uv":[13.0,1.0,14.0,2.0]},"west":{"texture":"#o0","uv":[13.0,1.0,14.0,2.0]},"up":{"texture":"#o0","uv":[13.0,1.0,14.0,2.0]},"down":{"texture":"#o0","uv":[13.0,1.0,14.0,2.0]}},"rotation":{"angle":0.0,"axis":"x","origin":[10.9,18.0,7.4]},"name":"hexadecagon"},{"from":[10.4,19.4,7.10163],"to":[10.5,19.5,7.69837],"faces":{"north":{"texture":"#o0","uv":[13.0,1.0,14.0,2.0]},"east":{"texture":"#o0","uv":[13.0,1.0,14.0,2.0]},"south":{"texture":"#o0","uv":[13.0,1.0,14.0,2.0]},"west":{"texture":"#o0","uv":[13.0,1.0,14.0,2.0]},"up":{"texture":"#o0","uv":[13.0,1.0,14.0,2.0]},"down":{"texture":"#o0","uv":[13.0,1.0,14.0,2.0]}},"rotation":{"angle":22.5,"axis":"x","origin":[10.9,18.0,7.4]},"name":"hexadecagon"}],"textures":{"o0":"raincoat:generated/42","o1":"raincoat:generated/42"},"gui_light":"front","display":{"thirdperson_lefthand":{"translation":[0.0,1.0,1.0],"scale":[0.1,0.1,0.1]},"thirdperson_righthand":{"translation":[0.0,1.0,1.0],"scale":[0.1,0.1,0.1]},"firstperson_lefthand":{"rotation":[0.0,-133.0,0.0],"translation":[-1.25,2.0,1.0],"scale":[0.3,0.3,0.3]},"firstperson_righthand":{"rotation":[0.0,-133.0,0.0],"translation":[-1.25,13.1,1.0],"scale":[0.3,0.3,0.3]},"head":{"translation":[0.0,-41.0,0.0],"scale":[0.3,0.3,0.3]},"gui":{"rotation":[20.0,-60.0,0.0],"translation":[-0.25,-0.75,-1.25],"scale":[0.7,0.7,0.7]},"ground":{"scale":[0.3,0.3,0.3]},"fixed":{"rotation":[0.0,90.0,0.0],"translation":[0.0,0.0,-1.25],"scale":[0.5,0.5,0.5]}},"credit":"Made with Blockbench by patch0010","groups":[{"name":"sphere","origin":[8.0,8.0,8.0],"color":0,"children":[{"name":"hexadecagon","origin":[8.0,8.0,8.0],"color":0,"children":[0,1,2,3,4,5,6,7]},{"name":"hexadecagon","origin":[8.0,8.0,8.0],"color":0,"children":[8,9,10,11,12,13,14,15]},{"name":"hexadecagon","origin":[8.0,8.0,8.0],"color":0,"children":[16,17,18,19,20,21,22,23]},{"name":"hexadecagon","origin":[8.0,8.0,8.0],"color":0,"children":[24,25,26,27,28,29,30,31]},{"name":"hexadecagon","origin":[8.0,8.0,8.0],"color":0,"children":[32,33,34,35,36,37,38,39]},{"name":"hexadecagon","origin":[8.0,8.0,8.0],"color":0,"children":[40,41,42,43,44,45,46,47]},{"name":"hexadecagon","origin":[8.0,8.0,8.0],"color":0,"children":[48,49,50,51,52,53,54,55]},{"name":"hexadecagon","origin":[8.0,8.0,8.0],"color":0,"children":[56,57,58,59,60,61,62,63]},{"name":"hexadecagon","origin":[8.0,8.0,8.0],"color":0,"children":[64,65,66,67,68,69,70,71]},{"name":"hexadecagon","origin":[8.0,8.0,8.0],"color":0,"children":[72,73,74,75,76,77,78,79]},{"name":"hexadecagon","origin":[8.0,8.0,8.0],"color":0,"children":[80,81,82,83,84,85,86,87]},88,89,90,91,92,93,94,95,96,97,98,99,100,101,102,103,{"name":"hexadecagon","origin":[8.0,8.0,8.0],"color":0,"children":[104,105,106,107,108,109,110,111,112,113,114,115,116,117,118,119,120,121,122]}]}]}