{"parent":"raincoat:generated/3e8005ce6704a0069a38a9ee0c3adf135eba9043","display":{"thirdperson_lefthand":{"scale":[0.0,0.0,0.0]},"thirdperson_righthand":{"scale":[0.0,0.0,0.0]},"firstperson_lefthand":{"scale":[0.0,0.0,0.0]},"firstperson_righthand":{"rotation":[0.0,160.0,0.0],"translation":[-15.0,9.6,0.5]},"gui":{"rotation":[0.0,-180.0,0.0],"scale":[0.33333334,0.33333334,0.33333334]},"ground":{"rotation":[90.0,0.0,0.0],"translation":[2.5,0.0,-0.75],"scale":[0.8,0.8,0.8]},"fixed":{"rotation":[0.0,0.0,45.0],"translation":[0.25,0.75,0.0],"scale":[0.6,0.6,0.6]}}}