{"credit":"Made with Blockbench by patch0010","textures":{"o0":"generated/40","o1":"generated/40"},"elements":[{"name":"hexadecagon","from":[7.40326,13.62075,5.0],"to":[8.59674,14.52075,11.0],"rotation":{"angle":-45.0,"axis":"y","origin":[8.0,14.12075,8.0]},"faces":{"north":{"uv":[13.0,1.0,14.0,2.0],"texture":"#o0"},"south":{"uv":[13.0,1.0,14.0,2.0],"texture":"#o0"},"up":{"uv":[13.0,1.0,14.0,2.0],"texture":"#o0"}}},{"name":"hexadecagon","from":[7.40326,13.62075,5.0],"to":[8.59674,14.52075,11.0],"rotation":{"angle":-22.5,"axis":"y","origin":[8.0,14.12075,8.0]},"faces":{"north":{"uv":[13.0,1.0,14.0,2.0],"texture":"#o0"},"south":{"uv":[13.0,1.0,14.0,2.0],"texture":"#o0"},"up":{"uv":[13.0,1.0,14.0,2.0],"texture":"#o0"}}},{"name":"hexadecagon","from":[7.40326,13.62075,5.0],"to":[8.59674,14.52075,11.0],"rotation":{"angle":0.0,"axis":"y","origin":[8.0,14.12075,8.0]},"faces":{"north":{"uv":[13.0,1.0,14.0,2.0],"texture":"#o0"},"south":{"uv":[13.0,1.0,14.0,2.0],"texture":"#o0"},"up":{"uv":[13.0,1.0,14.0,2.0],"texture":"#o0"}}},{"name":"hexadecagon","from":[7.40326,13.62075,5.0],"to":[8.59674,14.52075,11.0],"rotation":{"angle":22.5,"axis":"y","origin":[8.0,14.12075,8.0]},"faces":{"north":{"uv":[13.0,1.0,14.0,2.0],"texture":"#o0"},"south":{"uv":[13.0,1.0,14.0,2.0],"texture":"#o0"},"up":{"uv":[13.0,1.0,14.0,2.0],"texture":"#o0"}}},{"name":"hexadecagon","from":[7.40326,13.62075,5.0],"to":[8.59674,14.52075,11.0],"rotation":{"angle":45.0,"axis":"y","origin":[8.0,14.12075,8.0]},"faces":{"north":{"uv":[13.0,1.0,14.0,2.0],"texture":"#o0"},"south":{"uv":[13.0,1.0,14.0,2.0],"texture":"#o0"},"up":{"uv":[13.0,1.0,14.0,2.0],"texture":"#o0"}}},{"name":"hexadecagon","from":[5.0,13.62075,7.40326],"to":[11.0,14.52075,8.59674],"rotation":{"angle":-22.5,"axis":"y","origin":[8.0,14.12075,8.0]},"faces":{"east":{"uv":[13.0,1.0,14.0,2.0],"texture":"#o0"},"west":{"uv":[13.0,1.0,14.0,2.0],"texture":"#o0"},"up":{"uv":[13.0,1.0,14.0,2.0],"texture":"#o0"}}},{"name":"hexadecagon","from":[5.0,13.62075,7.40326],"to":[11.0,14.52075,8.59674],"rotation":{"angle":0.0,"axis":"y","origin":[8.0,14.12075,8.0]},"faces":{"east":{"uv":[13.0,1.0,14.0,2.0],"texture":"#o0"},"west":{"uv":[13.0,1.0,14.0,2.0],"texture":"#o0"},"up":{"uv":[13.0,1.0,14.0,2.0],"texture":"#o0"}}},{"name":"hexadecagon","from":[5.0,13.62075,7.40326],"to":[11.0,14.52075,8.59674],"rotation":{"angle":22.5,"axis":"y","origin":[8.0,14.12075,8.0]},"faces":{"east":{"uv":[13.0,1.0,14.0,2.0],"texture":"#o0"},"west":{"uv":[13.0,1.0,14.0,2.0],"texture":"#o0"},"up":{"uv":[13.0,1.0,14.0,2.0],"texture":"#o0"}}},{"name":"hexadecagon","from":[6.35897,12.62075,-0.25],"to":[9.64103,13.62075,16.25],"rotation":{"angle":-45.0,"axis":"y","origin":[8.0,13.12075,8.0]},"faces":{"north":{"uv":[9.0,1.0,10.0,2.0],"texture":"#o0"},"south":{"uv":[9.0,1.0,10.0,2.0],"texture":"#o0"},"up":{"uv":[9.0,1.0,10.0,2.0],"texture":"#o0"},"down":{"uv":[9.0,1.0,10.0,2.0],"texture":"#o0"}}},{"name":"hexadecagon","from":[6.35897,12.62075,-0.25],"to":[9.64103,13.62075,16.25],"rotation":{"angle":-22.5,"axis":"y","origin":[8.0,13.12075,8.0]},"faces":{"north":{"uv":[9.0,1.0,10.0,2.0],"texture":"#o0"},"south":{"uv":[9.0,1.0,10.0,2.0],"texture":"#o0"},"up":{"uv":[9.0,1.0,10.0,2.0],"texture":"#o0"},"down":{"uv":[9.0,1.0,10.0,2.0],"texture":"#o0"}}},{"name":"hexadecagon","from":[6.35897,12.62075,-0.25],"to":[9.64103,13.62075,16.25],"rotation":{"angle":0.0,"axis":"y","origin":[8.0,13.12075,8.0]},"faces":{"north":{"uv":[9.0,1.0,10.0,2.0],"texture":"#o0"},"south":{"uv":[9.0,1.0,10.0,2.0],"texture":"#o0"},"up":{"uv":[9.0,1.0,10.0,2.0],"texture":"#o0"},"down":{"uv":[9.0,1.0,10.0,2.0],"texture":"#o0"}}},{"name":"hexadecagon","from":[6.35897,12.62075,-0.25],"to":[9.64103,13.62075,16.25],"rotation":{"angle":22.5,"axis":"y","origin":[8.0,13.12075,8.0]},"faces":{"north":{"uv":[9.0,1.0,10.0,2.0],"texture":"#o0"},"south":{"uv":[9.0,1.0,10.0,2.0],"texture":"#o0"},"up":{"uv":[9.0,1.0,10.0,2.0],"texture":"#o0"},"down":{"uv":[9.0,1.0,10.0,2.0],"texture":"#o0"}}},{"name":"hexadecagon","from":[6.35897,12.62075,-0.25],"to":[9.64103,13.62075,16.25],"rotation":{"angle":45.0,"axis":"y","origin":[8.0,13.12075,8.0]},"faces":{"north":{"uv":[9.0,1.0,10.0,2.0],"texture":"#o0"},"south":{"uv":[9.0,1.0,10.0,2.0],"texture":"#o0"},"up":{"uv":[9.0,1.0,10.0,2.0],"texture":"#o0"},"down":{"uv":[9.0,1.0,10.0,2.0],"texture":"#o0"}}},{"name":"hexadecagon","from":[-0.25,12.62075,6.35897],"to":[16.25,13.62075,9.64103],"rotation":{"angle":-22.5,"axis":"y","origin":[8.0,13.12075,8.0]},"faces":{"east":{"uv":[9.0,1.0,10.0,2.0],"texture":"#o0"},"west":{"uv":[9.0,1.0,10.0,2.0],"texture":"#o0"},"up":{"uv":[9.0,1.0,10.0,2.0],"texture":"#o0"},"down":{"uv":[9.0,1.0,10.0,2.0],"texture":"#o0"}}},{"name":"hexadecagon","from":[-0.25,12.62075,6.35897],"to":[16.25,13.62075,9.64103],"rotation":{"angle":0.0,"axis":"y","origin":[8.0,13.12075,8.0]},"faces":{"east":{"uv":[9.0,1.0,10.0,2.0],"texture":"#o0"},"west":{"uv":[9.0,1.0,10.0,2.0],"texture":"#o0"},"up":{"uv":[9.0,1.0,10.0,2.0],"texture":"#o0"},"down":{"uv":[9.0,1.0,10.0,2.0],"texture":"#o0"}}},{"name":"hexadecagon","from":[-0.25,12.62075,6.35897],"to":[16.25,13.62075,9.64103],"rotation":{"angle":22.5,"axis":"y","origin":[8.0,13.12075,8.0]},"faces":{"east":{"uv":[9.0,1.0,10.0,2.0],"texture":"#o0"},"west":{"uv":[9.0,1.0,10.0,2.0],"texture":"#o0"},"up":{"uv":[9.0,1.0,10.0,2.0],"texture":"#o0"},"down":{"uv":[9.0,1.0,10.0,2.0],"texture":"#o0"}}},{"name":"hexadecagon","from":[6.35897,-15.77925,-0.25],"to":[9.64103,-14.77925,16.25],"rotation":{"angle":-45.0,"axis":"y","origin":[8.0,-15.27925,8.0]},"faces":{"north":{"uv":[9.0,1.0,10.0,2.0],"texture":"#o0"},"south":{"uv":[9.0,1.0,10.0,2.0],"texture":"#o0"},"up":{"uv":[9.0,1.0,10.0,2.0],"texture":"#o0"},"down":{"uv":[9.0,1.0,10.0,2.0],"texture":"#o0"}}},{"name":"hexadecagon","from":[6.35897,-15.77925,-0.25],"to":[9.64103,-14.77925,16.25],"rotation":{"angle":-22.5,"axis":"y","origin":[8.0,-15.27925,8.0]},"faces":{"north":{"uv":[9.0,1.0,10.0,2.0],"texture":"#o0"},"south":{"uv":[9.0,1.0,10.0,2.0],"texture":"#o0"},"up":{"uv":[9.0,1.0,10.0,2.0],"texture":"#o0"},"down":{"uv":[9.0,1.0,10.0,2.0],"texture":"#o0"}}},{"name":"hexadecagon","from":[6.35897,-15.77925,-0.25],"to":[9.64103,-14.77925,16.25],"rotation":{"angle":0.0,"axis":"y","origin":[8.0,-15.27925,8.0]},"faces":{"north":{"uv":[9.0,1.0,10.0,2.0],"texture":"#o0"},"south":{"uv":[9.0,1.0,10.0,2.0],"texture":"#o0"},"up":{"uv":[9.0,1.0,10.0,2.0],"texture":"#o0"},"down":{"uv":[9.0,1.0,10.0,2.0],"texture":"#o0"}}},{"name":"hexadecagon","from":[6.35897,-15.77925,-0.25],"to":[9.64103,-14.77925,16.25],"rotation":{"angle":22.5,"axis":"y","origin":[8.0,-15.27925,8.0]},"faces":{"north":{"uv":[9.0,1.0,10.0,2.0],"texture":"#o0"},"south":{"uv":[9.0,1.0,10.0,2.0],"texture":"#o0"},"up":{"uv":[9.0,1.0,10.0,2.0],"texture":"#o0"},"down":{"uv":[9.0,1.0,10.0,2.0],"texture":"#o0"}}},{"name":"hexadecagon","from":[6.35897,-15.77925,-0.25],"to":[9.64103,-14.77925,16.25],"rotation":{"angle":45.0,"axis":"y","origin":[8.0,-15.27925,8.0]},"faces":{"north":{"uv":[9.0,1.0,10.0,2.0],"texture":"#o0"},"south":{"uv":[9.0,1.0,10.0,2.0],"texture":"#o0"},"up":{"uv":[9.0,1.0,10.0,2.0],"texture":"#o0"},"down":{"uv":[9.0,1.0,10.0,2.0],"texture":"#o0"}}},{"name":"hexadecagon","from":[-0.25,-15.77925,6.35897],"to":[16.25,-14.77925,9.64103],"rotation":{"angle":-22.5,"axis":"y","origin":[8.0,-15.27925,8.0]},"faces":{"east":{"uv":[9.0,1.0,10.0,2.0],"texture":"#o0"},"west":{"uv":[9.0,1.0,10.0,2.0],"texture":"#o0"},"up":{"uv":[9.0,1.0,10.0,2.0],"texture":"#o0"},"down":{"uv":[9.0,1.0,10.0,2.0],"texture":"#o0"}}},{"name":"hexadecagon","from":[-0.25,-15.77925,6.35897],"to":[16.25,-14.77925,9.64103],"rotation":{"angle":0.0,"axis":"y","origin":[8.0,-15.27925,8.0]},"faces":{"east":{"uv":[9.0,1.0,10.0,2.0],"texture":"#o0"},"west":{"uv":[9.0,1.0,10.0,2.0],"texture":"#o0"},"up":{"uv":[9.0,1.0,10.0,2.0],"texture":"#o0"},"down":{"uv":[9.0,1.0,10.0,2.0],"texture":"#o0"}}},{"name":"hexadecagon","from":[-0.25,-15.77925,6.35897],"to":[16.25,-14.77925,9.64103],"rotation":{"angle":22.5,"axis":"y","origin":[8.0,-15.27925,8.0]},"faces":{"east":{"uv":[9.0,1.0,10.0,2.0],"texture":"#o0"},"west":{"uv":[9.0,1.0,10.0,2.0],"texture":"#o0"},"up":{"uv":[9.0,1.0,10.0,2.0],"texture":"#o0"},"down":{"uv":[9.0,1.0,10.0,2.0],"texture":"#o0"}}},{"name":"hexadecagon","from":[6.4087,-8.57925,0.0],"to":[9.5913,-5.57925,16.0],"rotation":{"angle":-45.0,"axis":"y","origin":[8.0,-12.07925,8.0]},"faces":{"north":{"uv":[1.0,5.0,2.0,6.0],"texture":"#o0"},"south":{"uv":[1.0,5.0,2.0,6.0],"texture":"#o0"}}},{"name":"hexadecagon","from":[6.4087,-11.17925,0.0],"to":[9.5913,-5.57925,16.0],"rotation":{"angle":-22.5,"axis":"y","origin":[8.0,-12.07925,8.0]},"faces":{"north":{"uv":[1.0,5.0,2.0,6.0],"texture":"#o0"},"south":{"uv":[1.0,5.0,2.0,6.0],"texture":"#o0"}}},{"name":"hexadecagon","from":[6.4087,-8.57925,0.0],"to":[9.5913,-5.57925,16.0],"rotation":{"angle":0.0,"axis":"y","origin":[8.0,-12.07925,8.0]},"faces":{"north":{"uv":[1.0,5.0,2.0,6.0],"texture":"#o0"},"south":{"uv":[1.0,5.0,2.0,6.0],"texture":"#o0"}}},{"name":"hexadecagon","from":[6.4087,-8.57925,0.0],"to":[9.5913,-5.57925,16.0],"rotation":{"angle":22.5,"axis":"y","origin":[8.0,-12.07925,8.0]},"faces":{"north":{"uv":[1.0,5.0,2.0,6.0],"texture":"#o0"},"south":{"uv":[1.0,5.0,2.0,6.0],"texture":"#o0"}}},{"name":"hexadecagon","from":[6.4087,-8.57925,0.0],"to":[9.5913,-5.57925,16.0],"rotation":{"angle":45.0,"axis":"y","origin":[8.0,-12.07925,8.0]},"faces":{"north":{"uv":[1.0,5.0,2.0,6.0],"texture":"#o0"},"south":{"uv":[1.0,5.0,2.0,6.0],"texture":"#o0"}}},{"name":"hexadecagon","from":[0.0,-8.57925,6.4087],"to":[16.0,-5.57925,9.5913],"rotation":{"angle":-22.5,"axis":"y","origin":[8.0,-12.07925,8.0]},"faces":{"east":{"uv":[1.0,5.0,2.0,6.0],"texture":"#o0"},"west":{"uv":[1.0,5.0,2.0,6.0],"texture":"#o0"}}},{"name":"hexadecagon","from":[0.0,-8.57925,6.4087],"to":[16.0,-5.57925,9.5913],"rotation":{"angle":0.0,"axis":"y","origin":[8.0,-12.07925,8.0]},"faces":{"east":{"uv":[1.0,5.0,2.0,6.0],"texture":"#o0"},"west":{"uv":[1.0,5.0,2.0,6.0],"texture":"#o0"}}},{"name":"hexadecagon","from":[0.0,-8.57925,6.4087],"to":[16.0,-5.57925,9.5913],"rotation":{"angle":22.5,"axis":"y","origin":[8.0,-12.07925,8.0]},"faces":{"east":{"uv":[1.0,5.0,2.0,6.0],"texture":"#o0"},"west":{"uv":[1.0,5.0,2.0,6.0],"texture":"#o0"}}},{"name":"hexadecagon","from":[6.4087,-15.57925,0.0],"to":[9.5913,-11.17925,16.0],"rotation":{"angle":-22.5,"axis":"y","origin":[8.0,-10.07925,8.0]},"faces":{"north":{"uv":[1.0,1.0,2.0,2.0],"texture":"#o0"},"south":{"uv":[1.0,1.0,2.0,2.0],"texture":"#o0"}}},{"name":"hexadecagon","from":[6.4087,-15.57925,0.0],"to":[9.5913,-8.57925,16.0],"rotation":{"angle":-45.0,"axis":"y","origin":[8.0,-10.07925,8.0]},"faces":{"north":{"uv":[1.0,1.0,2.0,2.0],"texture":"#o0"},"south":{"uv":[1.0,1.0,2.0,2.0],"texture":"#o0"}}},{"name":"hexadecagon","from":[6.4087,-15.57925,0.0],"to":[9.5913,-8.57925,16.0],"rotation":{"angle":0.0,"axis":"y","origin":[8.0,-10.07925,8.0]},"faces":{"north":{"uv":[1.0,1.0,2.0,2.0],"texture":"#o0"},"south":{"uv":[1.0,1.0,2.0,2.0],"texture":"#o0"}}},{"name":"hexadecagon","from":[6.4087,-15.57925,0.0],"to":[9.5913,-8.57925,16.0],"rotation":{"angle":22.5,"axis":"y","origin":[8.0,-10.07925,8.0]},"faces":{"north":{"uv":[1.0,1.0,2.0,2.0],"texture":"#o0"},"south":{"uv":[1.0,1.0,2.0,2.0],"texture":"#o0"}}},{"name":"hexadecagon","from":[6.4087,-15.57925,0.0],"to":[9.5913,-8.57925,16.0],"rotation":{"angle":45.0,"axis":"y","origin":[8.0,-10.07925,8.0]},"faces":{"north":{"uv":[1.0,1.0,2.0,2.0],"texture":"#o0"},"south":{"uv":[1.0,1.0,2.0,2.0],"texture":"#o0"}}},{"name":"hexadecagon","from":[0.0,-15.57925,6.4087],"to":[16.0,-8.57925,9.5913],"rotation":{"angle":-22.5,"axis":"y","origin":[8.0,-10.07925,8.0]},"faces":{"east":{"uv":[1.0,1.0,2.0,2.0],"texture":"#o0"},"west":{"uv":[1.0,1.0,2.0,2.0],"texture":"#o0"}}},{"name":"hexadecagon","from":[0.0,-15.57925,6.4087],"to":[16.0,-8.57925,9.5913],"rotation":{"angle":0.0,"axis":"y","origin":[8.0,-10.07925,8.0]},"faces":{"east":{"uv":[1.0,1.0,2.0,2.0],"texture":"#o0"},"west":{"uv":[1.0,1.0,2.0,2.0],"texture":"#o0"}}},{"name":"hexadecagon","from":[0.0,-15.57925,6.4087],"to":[16.0,-8.57925,9.5913],"rotation":{"angle":22.5,"axis":"y","origin":[8.0,-10.07925,8.0]},"faces":{"east":{"uv":[1.0,1.0,2.0,2.0],"texture":"#o0"},"west":{"uv":[1.0,1.0,2.0,2.0],"texture":"#o0"}}},{"name":"hexadecagon","from":[6.4087,-5.57925,0.0],"to":[9.5913,13.42075,16.0],"rotation":{"angle":-45.0,"axis":"y","origin":[8.0,-10.07925,8.0]},"faces":{"north":{"uv":[1.0,1.0,2.0,2.0],"texture":"#o0"},"south":{"uv":[1.0,1.0,2.0,2.0],"texture":"#o0"}}},{"name":"hexadecagon","from":[6.4087,-5.57925,0.0],"to":[9.5913,13.42075,16.0],"rotation":{"angle":-22.5,"axis":"y","origin":[8.0,-10.07925,8.0]},"faces":{"north":{"uv":[1.0,1.0,2.0,2.0],"texture":"#o0"},"south":{"uv":[1.0,1.0,2.0,2.0],"texture":"#o0"}}},{"name":"hexadecagon","from":[6.4087,-5.57925,0.0],"to":[9.5913,13.42075,16.0],"rotation":{"angle":0.0,"axis":"y","origin":[8.0,-10.07925,8.0]},"faces":{"north":{"uv":[1.0,1.0,2.0,2.0],"texture":"#o0"},"south":{"uv":[1.0,1.0,2.0,2.0],"texture":"#o0"}}},{"name":"hexadecagon","from":[6.4087,-5.57925,0.0],"to":[9.5913,13.42075,16.0],"rotation":{"angle":22.5,"axis":"y","origin":[8.0,-10.07925,8.0]},"faces":{"north":{"uv":[1.0,1.0,2.0,2.0],"texture":"#o0"},"south":{"uv":[1.0,1.0,2.0,2.0],"texture":"#o0"}}},{"name":"hexadecagon","from":[6.4087,-5.57925,0.0],"to":[9.5913,13.42075,16.0],"rotation":{"angle":45.0,"axis":"y","origin":[8.0,-10.07925,8.0]},"faces":{"north":{"uv":[1.0,1.0,2.0,2.0],"texture":"#o0"},"south":{"uv":[1.0,1.0,2.0,2.0],"texture":"#o0"}}},{"name":"hexadecagon","from":[0.0,-5.57925,6.4087],"to":[16.0,13.42075,9.5913],"rotation":{"angle":-22.5,"axis":"y","origin":[8.0,-10.07925,8.0]},"faces":{"east":{"uv":[1.0,1.0,2.0,2.0],"texture":"#o0"},"west":{"uv":[1.0,1.0,2.0,2.0],"texture":"#o0"}}},{"name":"hexadecagon","from":[0.0,-5.57925,6.4087],"to":[16.0,13.42075,9.5913],"rotation":{"angle":0.0,"axis":"y","origin":[8.0,-10.07925,8.0]},"faces":{"east":{"uv":[1.0,1.0,2.0,2.0],"texture":"#o0"},"west":{"uv":[1.0,1.0,2.0,2.0],"texture":"#o0"}}},{"name":"hexadecagon","from":[0.0,-5.57925,6.4087],"to":[16.0,13.42075,9.5913],"rotation":{"angle":22.5,"axis":"y","origin":[8.0,-10.07925,8.0]},"faces":{"east":{"uv":[1.0,1.0,2.0,2.0],"texture":"#o0"},"west":{"uv":[1.0,1.0,2.0,2.0],"texture":"#o0"}}},{"from":[5.3,14.52075,5.3],"to":[10.7,15.52075,14.3],"rotation":{"angle":0.0,"axis":"y","origin":[0.0,-1.07925,0.0]},"faces":{"north":{"uv":[5.0,1.0,6.0,2.0],"texture":"#o0"},"east":{"uv":[5.0,1.0,6.0,2.0],"texture":"#o0"},"west":{"uv":[5.0,1.0,6.0,2.0],"texture":"#o0"},"down":{"uv":[5.0,1.0,6.0,2.0],"texture":"#o0"}}},{"from":[5.3,15.52075,5.3],"to":[10.7,21.06403,12.0039],"rotation":{"angle":0.0,"axis":"y","origin":[0.0,-0.07925,0.0]},"faces":{"north":{"uv":[5.0,1.0,6.0,2.0],"texture":"#o0"},"east":{"uv":[5.0,1.0,6.0,2.0],"texture":"#o0"},"west":{"uv":[5.0,1.0,6.0,2.0],"texture":"#o0"}}},{"from":[5.1,14.94881,11.52464],"to":[10.9,20.94881,12.52464],"rotation":{"angle":-22.5,"axis":"x","origin":[8.0,19.94881,11.92464]},"faces":{"north":{"uv":[5.0,1.0,6.0,2.0],"rotation":90,"texture":"#o0"},"south":{"uv":[5.0,1.0,6.0,2.0],"rotation":90,"texture":"#o0"},"east":{"uv":[5.0,1.0,6.0,2.0],"rotation":90,"texture":"#o0"},"west":{"uv":[5.0,1.0,6.0,2.0],"rotation":90,"texture":"#o0"}}},{"from":[4.4,17.93932,12.5824],"to":[7.9,18.33932,12.9824],"rotation":{"angle":0.0,"axis":"x","origin":[6.15,18.13932,12.7824]},"faces":{"north":{"uv":[5.0,5.0,6.0,6.0],"rotation":90,"texture":"#o0"},"south":{"uv":[5.0,5.0,6.0,6.0],"rotation":90,"texture":"#o0"},"west":{"uv":[5.0,5.0,6.0,6.0],"rotation":90,"texture":"#o0"},"up":{"uv":[5.0,5.0,6.0,6.0],"rotation":90,"texture":"#o0"},"down":{"uv":[5.0,5.0,6.0,6.0],"rotation":90,"texture":"#o0"}}},{"from":[5.1,20.1023,5.19629],"to":[10.9,21.1023,12.09629],"rotation":{"angle":0.0,"axis":"x","origin":[8.0,20.6023,7.09629]},"faces":{"north":{"uv":[5.0,1.0,6.0,2.0],"texture":"#o0"},"east":{"uv":[5.0,1.0,6.0,2.0],"texture":"#o0"},"west":{"uv":[5.0,1.0,6.0,2.0],"texture":"#o0"},"up":{"uv":[5.0,1.0,6.0,2.0],"texture":"#o0"},"down":{"uv":[5.0,1.0,6.0,2.0],"texture":"#o0"}}},{"from":[5.1,14.45902,13.39239],"to":[10.9,15.55902,14.39239],"rotation":{"angle":0.0,"axis":"x","origin":[8.0,14.55902,13.89239]},"faces":{"north":{"uv":[5.0,1.0,6.0,2.0],"rotation":90,"texture":"#o0"},"south":{"uv":[5.0,1.0,6.0,2.0],"rotation":90,"texture":"#o0"},"east":{"uv":[5.0,1.0,6.0,2.0],"rotation":90,"texture":"#o0"},"west":{"uv":[5.0,1.0,6.0,2.0],"rotation":90,"texture":"#o0"},"down":{"uv":[5.0,1.0,6.0,2.0],"rotation":90,"texture":"#o0"}}},{"from":[5.3,15.24881,10.22464],"to":[10.7,18.74881,11.62464],"rotation":{"angle":-22.5,"axis":"x","origin":[8.0,19.94881,11.92464]},"faces":{"east":{"uv":[5.0,1.0,6.0,2.0],"rotation":90,"texture":"#o0"},"west":{"uv":[5.0,1.0,6.0,2.0],"rotation":90,"texture":"#o0"}}},{"name":"hexadecagon","from":[5.5,19.84119,4.6],"to":[10.5,20.00032,5.4],"rotation":{"angle":-45.0,"axis":"x","origin":[8.0,19.92075,5.0]},"faces":{"north":{"uv":[5.0,1.0,6.0,2.0],"texture":"#o0"},"east":{"uv":[5.0,1.0,6.0,2.0],"texture":"#o0"},"west":{"uv":[5.0,1.0,6.0,2.0],"texture":"#o0"}}},{"name":"hexadecagon","from":[5.5,19.84119,4.6],"to":[10.5,20.00032,5.4],"rotation":{"angle":-22.5,"axis":"x","origin":[8.0,19.92075,5.0]},"faces":{"north":{"uv":[5.0,1.0,6.0,2.0],"texture":"#o0"},"east":{"uv":[5.0,1.0,6.0,2.0],"texture":"#o0"},"west":{"uv":[5.0,1.0,6.0,2.0],"texture":"#o0"}}},{"name":"hexadecagon","from":[5.5,19.84119,4.6],"to":[10.5,20.00032,5.4],"rotation":{"angle":0.0,"axis":"x","origin":[8.0,19.92075,5.0]},"faces":{"north":{"uv":[5.0,1.0,6.0,2.0],"texture":"#o0"},"east":{"uv":[5.0,1.0,6.0,2.0],"texture":"#o0"},"west":{"uv":[5.0,1.0,6.0,2.0],"texture":"#o0"}}},{"name":"hexadecagon","from":[5.5,19.84119,4.6],"to":[10.5,20.00032,5.4],"rotation":{"angle":22.5,"axis":"x","origin":[8.0,19.92075,5.0]},"faces":{"north":{"uv":[5.0,1.0,6.0,2.0],"texture":"#o0"},"east":{"uv":[5.0,1.0,6.0,2.0],"texture":"#o0"},"west":{"uv":[5.0,1.0,6.0,2.0],"texture":"#o0"}}},{"name":"hexadecagon","from":[5.5,19.84119,4.6],"to":[10.5,20.00032,5.4],"rotation":{"angle":45.0,"axis":"x","origin":[8.0,19.92075,5.0]},"faces":{"north":{"uv":[5.0,1.0,6.0,2.0],"texture":"#o0"},"south":{"uv":[5.0,1.0,6.0,2.0],"texture":"#o0"},"east":{"uv":[5.0,1.0,6.0,2.0],"texture":"#o0"},"west":{"uv":[5.0,1.0,6.0,2.0],"texture":"#o0"}}},{"name":"hexadecagon","from":[5.5,19.52075,4.92044],"to":[10.5,20.32075,5.07956],"rotation":{"angle":-22.5,"axis":"x","origin":[8.0,19.92075,5.0]},"faces":{"east":{"uv":[5.0,1.0,6.0,2.0],"texture":"#o0"},"west":{"uv":[5.0,1.0,6.0,2.0],"texture":"#o0"},"up":{"uv":[5.0,1.0,6.0,2.0],"texture":"#o0"},"down":{"uv":[5.0,1.0,6.0,2.0],"texture":"#o0"}}},{"name":"hexadecagon","from":[5.5,19.52075,4.92044],"to":[10.5,20.32075,5.07956],"rotation":{"angle":0.0,"axis":"x","origin":[8.0,19.92075,5.0]},"faces":{"east":{"uv":[5.0,1.0,6.0,2.0],"texture":"#o0"},"west":{"uv":[5.0,1.0,6.0,2.0],"texture":"#o0"},"up":{"uv":[5.0,1.0,6.0,2.0],"texture":"#o0"},"down":{"uv":[5.0,1.0,6.0,2.0],"texture":"#o0"}}},{"name":"hexadecagon","from":[5.5,19.52075,4.92044],"to":[10.5,20.32075,5.07956],"rotation":{"angle":22.5,"axis":"x","origin":[8.0,19.92075,5.0]},"faces":{"east":{"uv":[5.0,1.0,6.0,2.0],"texture":"#o0"},"west":{"uv":[5.0,1.0,6.0,2.0],"texture":"#o0"},"up":{"uv":[5.0,1.0,6.0,2.0],"texture":"#o0"},"down":{"uv":[5.0,1.0,6.0,2.0],"texture":"#o0"}}},{"name":"hexadecagon","from":[7.36,18.71891,4.488],"to":[8.64,20.0226,4.612],"rotation":{"angle":-45.0,"axis":"x","origin":[8.0,19.92075,5.0]},"faces":{"north":{"uv":[5.0,1.0,6.0,2.0],"texture":"#o0"},"south":{"uv":[5.0,1.0,6.0,2.0],"texture":"#o0"},"east":{"uv":[5.0,1.0,6.0,2.0],"texture":"#o0"},"west":{"uv":[5.0,1.0,6.0,2.0],"texture":"#o0"}}},{"name":"hexadecagon","from":[7.36,19.81891,4.488],"to":[8.64,20.0226,5.312],"rotation":{"angle":-22.5,"axis":"x","origin":[8.0,19.92075,5.0]},"faces":{"north":{"uv":[5.0,1.0,6.0,2.0],"texture":"#o0"},"east":{"uv":[5.0,1.0,6.0,2.0],"texture":"#o0"},"west":{"uv":[5.0,1.0,6.0,2.0],"texture":"#o0"}}},{"name":"hexadecagon","from":[7.36,19.81891,4.488],"to":[8.64,20.0226,5.312],"rotation":{"angle":0.0,"axis":"x","origin":[8.0,19.92075,5.0]},"faces":{"north":{"uv":[5.0,1.0,6.0,2.0],"texture":"#o0"},"east":{"uv":[5.0,1.0,6.0,2.0],"texture":"#o0"},"west":{"uv":[5.0,1.0,6.0,2.0],"texture":"#o0"}}},{"name":"hexadecagon","from":[7.36,19.81891,4.488],"to":[8.64,20.0226,5.312],"rotation":{"angle":22.5,"axis":"x","origin":[8.0,19.92075,5.0]},"faces":{"north":{"uv":[5.0,1.0,6.0,2.0],"texture":"#o0"},"east":{"uv":[5.0,1.0,6.0,2.0],"texture":"#o0"},"west":{"uv":[5.0,1.0,6.0,2.0],"texture":"#o0"}}},{"name":"hexadecagon","from":[7.36,19.81891,4.488],"to":[8.64,20.0226,5.212],"rotation":{"angle":45.0,"axis":"x","origin":[8.0,19.92075,5.0]},"faces":{"north":{"uv":[5.0,1.0,6.0,2.0],"texture":"#o0"},"south":{"uv":[5.0,1.0,6.0,2.0],"texture":"#o0"},"east":{"uv":[5.0,1.0,6.0,2.0],"texture":"#o0"},"west":{"uv":[5.0,1.0,6.0,2.0],"texture":"#o0"}}},{"name":"hexadecagon","from":[7.36,19.60875,4.89816],"to":[8.64,20.43275,5.10184],"rotation":{"angle":-22.5,"axis":"x","origin":[8.0,19.92075,5.0]},"faces":{"east":{"uv":[5.0,1.0,6.0,2.0],"texture":"#o0"},"west":{"uv":[5.0,1.0,6.0,2.0],"texture":"#o0"},"up":{"uv":[5.0,1.0,6.0,2.0],"texture":"#o0"},"down":{"uv":[5.0,1.0,6.0,2.0],"texture":"#o0"}}},{"name":"hexadecagon","from":[7.36,19.60875,4.89816],"to":[8.64,20.43275,5.10184],"rotation":{"angle":0.0,"axis":"x","origin":[8.0,19.92075,5.0]},"faces":{"east":{"uv":[5.0,1.0,6.0,2.0],"texture":"#o0"},"west":{"uv":[5.0,1.0,6.0,2.0],"texture":"#o0"},"up":{"uv":[5.0,1.0,6.0,2.0],"texture":"#o0"},"down":{"uv":[5.0,1.0,6.0,2.0],"texture":"#o0"}}},{"name":"hexadecagon","from":[7.36,19.60875,4.89816],"to":[8.64,20.43275,5.10184],"rotation":{"angle":22.5,"axis":"x","origin":[8.0,19.92075,5.0]},"faces":{"east":{"uv":[5.0,1.0,6.0,2.0],"texture":"#o0"},"west":{"uv":[5.0,1.0,6.0,2.0],"texture":"#o0"},"up":{"uv":[5.0,1.0,6.0,2.0],"texture":"#o0"},"down":{"uv":[5.0,1.0,6.0,2.0],"texture":"#o0"}}},{"name":"hexadecagon","from":[4.6,17.62347,12.7],"to":[4.8,18.61804,12.9],"rotation":{"angle":-45.0,"axis":"x","origin":[5.1,18.12075,15.2]},"faces":{"north":{"uv":[5.0,5.0,6.0,6.0],"texture":"#o0"},"south":{"uv":[5.0,5.0,6.0,6.0],"texture":"#o0"},"east":{"uv":[5.0,5.0,6.0,6.0],"texture":"#o0"},"west":{"uv":[5.0,5.0,6.0,6.0],"texture":"#o0"}}},{"name":"hexadecagon","from":[4.6,17.62347,12.7],"to":[4.8,18.61804,12.9],"rotation":{"angle":-22.5,"axis":"x","origin":[5.1,18.12075,15.2]},"faces":{"north":{"uv":[5.0,5.0,6.0,6.0],"texture":"#o0"},"south":{"uv":[5.0,5.0,6.0,6.0],"texture":"#o0"},"east":{"uv":[5.0,5.0,6.0,6.0],"texture":"#o0"},"west":{"uv":[5.0,5.0,6.0,6.0],"texture":"#o0"}}},{"name":"hexadecagon","from":[4.6,17.62347,12.7],"to":[4.8,18.61804,12.9],"rotation":{"angle":0.0,"axis":"x","origin":[5.1,18.12075,15.2]},"faces":{"north":{"uv":[5.0,5.0,6.0,6.0],"texture":"#o0"},"south":{"uv":[5.0,5.0,6.0,6.0],"texture":"#o0"},"east":{"uv":[5.0,5.0,6.0,6.0],"texture":"#o0"},"west":{"uv":[5.0,5.0,6.0,6.0],"texture":"#o0"}}},{"name":"hexadecagon","from":[4.6,17.62347,12.7],"to":[4.8,18.61804,12.9],"rotation":{"angle":22.5,"axis":"x","origin":[5.1,18.12075,15.2]},"faces":{"north":{"uv":[5.0,5.0,6.0,6.0],"texture":"#o0"},"south":{"uv":[5.0,5.0,6.0,6.0],"texture":"#o0"},"east":{"uv":[5.0,5.0,6.0,6.0],"texture":"#o0"},"west":{"uv":[5.0,5.0,6.0,6.0],"texture":"#o0"}}},{"name":"hexadecagon","from":[4.6,17.62347,12.7],"to":[4.8,18.61804,12.9],"rotation":{"angle":45.0,"axis":"x","origin":[5.1,18.12075,15.2]},"faces":{"north":{"uv":[5.0,5.0,6.0,6.0],"texture":"#o0"},"south":{"uv":[5.0,5.0,6.0,6.0],"texture":"#o0"},"east":{"uv":[5.0,5.0,6.0,6.0],"texture":"#o0"},"west":{"uv":[5.0,5.0,6.0,6.0],"texture":"#o0"}}},{"name":"hexadecagon","from":[4.6,17.62347,17.5],"to":[4.8,18.61804,17.7],"rotation":{"angle":-45.0,"axis":"x","origin":[5.1,18.12075,15.2]},"faces":{"north":{"uv":[5.0,5.0,6.0,6.0],"texture":"#o0"},"south":{"uv":[5.0,5.0,6.0,6.0],"texture":"#o0"},"east":{"uv":[5.0,5.0,6.0,6.0],"texture":"#o0"},"west":{"uv":[5.0,5.0,6.0,6.0],"texture":"#o0"}}},{"name":"hexadecagon","from":[4.6,17.62347,17.5],"to":[4.8,18.61804,17.7],"rotation":{"angle":-22.5,"axis":"x","origin":[5.1,18.12075,15.2]},"faces":{"north":{"uv":[5.0,5.0,6.0,6.0],"texture":"#o0"},"south":{"uv":[5.0,5.0,6.0,6.0],"texture":"#o0"},"east":{"uv":[5.0,5.0,6.0,6.0],"texture":"#o0"},"west":{"uv":[5.0,5.0,6.0,6.0],"texture":"#o0"}}},{"name":"hexadecagon","from":[4.6,17.62347,17.5],"to":[4.8,18.61804,17.7],"rotation":{"angle":0.0,"axis":"x","origin":[5.1,18.12075,15.2]},"faces":{"north":{"uv":[5.0,5.0,6.0,6.0],"texture":"#o0"},"south":{"uv":[5.0,5.0,6.0,6.0],"texture":"#o0"},"east":{"uv":[5.0,5.0,6.0,6.0],"texture":"#o0"},"west":{"uv":[5.0,5.0,6.0,6.0],"texture":"#o0"}}},{"name":"hexadecagon","from":[4.6,17.62347,17.5],"to":[4.8,18.61804,17.7],"rotation":{"angle":22.5,"axis":"x","origin":[5.1,18.12075,15.2]},"faces":{"north":{"uv":[5.0,5.0,6.0,6.0],"texture":"#o0"},"south":{"uv":[5.0,5.0,6.0,6.0],"texture":"#o0"},"east":{"uv":[5.0,5.0,6.0,6.0],"texture":"#o0"},"west":{"uv":[5.0,5.0,6.0,6.0],"texture":"#o0"}}},{"name":"hexadecagon","from":[4.6,17.62347,17.5],"to":[4.8,18.61804,17.7],"rotation":{"angle":45.0,"axis":"x","origin":[5.1,18.12075,15.2]},"faces":{"north":{"uv":[5.0,5.0,6.0,6.0],"texture":"#o0"},"south":{"uv":[5.0,5.0,6.0,6.0],"texture":"#o0"},"east":{"uv":[5.0,5.0,6.0,6.0],"texture":"#o0"},"west":{"uv":[5.0,5.0,6.0,6.0],"texture":"#o0"}}},{"name":"hexadecagon","from":[4.6,15.62075,14.70272],"to":[4.8,15.82075,15.69728],"rotation":{"angle":-22.5,"axis":"x","origin":[5.1,18.12075,15.2]},"faces":{"east":{"uv":[5.0,5.0,6.0,6.0],"texture":"#o0"},"west":{"uv":[5.0,5.0,6.0,6.0],"texture":"#o0"},"up":{"uv":[5.0,5.0,6.0,6.0],"texture":"#o0"},"down":{"uv":[5.0,5.0,6.0,6.0],"texture":"#o0"}}},{"name":"hexadecagon","from":[4.6,15.62075,14.70272],"to":[4.8,15.82075,15.69728],"rotation":{"angle":0.0,"axis":"x","origin":[5.1,18.12075,15.2]},"faces":{"east":{"uv":[5.0,5.0,6.0,6.0],"texture":"#o0"},"west":{"uv":[5.0,5.0,6.0,6.0],"texture":"#o0"},"up":{"uv":[5.0,5.0,6.0,6.0],"texture":"#o0"},"down":{"uv":[5.0,5.0,6.0,6.0],"texture":"#o0"}}},{"name":"hexadecagon","from":[4.6,15.62075,14.70272],"to":[4.8,15.82075,15.69728],"rotation":{"angle":22.5,"axis":"x","origin":[5.1,18.12075,15.2]},"faces":{"east":{"uv":[5.0,5.0,6.0,6.0],"texture":"#o0"},"west":{"uv":[5.0,5.0,6.0,6.0],"texture":"#o0"},"up":{"uv":[5.0,5.0,6.0,6.0],"texture":"#o0"},"down":{"uv":[5.0,5.0,6.0,6.0],"texture":"#o0"}}},{"name":"hexadecagon","from":[4.6,20.42075,14.70272],"to":[4.8,20.62075,15.69728],"rotation":{"angle":-22.5,"axis":"x","origin":[5.1,18.12075,15.2]},"faces":{"east":{"uv":[5.0,5.0,6.0,6.0],"texture":"#o0"},"west":{"uv":[5.0,5.0,6.0,6.0],"texture":"#o0"},"up":{"uv":[5.0,5.0,6.0,6.0],"texture":"#o0"},"down":{"uv":[5.0,5.0,6.0,6.0],"texture":"#o0"}}},{"name":"hexadecagon","from":[4.6,20.42075,14.70272],"to":[4.8,20.62075,15.69728],"rotation":{"angle":0.0,"axis":"x","origin":[5.1,18.12075,15.2]},"faces":{"east":{"uv":[5.0,5.0,6.0,6.0],"texture":"#o0"},"west":{"uv":[5.0,5.0,6.0,6.0],"texture":"#o0"},"up":{"uv":[5.0,5.0,6.0,6.0],"texture":"#o0"},"down":{"uv":[5.0,5.0,6.0,6.0],"texture":"#o0"}}},{"name":"hexadecagon","from":[4.6,20.42075,14.70272],"to":[4.8,20.62075,15.69728],"rotation":{"angle":22.5,"axis":"x","origin":[5.1,18.12075,15.2]},"faces":{"east":{"uv":[5.0,5.0,6.0,6.0],"texture":"#o0"},"west":{"uv":[5.0,5.0,6.0,6.0],"texture":"#o0"},"up":{"uv":[5.0,5.0,6.0,6.0],"texture":"#o0"},"down":{"uv":[5.0,5.0,6.0,6.0],"texture":"#o0"}}},{"name":"hexadecagon","from":[7.55539,3.43,15.84268],"to":[9.13997,3.93,15.85268],"rotation":{"angle":-45.0,"axis":"y","origin":[7.84768,11.0,7.84768]},"faces":{"north":{"uv":[1.0,5.0,2.0,6.0],"texture":"#o0"},"south":{"uv":[1.0,5.0,2.0,6.0],"texture":"#o0"},"east":{"uv":[1.0,5.0,2.0,6.0],"texture":"#o0"},"west":{"uv":[1.0,5.0,2.0,6.0],"texture":"#o0"},"up":{"uv":[1.0,5.0,2.0,6.0],"texture":"#o0"},"down":{"uv":[1.0,5.0,2.0,6.0],"texture":"#o0"}}},{"name":"hexadecagon","from":[7.55539,4.73,15.84268],"to":[9.13997,5.23,15.85268],"rotation":{"angle":-45.0,"axis":"y","origin":[7.84768,11.0,7.84768]},"faces":{"north":{"uv":[1.0,5.0,2.0,6.0],"texture":"#o0"},"south":{"uv":[1.0,5.0,2.0,6.0],"texture":"#o0"},"east":{"uv":[1.0,5.0,2.0,6.0],"texture":"#o0"},"west":{"uv":[1.0,5.0,2.0,6.0],"texture":"#o0"},"up":{"uv":[1.0,5.0,2.0,6.0],"texture":"#o0"},"down":{"uv":[1.0,5.0,2.0,6.0],"texture":"#o0"}}},{"name":"hexadecagon","from":[7.00771,2.13,15.995],"to":[7.49229,5.23,16.005],"rotation":{"angle":-45.0,"axis":"y","origin":[8.0,11.0,8.0]},"faces":{"north":{"uv":[1.0,5.0,2.0,6.0],"texture":"#o0"},"south":{"uv":[1.0,5.0,2.0,6.0],"texture":"#o0"},"east":{"uv":[1.0,5.0,2.0,6.0],"texture":"#o0"},"west":{"uv":[1.0,5.0,2.0,6.0],"texture":"#o0"},"up":{"uv":[1.0,5.0,2.0,6.0],"texture":"#o0"},"down":{"uv":[1.0,5.0,2.0,6.0],"texture":"#o0"}}},{"name":"hexadecagon","from":[7.55539,2.13,15.84268],"to":[9.13997,2.63,15.85268],"rotation":{"angle":-45.0,"axis":"y","origin":[7.84768,11.0,7.84768]},"faces":{"north":{"uv":[1.0,5.0,2.0,6.0],"texture":"#o0"},"south":{"uv":[1.0,5.0,2.0,6.0],"texture":"#o0"},"east":{"uv":[1.0,5.0,2.0,6.0],"texture":"#o0"},"west":{"uv":[1.0,5.0,2.0,6.0],"texture":"#o0"},"up":{"uv":[1.0,5.0,2.0,6.0],"texture":"#o0"},"down":{"uv":[1.0,5.0,2.0,6.0],"texture":"#o0"}}},{"name":"hexadecagon","from":[8.8257,2.25923,-0.6624],"to":[10.34197,2.68517,-0.5496],"rotation":{"angle":45.0,"axis":"y","origin":[9.58384,14.9768,9.584]},"faces":{"north":{"uv":[1.0,5.0,2.0,6.0],"texture":"#o0"},"south":{"uv":[1.0,5.0,2.0,6.0],"texture":"#o0"},"east":{"uv":[1.0,5.0,2.0,6.0],"texture":"#o0"},"west":{"uv":[1.0,5.0,2.0,6.0],"texture":"#o0"},"up":{"uv":[1.0,5.0,2.0,6.0],"texture":"#o0"},"down":{"uv":[1.0,5.0,2.0,6.0],"texture":"#o0"}}},{"name":"hexadecagon","from":[10.3365,2.68517,-0.6756],"to":[10.70078,3.09297,-0.5628],"rotation":{"angle":45.0,"axis":"y","origin":[9.59704,14.9768,9.5708]},"faces":{"north":{"uv":[1.0,5.0,2.0,6.0],"texture":"#o0"},"south":{"uv":[1.0,5.0,2.0,6.0],"texture":"#o0"},"east":{"uv":[1.0,5.0,2.0,6.0],"texture":"#o0"},"west":{"uv":[1.0,5.0,2.0,6.0],"texture":"#o0"},"up":{"uv":[1.0,5.0,2.0,6.0],"texture":"#o0"},"down":{"uv":[1.0,5.0,2.0,6.0],"texture":"#o0"}}},{"name":"hexadecagon","from":[8.35443,2.68517,-0.92073],"to":[8.7187,3.53703,-0.80793],"rotation":{"angle":45.0,"axis":"y","origin":[9.84216,14.69285,9.32567]},"faces":{"north":{"uv":[1.0,5.0,2.0,6.0],"texture":"#o0"},"south":{"uv":[1.0,5.0,2.0,6.0],"texture":"#o0"},"east":{"uv":[1.0,5.0,2.0,6.0],"texture":"#o0"},"west":{"uv":[1.0,5.0,2.0,6.0],"texture":"#o0"},"up":{"uv":[1.0,5.0,2.0,6.0],"texture":"#o0"},"down":{"uv":[1.0,5.0,2.0,6.0],"texture":"#o0"}}},{"name":"hexadecagon","from":[8.8257,3.53703,-0.6624],"to":[10.34303,3.96297,-0.5496],"rotation":{"angle":45.0,"axis":"y","origin":[9.58384,20.3499,9.584]},"faces":{"north":{"uv":[1.0,5.0,2.0,6.0],"texture":"#o0"},"south":{"uv":[1.0,5.0,2.0,6.0],"texture":"#o0"},"east":{"uv":[1.0,5.0,2.0,6.0],"texture":"#o0"},"west":{"uv":[1.0,5.0,2.0,6.0],"texture":"#o0"},"up":{"uv":[1.0,5.0,2.0,6.0],"texture":"#o0"},"down":{"uv":[1.0,5.0,2.0,6.0],"texture":"#o0"}}},{"name":"hexadecagon","from":[10.44972,3.96297,-0.40482],"to":[10.81399,4.81483,-0.29202],"rotation":{"angle":45.0,"axis":"y","origin":[9.32626,13.84098,9.84158]},"faces":{"north":{"uv":[1.0,5.0,2.0,6.0],"texture":"#o0"},"south":{"uv":[1.0,5.0,2.0,6.0],"texture":"#o0"},"east":{"uv":[1.0,5.0,2.0,6.0],"texture":"#o0"},"west":{"uv":[1.0,5.0,2.0,6.0],"texture":"#o0"},"up":{"uv":[1.0,5.0,2.0,6.0],"texture":"#o0"},"down":{"uv":[1.0,5.0,2.0,6.0],"texture":"#o0"}}},{"name":"hexadecagon","from":[8.82645,4.81483,-0.66315],"to":[10.34272,5.24076,-0.55035],"rotation":{"angle":45.0,"axis":"y","origin":[9.58459,13.27307,9.58325]},"faces":{"north":{"uv":[1.0,5.0,2.0,6.0],"texture":"#o0"},"south":{"uv":[1.0,5.0,2.0,6.0],"texture":"#o0"},"east":{"uv":[1.0,5.0,2.0,6.0],"texture":"#o0"},"west":{"uv":[1.0,5.0,2.0,6.0],"texture":"#o0"},"up":{"uv":[1.0,5.0,2.0,6.0],"texture":"#o0"},"down":{"uv":[1.0,5.0,2.0,6.0],"texture":"#o0"}}},{"name":"hexadecagon","from":[8.4564,4.40702,-0.6771],"to":[8.82067,4.81483,-0.5643],"rotation":{"angle":45.0,"axis":"y","origin":[9.59854,13.27307,9.5693]},"faces":{"north":{"uv":[1.0,5.0,2.0,6.0],"texture":"#o0"},"south":{"uv":[1.0,5.0,2.0,6.0],"texture":"#o0"},"east":{"uv":[1.0,5.0,2.0,6.0],"texture":"#o0"},"west":{"uv":[1.0,5.0,2.0,6.0],"texture":"#o0"},"up":{"uv":[1.0,5.0,2.0,6.0],"texture":"#o0"},"down":{"uv":[1.0,5.0,2.0,6.0],"texture":"#o0"}}},{"name":"hexadecagon","from":[-0.80315,2.19463,12.82563],"to":[-0.80315,5.24103,13.18118],"rotation":{"angle":-22.5,"axis":"y","origin":[17.60835,16.88343,11.97991]},"faces":{"north":{"uv":[1.0,5.0,2.0,6.0],"texture":"#o0"},"south":{"uv":[1.0,5.0,2.0,6.0],"texture":"#o0"},"east":{"uv":[1.0,5.0,2.0,6.0],"texture":"#o0"},"west":{"uv":[1.0,5.0,2.0,6.0],"texture":"#o0"},"up":{"uv":[1.0,5.0,2.0,6.0],"texture":"#o0"},"down":{"uv":[1.0,5.0,2.0,6.0],"texture":"#o0"}}},{"name":"hexadecagon","from":[-0.90474,3.84263,12.45853],"to":[-0.90474,4.54183,12.80543],"rotation":{"angle":-22.5,"axis":"y","origin":[17.50676,18.63143,12.22515]},"faces":{"north":{"uv":[1.0,5.0,2.0,6.0],"texture":"#o0"},"south":{"uv":[1.0,5.0,2.0,6.0],"texture":"#o0"},"east":{"uv":[1.0,5.0,2.0,6.0],"texture":"#o0"},"west":{"uv":[1.0,5.0,2.0,6.0],"texture":"#o0"},"up":{"uv":[1.0,5.0,2.0,6.0],"texture":"#o0"},"down":{"uv":[1.0,5.0,2.0,6.0],"texture":"#o0"}}},{"name":"hexadecagon","from":[-0.78959,3.14343,12.12588],"to":[-0.78959,3.84263,12.48143],"rotation":{"angle":-22.5,"axis":"y","origin":[17.62191,16.88343,11.94716]},"faces":{"north":{"uv":[1.0,5.0,2.0,6.0],"texture":"#o0"},"south":{"uv":[1.0,5.0,2.0,6.0],"texture":"#o0"},"east":{"uv":[1.0,5.0,2.0,6.0],"texture":"#o0"},"west":{"uv":[1.0,5.0,2.0,6.0],"texture":"#o0"},"up":{"uv":[1.0,5.0,2.0,6.0],"texture":"#o0"},"down":{"uv":[1.0,5.0,2.0,6.0],"texture":"#o0"}}},{"name":"hexadecagon","from":[-0.80315,2.44423,11.83663],"to":[-0.80315,3.14343,12.12318],"rotation":{"angle":-22.5,"axis":"y","origin":[17.60835,16.88343,11.97991]},"faces":{"north":{"uv":[1.0,5.0,2.0,6.0],"texture":"#o0"},"south":{"uv":[1.0,5.0,2.0,6.0],"texture":"#o0"},"east":{"uv":[1.0,5.0,2.0,6.0],"texture":"#o0"},"west":{"uv":[1.0,5.0,2.0,6.0],"texture":"#o0"},"up":{"uv":[1.0,5.0,2.0,6.0],"texture":"#o0"},"down":{"uv":[1.0,5.0,2.0,6.0],"texture":"#o0"}}},{"name":"hexadecagon","from":[-0.81672,3.14343,11.47838],"to":[-0.81672,3.84263,11.83393],"rotation":{"angle":-22.5,"axis":"y","origin":[17.59478,16.88343,12.01266]},"faces":{"north":{"uv":[1.0,5.0,2.0,6.0],"texture":"#o0"},"south":{"uv":[1.0,5.0,2.0,6.0],"texture":"#o0"},"east":{"uv":[1.0,5.0,2.0,6.0],"texture":"#o0"},"west":{"uv":[1.0,5.0,2.0,6.0],"texture":"#o0"},"up":{"uv":[1.0,5.0,2.0,6.0],"texture":"#o0"},"down":{"uv":[1.0,5.0,2.0,6.0],"texture":"#o0"}}},{"name":"hexadecagon","from":[-0.83029,3.84263,11.12879],"to":[-0.83029,4.54183,11.47569],"rotation":{"angle":-22.5,"axis":"y","origin":[17.58121,18.63143,12.04541]},"faces":{"north":{"uv":[1.0,5.0,2.0,6.0],"texture":"#o0"},"south":{"uv":[1.0,5.0,2.0,6.0],"texture":"#o0"},"east":{"uv":[1.0,5.0,2.0,6.0],"texture":"#o0"},"west":{"uv":[1.0,5.0,2.0,6.0],"texture":"#o0"},"up":{"uv":[1.0,5.0,2.0,6.0],"texture":"#o0"},"down":{"uv":[1.0,5.0,2.0,6.0],"texture":"#o0"}}},{"name":"hexadecagon","from":[-0.80315,2.19463,10.77863],"to":[-0.80315,5.24103,11.13418],"rotation":{"angle":-22.5,"axis":"y","origin":[17.60835,16.88343,11.97991]},"faces":{"north":{"uv":[1.0,5.0,2.0,6.0],"texture":"#o0"},"south":{"uv":[1.0,5.0,2.0,6.0],"texture":"#o0"},"east":{"uv":[1.0,5.0,2.0,6.0],"texture":"#o0"},"west":{"uv":[1.0,5.0,2.0,6.0],"texture":"#o0"},"up":{"uv":[1.0,5.0,2.0,6.0],"texture":"#o0"},"down":{"uv":[1.0,5.0,2.0,6.0],"texture":"#o0"}}},{"name":"hexadecagon","from":[10.4257,-10.94077,-0.6624],"to":[10.74197,-9.31483,-0.5496],"rotation":{"angle":45.0,"axis":"y","origin":[9.58384,13.7768,9.584]},"faces":{"north":{"uv":[1.0,5.0,2.0,6.0],"texture":"#o0"},"south":{"uv":[1.0,5.0,2.0,6.0],"texture":"#o0"},"east":{"uv":[1.0,5.0,2.0,6.0],"texture":"#o0"},"west":{"uv":[1.0,5.0,2.0,6.0],"texture":"#o0"},"up":{"uv":[1.0,5.0,2.0,6.0],"texture":"#o0"},"down":{"uv":[1.0,5.0,2.0,6.0],"texture":"#o0"}}},{"name":"hexadecagon","from":[9.6257,-10.14077,-0.6624],"to":[10.74197,-9.74483,-0.5496],"rotation":{"angle":45.0,"axis":"y","origin":[9.58384,13.7768,9.584]},"faces":{"north":{"uv":[1.0,5.0,2.0,6.0],"texture":"#o0"},"south":{"uv":[1.0,5.0,2.0,6.0],"texture":"#o0"},"east":{"uv":[1.0,5.0,2.0,6.0],"texture":"#o0"},"west":{"uv":[1.0,5.0,2.0,6.0],"texture":"#o0"},"up":{"uv":[1.0,5.0,2.0,6.0],"texture":"#o0"},"down":{"uv":[1.0,5.0,2.0,6.0],"texture":"#o0"}}},{"name":"hexadecagon","from":[9.3257,-9.74077,-0.6624],"to":[9.64197,-9.34483,-0.5496],"rotation":{"angle":45.0,"axis":"y","origin":[9.58384,13.7768,9.584]},"faces":{"north":{"uv":[1.0,5.0,2.0,6.0],"texture":"#o0"},"south":{"uv":[1.0,5.0,2.0,6.0],"texture":"#o0"},"east":{"uv":[1.0,5.0,2.0,6.0],"texture":"#o0"},"west":{"uv":[1.0,5.0,2.0,6.0],"texture":"#o0"},"up":{"uv":[1.0,5.0,2.0,6.0],"texture":"#o0"},"down":{"uv":[1.0,5.0,2.0,6.0],"texture":"#o0"}}},{"name":"hexadecagon","from":[9.6257,-9.34077,-0.6624],"to":[10.74197,-8.94483,-0.5496],"rotation":{"angle":45.0,"axis":"y","origin":[9.58384,13.7768,9.584]},"faces":{"north":{"uv":[1.0,5.0,2.0,6.0],"texture":"#o0"},"south":{"uv":[1.0,5.0,2.0,6.0],"texture":"#o0"},"east":{"uv":[1.0,5.0,2.0,6.0],"texture":"#o0"},"west":{"uv":[1.0,5.0,2.0,6.0],"texture":"#o0"},"up":{"uv":[1.0,5.0,2.0,6.0],"texture":"#o0"},"down":{"uv":[1.0,5.0,2.0,6.0],"texture":"#o0"}}},{"name":"hexadecagon","from":[-0.01195,-10.94077,6.638],"to":[0.10085,-8.94483,6.958],"rotation":{"angle":0.0,"axis":"y","origin":[8.28384,13.7768,7.984]},"faces":{"north":{"uv":[1.0,5.0,2.0,6.0],"texture":"#o0"},"south":{"uv":[1.0,5.0,2.0,6.0],"texture":"#o0"},"east":{"uv":[1.0,5.0,2.0,6.0],"texture":"#o0"},"west":{"uv":[1.0,5.0,2.0,6.0],"texture":"#o0"},"up":{"uv":[1.0,5.0,2.0,6.0],"rotation":270,"texture":"#o0"},"down":{"uv":[1.0,5.0,2.0,6.0],"rotation":90,"texture":"#o0"}}},{"name":"hexadecagon","from":[-0.01195,-10.14077,6.738],"to":[0.10085,-9.74483,7.65427],"rotation":{"angle":0.0,"axis":"y","origin":[8.28384,13.7768,7.984]},"faces":{"north":{"uv":[1.0,5.0,2.0,6.0],"texture":"#o0"},"south":{"uv":[1.0,5.0,2.0,6.0],"texture":"#o0"},"east":{"uv":[1.0,5.0,2.0,6.0],"texture":"#o0"},"west":{"uv":[1.0,5.0,2.0,6.0],"texture":"#o0"},"up":{"uv":[1.0,5.0,2.0,6.0],"rotation":270,"texture":"#o0"},"down":{"uv":[1.0,5.0,2.0,6.0],"rotation":90,"texture":"#o0"}}},{"name":"hexadecagon","from":[-0.01195,-9.74077,7.638],"to":[0.10085,-9.34483,7.95427],"rotation":{"angle":0.0,"axis":"y","origin":[8.28384,13.7768,7.984]},"faces":{"north":{"uv":[1.0,5.0,2.0,6.0],"texture":"#o0"},"south":{"uv":[1.0,5.0,2.0,6.0],"texture":"#o0"},"east":{"uv":[1.0,5.0,2.0,6.0],"texture":"#o0"},"west":{"uv":[1.0,5.0,2.0,6.0],"texture":"#o0"},"up":{"uv":[1.0,5.0,2.0,6.0],"rotation":270,"texture":"#o0"},"down":{"uv":[1.0,5.0,2.0,6.0],"rotation":90,"texture":"#o0"}}},{"name":"hexadecagon","from":[-0.01195,-9.34077,6.958],"to":[0.10085,-8.94483,7.65427],"rotation":{"angle":0.0,"axis":"y","origin":[8.28384,13.7768,7.984]},"faces":{"north":{"uv":[1.0,5.0,2.0,6.0],"texture":"#o0"},"south":{"uv":[1.0,5.0,2.0,6.0],"texture":"#o0"},"east":{"uv":[1.0,5.0,2.0,6.0],"texture":"#o0"},"west":{"uv":[1.0,5.0,2.0,6.0],"texture":"#o0"},"up":{"uv":[1.0,5.0,2.0,6.0],"rotation":270,"texture":"#o0"},"down":{"uv":[1.0,5.0,2.0,6.0],"rotation":90,"texture":"#o0"}}},{"name":"hexadecagon","from":[-0.0059,4.83702,7.40991],"to":[0.0059,5.29752,8.49009],"rotation":{"angle":0.0,"axis":"y","origin":[9.44,12.8128,7.99081]},"faces":{"north":{"uv":[1.0,5.0,2.0,6.0],"texture":"#o0"},"south":{"uv":[1.0,5.0,2.0,6.0],"texture":"#o0"},"east":{"uv":[1.0,5.0,2.0,6.0],"texture":"#o0"},"west":{"uv":[1.0,5.0,2.0,6.0],"texture":"#o0"},"up":{"uv":[1.0,5.0,2.0,6.0],"texture":"#o0"},"down":{"uv":[1.0,5.0,2.0,6.0],"texture":"#o0"}}},{"name":"hexadecagon","from":[-0.0059,4.4193,7.05591],"to":[0.0059,4.83702,7.40991],"rotation":{"angle":0.0,"axis":"y","origin":[9.44,12.38416,7.75481]},"faces":{"north":{"uv":[1.0,5.0,2.0,6.0],"texture":"#o0"},"south":{"uv":[1.0,5.0,2.0,6.0],"texture":"#o0"},"east":{"uv":[1.0,5.0,2.0,6.0],"texture":"#o0"},"west":{"uv":[1.0,5.0,2.0,6.0],"texture":"#o0"},"up":{"uv":[1.0,5.0,2.0,6.0],"texture":"#o0"},"down":{"uv":[1.0,5.0,2.0,6.0],"texture":"#o0"}}},{"name":"hexadecagon","from":[-0.0059,3.03782,6.72009],"to":[0.0059,4.4193,7.05591],"rotation":{"angle":0.0,"axis":"y","origin":[9.44,14.19428,8.009]},"faces":{"north":{"uv":[1.0,5.0,2.0,6.0],"texture":"#o0"},"south":{"uv":[1.0,5.0,2.0,6.0],"texture":"#o0"},"east":{"uv":[1.0,5.0,2.0,6.0],"texture":"#o0"},"west":{"uv":[1.0,5.0,2.0,6.0],"texture":"#o0"},"up":{"uv":[1.0,5.0,2.0,6.0],"texture":"#o0"},"down":{"uv":[1.0,5.0,2.0,6.0],"texture":"#o0"}}},{"name":"hexadecagon","from":[-0.0059,2.6201,7.05591],"to":[0.0059,3.03782,7.40991],"rotation":{"angle":0.0,"axis":"y","origin":[9.44,12.53432,7.63681]},"faces":{"north":{"uv":[1.0,5.0,2.0,6.0],"texture":"#o0"},"south":{"uv":[1.0,5.0,2.0,6.0],"texture":"#o0"},"east":{"uv":[1.0,5.0,2.0,6.0],"texture":"#o0"},"west":{"uv":[1.0,5.0,2.0,6.0],"texture":"#o0"},"up":{"uv":[1.0,5.0,2.0,6.0],"texture":"#o0"},"down":{"uv":[1.0,5.0,2.0,6.0],"texture":"#o0"}}},{"name":"hexadecagon","from":[-0.0059,2.1596,7.40991],"to":[0.0059,2.6201,8.49009],"rotation":{"angle":0.0,"axis":"y","origin":[9.44,12.8128,7.99081]},"faces":{"north":{"uv":[1.0,5.0,2.0,6.0],"texture":"#o0"},"south":{"uv":[1.0,5.0,2.0,6.0],"texture":"#o0"},"east":{"uv":[1.0,5.0,2.0,6.0],"texture":"#o0"},"west":{"uv":[1.0,5.0,2.0,6.0],"texture":"#o0"},"up":{"uv":[1.0,5.0,2.0,6.0],"texture":"#o0"},"down":{"uv":[1.0,5.0,2.0,6.0],"texture":"#o0"}}},{"name":"hexadecagon","from":[-0.0059,2.6201,8.49009],"to":[0.0059,3.03782,8.84409],"rotation":{"angle":0.0,"axis":"y","origin":[9.44,12.53432,7.655]},"faces":{"north":{"uv":[1.0,5.0,2.0,6.0],"texture":"#o0"},"south":{"uv":[1.0,5.0,2.0,6.0],"texture":"#o0"},"east":{"uv":[1.0,5.0,2.0,6.0],"texture":"#o0"},"west":{"uv":[1.0,5.0,2.0,6.0],"texture":"#o0"},"up":{"uv":[1.0,5.0,2.0,6.0],"texture":"#o0"},"down":{"uv":[1.0,5.0,2.0,6.0],"texture":"#o0"}}},{"name":"hexadecagon","from":[-0.0059,3.03782,8.84409],"to":[0.0059,4.4193,9.17991],"rotation":{"angle":0.0,"axis":"y","origin":[9.44,14.19428,8.009]},"faces":{"north":{"uv":[1.0,5.0,2.0,6.0],"texture":"#o0"},"south":{"uv":[1.0,5.0,2.0,6.0],"texture":"#o0"},"east":{"uv":[1.0,5.0,2.0,6.0],"texture":"#o0"},"west":{"uv":[1.0,5.0,2.0,6.0],"texture":"#o0"},"up":{"uv":[1.0,5.0,2.0,6.0],"texture":"#o0"},"down":{"uv":[1.0,5.0,2.0,6.0],"texture":"#o0"}}},{"name":"hexadecagon","from":[-0.0059,4.4193,8.49009],"to":[0.0059,4.83702,8.84409],"rotation":{"angle":0.0,"axis":"y","origin":[9.44,12.38416,7.655]},"faces":{"north":{"uv":[1.0,5.0,2.0,6.0],"texture":"#o0"},"south":{"uv":[1.0,5.0,2.0,6.0],"texture":"#o0"},"east":{"uv":[1.0,5.0,2.0,6.0],"texture":"#o0"},"west":{"uv":[1.0,5.0,2.0,6.0],"texture":"#o0"},"up":{"uv":[1.0,5.0,2.0,6.0],"texture":"#o0"},"down":{"uv":[1.0,5.0,2.0,6.0],"texture":"#o0"}}},{"name":"hexadecagon","from":[-0.07379,2.952,7.60791],"to":[-0.06299,3.368,8.05566],"rotation":{"angle":22.5,"axis":"y","origin":[8.57161,11.2928,7.70758]},"faces":{"north":{"uv":[1.0,5.0,2.0,6.0],"texture":"#o0"},"south":{"uv":[1.0,5.0,2.0,6.0],"texture":"#o0"},"east":{"uv":[1.0,5.0,2.0,6.0],"texture":"#o0"},"west":{"uv":[1.0,5.0,2.0,6.0],"texture":"#o0"},"up":{"uv":[1.0,5.0,2.0,6.0],"texture":"#o0"},"down":{"uv":[1.0,5.0,2.0,6.0],"texture":"#o0"}}},{"name":"hexadecagon","from":[-0.15042,2.536,8.0709],"to":[-0.13962,2.952,8.51866],"rotation":{"angle":22.5,"axis":"y","origin":[8.49498,10.8768,7.52258]},"faces":{"north":{"uv":[1.0,5.0,2.0,6.0],"texture":"#o0"},"south":{"uv":[1.0,5.0,2.0,6.0],"texture":"#o0"},"east":{"uv":[1.0,5.0,2.0,6.0],"texture":"#o0"},"west":{"uv":[1.0,5.0,2.0,6.0],"texture":"#o0"},"up":{"uv":[1.0,5.0,2.0,6.0],"texture":"#o0"},"down":{"uv":[1.0,5.0,2.0,6.0],"texture":"#o0"}}},{"name":"hexadecagon","from":[-0.18572,2.12,8.52568],"to":[-0.17492,2.536,8.90863],"rotation":{"angle":22.5,"axis":"y","origin":[8.45968,10.4608,7.43736]},"faces":{"north":{"uv":[1.0,5.0,2.0,6.0],"texture":"#o0"},"south":{"uv":[1.0,5.0,2.0,6.0],"texture":"#o0"},"east":{"uv":[1.0,5.0,2.0,6.0],"texture":"#o0"},"west":{"uv":[1.0,5.0,2.0,6.0],"texture":"#o0"},"up":{"uv":[1.0,5.0,2.0,6.0],"texture":"#o0"},"down":{"uv":[1.0,5.0,2.0,6.0],"texture":"#o0"}}},{"name":"hexadecagon","from":[-0.06742,3.368,7.19128],"to":[-0.05662,3.992,7.60664],"rotation":{"angle":22.5,"axis":"y","origin":[8.57798,11.2928,7.72296]},"faces":{"north":{"uv":[1.0,5.0,2.0,6.0],"texture":"#o0"},"south":{"uv":[1.0,5.0,2.0,6.0],"texture":"#o0"},"east":{"uv":[1.0,5.0,2.0,6.0],"texture":"#o0"},"west":{"uv":[1.0,5.0,2.0,6.0],"texture":"#o0"},"up":{"uv":[1.0,5.0,2.0,6.0],"texture":"#o0"},"down":{"uv":[1.0,5.0,2.0,6.0],"texture":"#o0"}}},{"name":"hexadecagon","from":[-0.07379,3.992,7.60791],"to":[-0.06299,4.408,8.02326],"rotation":{"angle":22.5,"axis":"y","origin":[8.57161,11.2928,7.70758]},"faces":{"north":{"uv":[1.0,5.0,2.0,6.0],"texture":"#o0"},"south":{"uv":[1.0,5.0,2.0,6.0],"texture":"#o0"},"east":{"uv":[1.0,5.0,2.0,6.0],"texture":"#o0"},"west":{"uv":[1.0,5.0,2.0,6.0],"texture":"#o0"},"up":{"uv":[1.0,5.0,2.0,6.0],"texture":"#o0"},"down":{"uv":[1.0,5.0,2.0,6.0],"texture":"#o0"}}},{"name":"hexadecagon","from":[-0.08016,4.408,8.02453],"to":[-0.06936,4.824,8.43988],"rotation":{"angle":22.5,"axis":"y","origin":[8.56524,11.2928,7.6922]},"faces":{"north":{"uv":[1.0,5.0,2.0,6.0],"texture":"#o0"},"south":{"uv":[1.0,5.0,2.0,6.0],"texture":"#o0"},"east":{"uv":[1.0,5.0,2.0,6.0],"texture":"#o0"},"west":{"uv":[1.0,5.0,2.0,6.0],"texture":"#o0"},"up":{"uv":[1.0,5.0,2.0,6.0],"texture":"#o0"},"down":{"uv":[1.0,5.0,2.0,6.0],"texture":"#o0"}}},{"name":"hexadecagon","from":[-0.08653,4.824,8.44115],"to":[-0.07573,5.24,8.8565],"rotation":{"angle":22.5,"axis":"y","origin":[8.55887,11.1888,7.67682]},"faces":{"north":{"uv":[1.0,5.0,2.0,6.0],"texture":"#o0"},"south":{"uv":[1.0,5.0,2.0,6.0],"texture":"#o0"},"east":{"uv":[1.0,5.0,2.0,6.0],"texture":"#o0"},"west":{"uv":[1.0,5.0,2.0,6.0],"texture":"#o0"},"up":{"uv":[1.0,5.0,2.0,6.0],"texture":"#o0"},"down":{"uv":[1.0,5.0,2.0,6.0],"texture":"#o0"}}},{"name":"hexadecagon","from":[-0.06105,2.12,6.77466],"to":[-0.05025,5.24,7.19002],"rotation":{"angle":22.5,"axis":"y","origin":[8.58435,11.2928,7.73834]},"faces":{"north":{"uv":[1.0,5.0,2.0,6.0],"texture":"#o0"},"south":{"uv":[1.0,5.0,2.0,6.0],"texture":"#o0"},"east":{"uv":[1.0,5.0,2.0,6.0],"texture":"#o0"},"west":{"uv":[1.0,5.0,2.0,6.0],"texture":"#o0"},"up":{"uv":[1.0,5.0,2.0,6.0],"texture":"#o0"},"down":{"uv":[1.0,5.0,2.0,6.0],"texture":"#o0"}}},{"name":"hexadecagon","from":[8.1257,-10.14077,-0.6624],"to":[8.84197,-9.84483,-0.5496],"rotation":{"angle":45.0,"axis":"y","origin":[9.58384,13.7768,9.584]},"faces":{"north":{"uv":[1.0,5.0,2.0,6.0],"texture":"#o0"},"south":{"uv":[1.0,5.0,2.0,6.0],"texture":"#o0"},"east":{"uv":[1.0,5.0,2.0,6.0],"texture":"#o0"},"west":{"uv":[1.0,5.0,2.0,6.0],"texture":"#o0"},"up":{"uv":[1.0,5.0,2.0,6.0],"texture":"#o0"},"down":{"uv":[1.0,5.0,2.0,6.0],"texture":"#o0"}}},{"name":"hexadecagon","from":[2.02542,-10.56509,6.01949],"to":[2.02542,-9.29947,6.3537],"rotation":{"angle":22.5,"axis":"y","origin":[16.57223,14.14639,11.59069]},"faces":{"north":{"uv":[1.0,5.0,2.0,6.0],"texture":"#o0"},"south":{"uv":[1.0,5.0,2.0,6.0],"texture":"#o0"},"east":{"uv":[1.0,5.0,2.0,6.0],"texture":"#o0"},"west":{"uv":[1.0,5.0,2.0,6.0],"texture":"#o0"},"up":{"uv":[1.0,5.0,2.0,6.0],"texture":"#o0"},"down":{"uv":[1.0,5.0,2.0,6.0],"texture":"#o0"}}},{"name":"hexadecagon","from":[2.04691,-9.29947,5.42136],"to":[2.04691,-8.97385,6.02714],"rotation":{"angle":22.5,"axis":"y","origin":[16.57372,14.19,11.65056]},"faces":{"north":{"uv":[1.0,5.0,2.0,6.0],"texture":"#o0"},"south":{"uv":[1.0,5.0,2.0,6.0],"texture":"#o0"},"east":{"uv":[1.0,5.0,2.0,6.0],"texture":"#o0"},"west":{"uv":[1.0,5.0,2.0,6.0],"texture":"#o0"},"up":{"uv":[1.0,5.0,2.0,6.0],"texture":"#o0"},"down":{"uv":[1.0,5.0,2.0,6.0],"texture":"#o0"}}},{"name":"hexadecagon","from":[2.02541,-10.56509,5.08346],"to":[2.02541,-9.29947,5.41768],"rotation":{"angle":22.5,"axis":"y","origin":[16.57222,14.14639,11.59466]},"faces":{"north":{"uv":[1.0,5.0,2.0,6.0],"texture":"#o0"},"south":{"uv":[1.0,5.0,2.0,6.0],"texture":"#o0"},"east":{"uv":[1.0,5.0,2.0,6.0],"texture":"#o0"},"west":{"uv":[1.0,5.0,2.0,6.0],"texture":"#o0"},"up":{"uv":[1.0,5.0,2.0,6.0],"texture":"#o0"},"down":{"uv":[1.0,5.0,2.0,6.0],"texture":"#o0"}}},{"name":"hexadecagon","from":[2.04691,-10.8907,5.42136],"to":[2.04691,-10.56509,6.02714],"rotation":{"angle":22.5,"axis":"y","origin":[16.57372,14.19677,11.65056]},"faces":{"north":{"uv":[1.0,5.0,2.0,6.0],"texture":"#o0"},"south":{"uv":[1.0,5.0,2.0,6.0],"texture":"#o0"},"east":{"uv":[1.0,5.0,2.0,6.0],"texture":"#o0"},"west":{"uv":[1.0,5.0,2.0,6.0],"texture":"#o0"},"up":{"uv":[1.0,5.0,2.0,6.0],"texture":"#o0"},"down":{"uv":[1.0,5.0,2.0,6.0],"texture":"#o0"}}},{"name":"hexadecagon","from":[-0.75458,-9.29947,12.0237],"to":[-0.75458,-8.97385,12.62949],"rotation":{"angle":-22.5,"axis":"y","origin":[16.55223,14.19,11.64291]},"faces":{"north":{"uv":[1.0,5.0,2.0,6.0],"texture":"#o0"},"south":{"uv":[1.0,5.0,2.0,6.0],"texture":"#o0"},"east":{"uv":[1.0,5.0,2.0,6.0],"texture":"#o0"},"west":{"uv":[1.0,5.0,2.0,6.0],"texture":"#o0"},"up":{"uv":[1.0,5.0,2.0,6.0],"texture":"#o0"},"down":{"uv":[1.0,5.0,2.0,6.0],"texture":"#o0"}}},{"name":"hexadecagon","from":[-0.73459,-10.56509,11.69346],"to":[-0.73459,-9.29947,12.02768],"rotation":{"angle":-22.5,"axis":"y","origin":[16.57222,14.14639,11.59466]},"faces":{"north":{"uv":[1.0,5.0,2.0,6.0],"texture":"#o0"},"south":{"uv":[1.0,5.0,2.0,6.0],"texture":"#o0"},"east":{"uv":[1.0,5.0,2.0,6.0],"texture":"#o0"},"west":{"uv":[1.0,5.0,2.0,6.0],"texture":"#o0"},"up":{"uv":[1.0,5.0,2.0,6.0],"texture":"#o0"},"down":{"uv":[1.0,5.0,2.0,6.0],"texture":"#o0"}}},{"name":"hexadecagon","from":[-0.75458,-10.8907,12.0237],"to":[-0.75458,-10.56509,12.62949],"rotation":{"angle":-22.5,"axis":"y","origin":[16.55223,14.19677,11.64291]},"faces":{"north":{"uv":[1.0,5.0,2.0,6.0],"texture":"#o0"},"south":{"uv":[1.0,5.0,2.0,6.0],"texture":"#o0"},"east":{"uv":[1.0,5.0,2.0,6.0],"texture":"#o0"},"west":{"uv":[1.0,5.0,2.0,6.0],"texture":"#o0"},"up":{"uv":[1.0,5.0,2.0,6.0],"texture":"#o0"},"down":{"uv":[1.0,5.0,2.0,6.0],"texture":"#o0"}}},{"name":"hexadecagon","from":[-0.73459,-10.56509,12.63346],"to":[-0.73459,-9.29947,12.96768],"rotation":{"angle":-22.5,"axis":"y","origin":[16.57222,14.14639,11.59466]},"faces":{"north":{"uv":[1.0,5.0,2.0,6.0],"texture":"#o0"},"south":{"uv":[1.0,5.0,2.0,6.0],"texture":"#o0"},"east":{"uv":[1.0,5.0,2.0,6.0],"texture":"#o0"},"west":{"uv":[1.0,5.0,2.0,6.0],"texture":"#o0"},"up":{"uv":[1.0,5.0,2.0,6.0],"texture":"#o0"},"down":{"uv":[1.0,5.0,2.0,6.0],"texture":"#o0"}}},{"name":"hexadecagon","from":[-0.00459,-10.8907,8.52768],"to":[-0.00459,-10.56509,9.13346],"rotation":{"angle":0.0,"axis":"y","origin":[16.55222,14.19677,11.64688]},"faces":{"north":{"uv":[1.0,5.0,2.0,6.0],"texture":"#o0"},"south":{"uv":[1.0,5.0,2.0,6.0],"texture":"#o0"},"east":{"uv":[1.0,5.0,2.0,6.0],"texture":"#o0"},"west":{"uv":[1.0,5.0,2.0,6.0],"texture":"#o0"},"up":{"uv":[1.0,5.0,2.0,6.0],"texture":"#o0"},"down":{"uv":[1.0,5.0,2.0,6.0],"texture":"#o0"}}},{"name":"hexadecagon","from":[-0.00458,-10.56509,9.12949],"to":[-0.00458,-9.29947,9.4637],"rotation":{"angle":0.0,"axis":"y","origin":[16.57223,14.14639,11.59069]},"faces":{"north":{"uv":[1.0,5.0,2.0,6.0],"texture":"#o0"},"south":{"uv":[1.0,5.0,2.0,6.0],"texture":"#o0"},"east":{"uv":[1.0,5.0,2.0,6.0],"texture":"#o0"},"west":{"uv":[1.0,5.0,2.0,6.0],"texture":"#o0"},"up":{"uv":[1.0,5.0,2.0,6.0],"texture":"#o0"},"down":{"uv":[1.0,5.0,2.0,6.0],"texture":"#o0"}}},{"name":"hexadecagon","from":[-0.00458,-9.29947,8.5237],"to":[-0.00458,-8.97385,9.12949],"rotation":{"angle":0.0,"axis":"y","origin":[16.55223,14.19,11.64291]},"faces":{"north":{"uv":[1.0,5.0,2.0,6.0],"texture":"#o0"},"south":{"uv":[1.0,5.0,2.0,6.0],"texture":"#o0"},"east":{"uv":[1.0,5.0,2.0,6.0],"texture":"#o0"},"west":{"uv":[1.0,5.0,2.0,6.0],"texture":"#o0"},"up":{"uv":[1.0,5.0,2.0,6.0],"texture":"#o0"},"down":{"uv":[1.0,5.0,2.0,6.0],"texture":"#o0"}}},{"name":"hexadecagon","from":[-0.00459,-10.56509,8.19346],"to":[-0.00459,-9.29947,8.52768],"rotation":{"angle":0.0,"axis":"y","origin":[16.57222,14.14639,11.59466]},"faces":{"north":{"uv":[1.0,5.0,2.0,6.0],"texture":"#o0"},"south":{"uv":[1.0,5.0,2.0,6.0],"texture":"#o0"},"east":{"uv":[1.0,5.0,2.0,6.0],"texture":"#o0"},"west":{"uv":[1.0,5.0,2.0,6.0],"texture":"#o0"},"up":{"uv":[1.0,5.0,2.0,6.0],"texture":"#o0"},"down":{"uv":[1.0,5.0,2.0,6.0],"texture":"#o0"}}},{"name":"hexadecagon","from":[2.02541,-9.76509,4.49346],"to":[2.02541,-9.29947,4.82768],"rotation":{"angle":22.5,"axis":"y","origin":[16.57222,14.14639,11.59466]},"faces":{"north":{"uv":[1.0,5.0,2.0,6.0],"texture":"#o0"},"south":{"uv":[1.0,5.0,2.0,6.0],"texture":"#o0"},"east":{"uv":[1.0,5.0,2.0,6.0],"texture":"#o0"},"west":{"uv":[1.0,5.0,2.0,6.0],"texture":"#o0"},"up":{"uv":[1.0,5.0,2.0,6.0],"texture":"#o0"},"down":{"uv":[1.0,5.0,2.0,6.0],"texture":"#o0"}}},{"name":"hexadecagon","from":[2.02541,-10.56509,4.49346],"to":[2.02541,-10.0907,4.82768],"rotation":{"angle":22.5,"axis":"y","origin":[16.57222,14.14639,11.59466]},"faces":{"north":{"uv":[1.0,5.0,2.0,6.0],"texture":"#o0"},"south":{"uv":[1.0,5.0,2.0,6.0],"texture":"#o0"},"east":{"uv":[1.0,5.0,2.0,6.0],"texture":"#o0"},"west":{"uv":[1.0,5.0,2.0,6.0],"texture":"#o0"},"up":{"uv":[1.0,5.0,2.0,6.0],"texture":"#o0"},"down":{"uv":[1.0,5.0,2.0,6.0],"texture":"#o0"}}},{"name":"hexadecagon","from":[2.04767,-10.8907,3.89518],"to":[2.04767,-10.56509,4.50097],"rotation":{"angle":22.5,"axis":"y","origin":[16.56448,14.19677,11.65439]},"faces":{"north":{"uv":[1.0,5.0,2.0,6.0],"texture":"#o0"},"south":{"uv":[1.0,5.0,2.0,6.0],"texture":"#o0"},"east":{"uv":[1.0,5.0,2.0,6.0],"texture":"#o0"},"west":{"uv":[1.0,5.0,2.0,6.0],"texture":"#o0"},"up":{"uv":[1.0,5.0,2.0,6.0],"texture":"#o0"},"down":{"uv":[1.0,5.0,2.0,6.0],"texture":"#o0"}}},{"name":"hexadecagon","from":[2.04767,-10.0907,3.89518],"to":[2.04767,-9.76509,4.50097],"rotation":{"angle":22.5,"axis":"y","origin":[16.56448,14.19677,11.65439]},"faces":{"north":{"uv":[1.0,5.0,2.0,6.0],"texture":"#o0"},"south":{"uv":[1.0,5.0,2.0,6.0],"texture":"#o0"},"east":{"uv":[1.0,5.0,2.0,6.0],"texture":"#o0"},"west":{"uv":[1.0,5.0,2.0,6.0],"texture":"#o0"},"up":{"uv":[1.0,5.0,2.0,6.0],"texture":"#o0"},"down":{"uv":[1.0,5.0,2.0,6.0],"texture":"#o0"}}},{"name":"hexadecagon","from":[2.02541,-9.76509,3.55346],"to":[2.02541,-9.29947,3.88768],"rotation":{"angle":22.5,"axis":"y","origin":[16.57222,14.14639,11.59466]},"faces":{"north":{"uv":[1.0,5.0,2.0,6.0],"texture":"#o0"},"south":{"uv":[1.0,5.0,2.0,6.0],"texture":"#o0"},"east":{"uv":[1.0,5.0,2.0,6.0],"texture":"#o0"},"west":{"uv":[1.0,5.0,2.0,6.0],"texture":"#o0"},"up":{"uv":[1.0,5.0,2.0,6.0],"texture":"#o0"},"down":{"uv":[1.0,5.0,2.0,6.0],"texture":"#o0"}}},{"name":"hexadecagon","from":[2.02541,-10.56509,3.55346],"to":[2.02541,-10.0907,3.88768],"rotation":{"angle":22.5,"axis":"y","origin":[16.57222,14.14639,11.59466]},"faces":{"north":{"uv":[1.0,5.0,2.0,6.0],"texture":"#o0"},"south":{"uv":[1.0,5.0,2.0,6.0],"texture":"#o0"},"east":{"uv":[1.0,5.0,2.0,6.0],"texture":"#o0"},"west":{"uv":[1.0,5.0,2.0,6.0],"texture":"#o0"},"up":{"uv":[1.0,5.0,2.0,6.0],"texture":"#o0"},"down":{"uv":[1.0,5.0,2.0,6.0],"texture":"#o0"}}},{"name":"hexadecagon","from":[2.04767,-9.29947,3.89518],"to":[2.04767,-8.97385,4.50097],"rotation":{"angle":22.5,"axis":"y","origin":[16.56448,14.19,11.65439]},"faces":{"north":{"uv":[1.0,5.0,2.0,6.0],"texture":"#o0"},"south":{"uv":[1.0,5.0,2.0,6.0],"texture":"#o0"},"east":{"uv":[1.0,5.0,2.0,6.0],"texture":"#o0"},"west":{"uv":[1.0,5.0,2.0,6.0],"texture":"#o0"},"up":{"uv":[1.0,5.0,2.0,6.0],"texture":"#o0"},"down":{"uv":[1.0,5.0,2.0,6.0],"texture":"#o0"}}},{"name":"hexadecagon","from":[8.74974,-9.26874,24.71155],"to":[9.48174,-8.93953,24.71155],"rotation":{"angle":-45.0,"axis":"y","origin":[18.75553,15.01847,11.77153]},"faces":{"north":{"uv":[1.0,5.0,2.0,6.0],"texture":"#o0"},"south":{"uv":[1.0,5.0,2.0,6.0],"texture":"#o0"},"east":{"uv":[1.0,5.0,2.0,6.0],"texture":"#o0"},"west":{"uv":[1.0,5.0,2.0,6.0],"texture":"#o0"},"up":{"uv":[1.0,5.0,2.0,6.0],"rotation":270,"texture":"#o0"},"down":{"uv":[1.0,5.0,2.0,6.0],"rotation":90,"texture":"#o0"}}},{"name":"hexadecagon","from":[9.44016,-10.6084,24.75398],"to":[9.82416,-10.10318,24.75398],"rotation":{"angle":-45.0,"axis":"y","origin":[18.79795,14.41097,11.81396]},"faces":{"north":{"uv":[1.0,5.0,2.0,6.0],"texture":"#o0"},"south":{"uv":[1.0,5.0,2.0,6.0],"texture":"#o0"},"east":{"uv":[1.0,5.0,2.0,6.0],"texture":"#o0"},"west":{"uv":[1.0,5.0,2.0,6.0],"texture":"#o0"},"up":{"uv":[1.0,5.0,2.0,6.0],"rotation":270,"texture":"#o0"},"down":{"uv":[1.0,5.0,2.0,6.0],"rotation":90,"texture":"#o0"}}},{"name":"hexadecagon","from":[9.45714,-9.56796,24.77095],"to":[9.84113,-9.26874,24.77095],"rotation":{"angle":-45.0,"axis":"y","origin":[18.81492,14.45341,11.83093]},"faces":{"north":{"uv":[1.0,5.0,2.0,6.0],"texture":"#o0"},"south":{"uv":[1.0,5.0,2.0,6.0],"texture":"#o0"},"east":{"uv":[1.0,5.0,2.0,6.0],"texture":"#o0"},"west":{"uv":[1.0,5.0,2.0,6.0],"texture":"#o0"},"up":{"uv":[1.0,5.0,2.0,6.0],"rotation":270,"texture":"#o0"},"down":{"uv":[1.0,5.0,2.0,6.0],"rotation":90,"texture":"#o0"}}},{"name":"hexadecagon","from":[8.29957,-10.6084,24.81338],"to":[8.68356,-10.31918,24.81338],"rotation":{"angle":-45.0,"axis":"y","origin":[18.85735,14.05897,11.87336]},"faces":{"north":{"uv":[1.0,5.0,2.0,6.0],"texture":"#o0"},"south":{"uv":[1.0,5.0,2.0,6.0],"texture":"#o0"},"east":{"uv":[1.0,5.0,2.0,6.0],"texture":"#o0"},"west":{"uv":[1.0,5.0,2.0,6.0],"texture":"#o0"},"up":{"uv":[1.0,5.0,2.0,6.0],"rotation":270,"texture":"#o0"},"down":{"uv":[1.0,5.0,2.0,6.0],"rotation":90,"texture":"#o0"}}},{"name":"hexadecagon","from":[8.74974,-10.10318,24.71155],"to":[9.45774,-9.77396,24.71155],"rotation":{"angle":-45.0,"axis":"y","origin":[18.75553,15.02531,11.77153]},"faces":{"north":{"uv":[1.0,5.0,2.0,6.0],"texture":"#o0"},"south":{"uv":[1.0,5.0,2.0,6.0],"texture":"#o0"},"east":{"uv":[1.0,5.0,2.0,6.0],"texture":"#o0"},"west":{"uv":[1.0,5.0,2.0,6.0],"texture":"#o0"},"up":{"uv":[1.0,5.0,2.0,6.0],"rotation":270,"texture":"#o0"},"down":{"uv":[1.0,5.0,2.0,6.0],"rotation":90,"texture":"#o0"}}},{"name":"hexadecagon","from":[8.35169,-9.77396,24.7455],"to":[8.73568,-9.26874,24.7455],"rotation":{"angle":-45.0,"axis":"y","origin":[18.78947,14.40413,11.80548]},"faces":{"north":{"uv":[1.0,5.0,2.0,6.0],"texture":"#o0"},"south":{"uv":[1.0,5.0,2.0,6.0],"texture":"#o0"},"east":{"uv":[1.0,5.0,2.0,6.0],"texture":"#o0"},"west":{"uv":[1.0,5.0,2.0,6.0],"texture":"#o0"},"up":{"uv":[1.0,5.0,2.0,6.0],"rotation":270,"texture":"#o0"},"down":{"uv":[1.0,5.0,2.0,6.0],"rotation":90,"texture":"#o0"}}},{"name":"hexadecagon","from":[8.72574,-10.93762,24.71155],"to":[9.45774,-10.6084,24.71155],"rotation":{"angle":-45.0,"axis":"y","origin":[18.75553,15.03216,11.77153]},"faces":{"north":{"uv":[1.0,5.0,2.0,6.0],"texture":"#o0"},"south":{"uv":[1.0,5.0,2.0,6.0],"texture":"#o0"},"east":{"uv":[1.0,5.0,2.0,6.0],"texture":"#o0"},"west":{"uv":[1.0,5.0,2.0,6.0],"texture":"#o0"},"up":{"uv":[1.0,5.0,2.0,6.0],"rotation":270,"texture":"#o0"},"down":{"uv":[1.0,5.0,2.0,6.0],"rotation":90,"texture":"#o0"}}},{"name":"hexadecagon","from":[-0.82016,-9.30537,10.5197],"to":[-0.82016,-8.95897,11.27525],"rotation":{"angle":-22.5,"axis":"y","origin":[17.59134,15.68343,12.02098]},"faces":{"north":{"uv":[1.0,5.0,2.0,6.0],"texture":"#o0"},"south":{"uv":[1.0,5.0,2.0,6.0],"texture":"#o0"},"east":{"uv":[1.0,5.0,2.0,6.0],"texture":"#o0"},"west":{"uv":[1.0,5.0,2.0,6.0],"texture":"#o0"},"up":{"uv":[1.0,5.0,2.0,6.0],"texture":"#o0"},"down":{"uv":[1.0,5.0,2.0,6.0],"texture":"#o0"}}},{"name":"hexadecagon","from":[-0.80315,-10.90537,11.27863],"to":[-0.80315,-8.95897,11.63418],"rotation":{"angle":-22.5,"axis":"y","origin":[17.60835,15.68343,11.97991]},"faces":{"north":{"uv":[1.0,5.0,2.0,6.0],"texture":"#o0"},"south":{"uv":[1.0,5.0,2.0,6.0],"texture":"#o0"},"east":{"uv":[1.0,5.0,2.0,6.0],"texture":"#o0"},"west":{"uv":[1.0,5.0,2.0,6.0],"texture":"#o0"},"up":{"uv":[1.0,5.0,2.0,6.0],"texture":"#o0"},"down":{"uv":[1.0,5.0,2.0,6.0],"texture":"#o0"}}},{"name":"hexadecagon","from":[7.22707,-10.90537,23.96141],"to":[7.58262,-8.95897,23.96141],"rotation":{"angle":-45.0,"axis":"y","origin":[17.60835,15.68343,11.97991]},"faces":{"north":{"uv":[1.0,5.0,2.0,6.0],"texture":"#o0"},"south":{"uv":[1.0,5.0,2.0,6.0],"texture":"#o0"},"east":{"uv":[1.0,5.0,2.0,6.0],"texture":"#o0"},"west":{"uv":[1.0,5.0,2.0,6.0],"texture":"#o0"},"up":{"uv":[1.0,5.0,2.0,6.0],"rotation":270,"texture":"#o0"},"down":{"uv":[1.0,5.0,2.0,6.0],"rotation":90,"texture":"#o0"}}},{"name":"hexadecagon","from":[6.4585,-9.30537,23.99284],"to":[7.21405,-8.95897,23.99284],"rotation":{"angle":-45.0,"axis":"y","origin":[17.63978,15.68343,12.01134]},"faces":{"north":{"uv":[1.0,5.0,2.0,6.0],"texture":"#o0"},"south":{"uv":[1.0,5.0,2.0,6.0],"texture":"#o0"},"east":{"uv":[1.0,5.0,2.0,6.0],"texture":"#o0"},"west":{"uv":[1.0,5.0,2.0,6.0],"texture":"#o0"},"up":{"uv":[1.0,5.0,2.0,6.0],"rotation":270,"texture":"#o0"},"down":{"uv":[1.0,5.0,2.0,6.0],"rotation":90,"texture":"#o0"}}}],"groups":[{"name":"group","origin":[8.0,8.0,8.0],"color":0,"children":[{"name":"hexadecagon","origin":[8.0,8.0,8.0],"color":0,"children":[0,1,2,3,4,5,6,7]},{"name":"hexadecagon","origin":[8.0,8.0,8.0],"color":0,"children":[8,9,10,11,12,13,14,15]},{"name":"hexadecagon","origin":[8.0,8.0,8.0],"color":0,"children":[16,17,18,19,20,21,22,23]},{"name":"hexadecagon","origin":[8.0,8.0,8.0],"color":0,"children":[24,25,26,27,28,29,30,31]},{"name":"hexadecagon","origin":[8.0,8.0,8.0],"color":0,"children":[32,33,34,35,36,37,38,39]},{"name":"hexadecagon","origin":[8.0,8.0,8.0],"color":0,"children":[40,41,42,43,44,45,46,47]},48,49,50,51,52,53,54,{"name":"hexadecagon","origin":[8.0,8.0,8.0],"color":0,"children":[55,56,57,58,59,60,61,62]},{"name":"hexadecagon","origin":[8.0,8.0,8.0],"color":0,"children":[63,64,65,66,67,68,69,70]},{"name":"hexadecagon","origin":[8.0,8.0,8.0],"color":0,"children":[71,72,73,74,75,76,77,78,79,80,81,82,83,84,85,86]},{"name":"char","origin":[8.0,8.0,8.0],"color":0,"children":[{"name":"group","origin":[7.84768,9.0,7.84768],"color":0,"children":[87,88,89,90]},{"name":"group","origin":[8.0109,9.0,7.9891],"color":0,"children":[91,92,93,94,95,96,97]},{"name":"group","origin":[8.0,9.0,8.0],"color":0,"children":[98,99,100,101,102,103,104]},{"name":"group","origin":[9.58384,12.9768,9.584],"color":0,"children":[105,106,107,108]},{"name":"group","origin":[9.58384,12.9768,9.584],"color":0,"children":[109,110,111,112]},{"name":"group","origin":[8.0,7.94488,7.7],"color":0,"children":[113,114,115,116,117,118,119,120]},{"name":"group","origin":[8.0,9.0,8.0],"color":0,"children":[121,122,123,124,125,126,127,128]},{"name":"group","origin":[9.58384,12.9768,9.584],"color":0,"children":[129]},{"name":"group","origin":[16.55222,13.39677,11.64688],"color":0,"children":[130,131,132,133]},{"name":"group","origin":[17.60835,14.88343,11.97991],"color":0,"children":[134,135,136,137,138,139,140,141,142,143,144,145,146,147,148]},{"name":"group","origin":[17.57692,15.54423,11.94848],"color":0,"children":[149,150,151,152,153,154,155]},{"name":"group","origin":[17.60835,14.88343,11.97991],"color":0,"children":[156,157,158,159]}]}]}],"display":{"firstperson_righthand":{"rotation":[0.0,50.0,0.0],"translation":[0.0,14.35,0.5],"scale":[0.3,0.3,0.3]},"thirdperson_righthand":{"translation":[0.0,2.25,1.0],"scale":[0.1,0.1,0.1]},"ground":{"scale":[0.3,0.3,0.3]},"gui":{"rotation":[36.0,53.0,-45.0],"translation":[1.5,2.5,0.0],"scale":[0.4,0.4,0.4]},"fixed":{"rotation":[0.0,-90.0,0.0],"translation":[0.0,2.75,-1.25],"scale":[0.5,0.5,0.5]},"head":{"rotation":[90.0,0.0,90.0],"translation":[-2.75,-40.5,0.0],"scale":[0.3,0.3,0.3]}},"gui_light":"front"}