{"parent":"raincoat:generated/1b9deb3936315450086cd8d094fedc9ae81ac1a6","display":{"thirdperson_lefthand":{"scale":[0.0,0.0,0.0]},"thirdperson_righthand":{"scale":[0.0,0.0,0.0]},"firstperson_lefthand":{"scale":[0.0,0.0,0.0]},"firstperson_righthand":{"rotation":[0.0,71.0,0.0],"translation":[-13.75,9.35,-1.0]},"gui":{"rotation":[0.0,-180.0,0.0],"scale":[0.33333334,0.33333334,0.33333334]},"ground":{"rotation":[0.0,0.0,90.0],"translation":[0.0,-1.0,-2.75],"scale":[0.85,0.85,0.85]},"fixed":{"rotation":[90.0,60.0,-90.0],"translation":[-1.75,0.0,-0.5],"scale":[0.78,0.78,0.78]}}}