{"parent":"item/generated","textures":{"layer0":"item/music_disc_13"},"overrides":[{"predicate":{"custom_model_data":1},"model":"generated/bbb7b99d7d983fe8692b0326eb49a729459f913ea60ee4c097e2e119367385f1"},{"predicate":{"custom_model_data":2},"model":"generated/09631bd52c330838c5ddc99bf6387f2353c9ac12c5a0717182dc9c2eca49b788"},{"predicate":{"custom_model_data":3},"model":"generated/e20c2704d74932cd092d0778a6ef25a061723a7c533616aeb3c68ca96dc27f5e"},{"predicate":{"custom_model_data":4},"model":"generated/02728d5f7bd41dc866a422cbeac2235f28f90c8d805554d8d74658a44cf6afd2"},{"predicate":{"custom_model_data":5},"model":"generated/23bf52e4a89a9bea05418c44983bcc33ddc424cf318584b03111e80b26979b27"},{"predicate":{"custom_model_data":6},"model":"generated/403fa070fdc097fa1b5cdd07fc348ff5f3ebe11b752a5ba87d42f18c3a0d773b"},{"predicate":{"custom_model_data":7},"model":"generated/4243dc9b5d208acf775f3f268ecea19ef3ee4aed12caa0536bf2f06be00deaa6"},{"predicate":{"custom_model_data":8},"model":"generated/dd355d7cd3541ae3ae1996d881f204bf8255d7bd6ce9474306b40e3456b60c75"}]}