{"parent":"item/generated","textures":{"layer0":"item/music_disc_13"},"overrides":[{"predicate":{"custom_model_data":1},"model":"generated/684df6456933a4402c883d1347d8e33c40c82027399773249fa32c19f1fd0c10"},{"predicate":{"custom_model_data":2},"model":"generated/02a55c12c061bb3d1f6425e4249c7d6e02ce5d7e4ce330f8074e304d70035e7b"},{"predicate":{"custom_model_data":3},"model":"generated/a09de24cf560411052a4a86fa41ddd83640f3010c79e6913c2e4ece650ddea75"},{"predicate":{"custom_model_data":4},"model":"generated/6d1f58f6a38761c8935661a4353abf38f2fafeb14c815bf7cc3262c7ed05273e"},{"predicate":{"custom_model_data":5},"model":"generated/10e06eb7b12af23710ac2cd444c486b6f32a3bd8087f8231583204938549fe54"},{"predicate":{"custom_model_data":6},"model":"generated/883d53d97a99d6f471d44b98c1ba2e4bca51be6188eebeab7f312a7b34b99a28"},{"predicate":{"custom_model_data":7},"model":"generated/5886afb9439cfad8ec08227964aed3618f6d72c990d18a0fbc28ccbaa43e7702"},{"predicate":{"custom_model_data":8},"model":"generated/88525df7c3390cab0a04b70727cfcf5ef910ff14c15055d3ca86dd0ea603fbcd"}]}