{"parent":"raincoat:generated/ea4f2e11264f96f409110e4fa42e78e71cb24506","display":{"thirdperson_lefthand":{"scale":[0.0,0.0,0.0]},"thirdperson_righthand":{"scale":[0.0,0.0,0.0]},"firstperson_lefthand":{"scale":[0.0,0.0,0.0]},"firstperson_righthand":{"rotation":[0.0,160.0,0.0],"translation":[-10.75,12.35,3.25]},"gui":{"rotation":[0.0,-180.0,0.0],"scale":[0.33333334,0.33333334,0.33333334]},"ground":{"rotation":[90.0,0.0,0.0],"translation":[0.75,0.5,-0.25],"scale":[0.8,0.8,0.8]},"fixed":{"rotation":[0.0,0.0,45.0],"translation":[0.0,0.5,-0.75],"scale":[0.8,0.8,0.8]}}}