{"parent":"raincoat:generated/d3f5b19a07412794a83d5b69084c1eb273ed3af0","display":{"thirdperson_lefthand":{"scale":[0.0,0.0,0.0]},"thirdperson_righthand":{"scale":[0.0,0.0,0.0]},"firstperson_lefthand":{"scale":[0.0,0.0,0.0]},"firstperson_righthand":{"rotation":[0.0,70.0,0.0],"translation":[-13.25,5.6000004,-1.5]},"gui":{"rotation":[0.0,-180.0,0.0],"scale":[0.33333334,0.33333334,0.33333334]},"ground":{"rotation":[0.0,0.0,90.0],"translation":[-9.0,0.0,0.0],"scale":[1.2,1.2,1.2]},"fixed":{"rotation":[0.0,0.0,45.0],"translation":[1.0,-0.5,0.0],"scale":[0.5,0.5,0.5]}}}