{"parent":"raincoat:generated/3082f8e52e4c9694eb784de2639e642e4f661295","display":{"thirdperson_lefthand":{"scale":[0.0,0.0,0.0]},"thirdperson_righthand":{"scale":[0.0,0.0,0.0]},"firstperson_lefthand":{"scale":[0.0,0.0,0.0]},"firstperson_righthand":{"rotation":[0.0,160.0,0.0],"translation":[-15.0,9.6,0.5]},"gui":{"rotation":[0.0,-180.0,0.0],"scale":[0.33333334,0.33333334,0.33333334]},"ground":{"rotation":[90.0,0.0,0.0],"translation":[2.5,0.0,-0.75],"scale":[0.8,0.8,0.8]},"fixed":{"rotation":[0.0,0.0,45.0],"translation":[0.25,0.75,0.0],"scale":[0.6,0.6,0.6]}}}