{"elements":[{"from":[4.15,7.86076,7.3],"to":[11.85,8.13924,7.7],"faces":{"north":{"texture":"#o0","uv":[0.0,1.0,0.25,1.25]},"east":{"texture":"#o0","uv":[0.0,1.0,0.25,1.25]},"south":{"texture":"#o0","uv":[0.5,1.0,0.75,1.25]},"west":{"texture":"#o0","uv":[0.0,1.0,0.25,1.25]},"up":{"texture":"#o0","uv":[0.0,1.0,0.25,1.25]},"down":{"texture":"#o0","uv":[0.0,1.0,0.25,1.25]}},"rotation":{"angle":-45.0,"axis":"x","origin":[4.65,8.0,8.0]},"name":"hexadecagon"},{"from":[4.15,7.86076,7.3],"to":[11.85,8.13924,7.7],"faces":{"north":{"texture":"#o0","uv":[0.0,1.0,0.25,1.25]},"east":{"texture":"#o0","uv":[0.0,1.0,0.25,1.25]},"south":{"texture":"#o0","uv":[0.5,1.0,0.75,1.25]},"west":{"texture":"#o0","uv":[0.0,1.0,0.25,1.25]},"up":{"texture":"#o0","uv":[0.0,1.0,0.25,1.25]},"down":{"texture":"#o0","uv":[0.0,1.0,0.25,1.25]}},"rotation":{"angle":-22.5,"axis":"x","origin":[4.65,8.0,8.0]},"name":"hexadecagon"},{"from":[4.15,7.86076,7.3],"to":[11.85,8.13924,7.7],"faces":{"north":{"texture":"#o0","uv":[0.0,1.0,0.25,1.25]},"east":{"texture":"#o0","uv":[0.0,1.0,0.25,1.25]},"south":{"texture":"#o0","uv":[0.5,1.0,0.75,1.25]},"west":{"texture":"#o0","uv":[0.0,1.0,0.25,1.25]},"up":{"texture":"#o0","uv":[0.0,1.0,0.25,1.25]},"down":{"texture":"#o0","uv":[0.0,1.0,0.25,1.25]}},"rotation":{"angle":0.0,"axis":"x","origin":[4.65,8.0,8.0]},"name":"hexadecagon"},{"from":[4.15,7.86076,7.3],"to":[11.85,8.13924,7.7],"faces":{"north":{"texture":"#o0","uv":[0.0,1.0,0.25,1.25]},"east":{"texture":"#o0","uv":[0.0,1.0,0.25,1.25]},"south":{"texture":"#o0","uv":[0.5,1.0,0.75,1.25]},"west":{"texture":"#o0","uv":[0.0,1.0,0.25,1.25]},"up":{"texture":"#o0","uv":[0.0,1.0,0.25,1.25]},"down":{"texture":"#o0","uv":[0.0,1.0,0.25,1.25]}},"rotation":{"angle":22.5,"axis":"x","origin":[4.65,8.0,8.0]},"name":"hexadecagon"},{"from":[4.15,7.86076,7.3],"to":[11.85,8.13924,7.7],"faces":{"north":{"texture":"#o0","uv":[0.0,1.0,0.25,1.25]},"east":{"texture":"#o0","uv":[0.0,1.0,0.25,1.25]},"south":{"texture":"#o0","uv":[0.5,1.0,0.75,1.25]},"west":{"texture":"#o0","uv":[0.0,1.0,0.25,1.25]},"up":{"texture":"#o0","uv":[0.0,1.0,0.25,1.25]},"down":{"texture":"#o0","uv":[0.0,1.0,0.25,1.25]}},"rotation":{"angle":45.0,"axis":"x","origin":[4.65,8.0,8.0]},"name":"hexadecagon"},{"from":[4.15,7.86076,8.3],"to":[11.85,8.13924,8.7],"faces":{"north":{"texture":"#o0","uv":[0.5,1.0,0.75,1.25]},"east":{"texture":"#o0","uv":[0.0,1.0,0.25,1.25]},"south":{"texture":"#o0","uv":[0.0,1.0,0.25,1.25]},"west":{"texture":"#o0","uv":[0.0,1.0,0.25,1.25]},"up":{"texture":"#o0","uv":[0.0,1.0,0.25,1.25]},"down":{"texture":"#o0","uv":[0.0,1.0,0.25,1.25]}},"rotation":{"angle":-45.0,"axis":"x","origin":[4.65,8.0,8.0]},"name":"hexadecagon"},{"from":[4.15,7.86076,8.3],"to":[11.85,8.13924,8.7],"faces":{"north":{"texture":"#o0","uv":[0.5,1.0,0.75,1.25]},"east":{"texture":"#o0","uv":[0.0,1.0,0.25,1.25]},"south":{"texture":"#o0","uv":[0.0,1.0,0.25,1.25]},"west":{"texture":"#o0","uv":[0.0,1.0,0.25,1.25]},"up":{"texture":"#o0","uv":[0.0,1.0,0.25,1.25]},"down":{"texture":"#o0","uv":[0.0,1.0,0.25,1.25]}},"rotation":{"angle":-22.5,"axis":"x","origin":[4.65,8.0,8.0]},"name":"hexadecagon"},{"from":[4.15,7.86076,8.3],"to":[11.85,8.13924,8.7],"faces":{"north":{"texture":"#o0","uv":[0.5,1.0,0.75,1.25]},"east":{"texture":"#o0","uv":[0.0,1.0,0.25,1.25]},"south":{"texture":"#o0","uv":[0.0,1.0,0.25,1.25]},"west":{"texture":"#o0","uv":[0.0,1.0,0.25,1.25]},"up":{"texture":"#o0","uv":[0.0,1.0,0.25,1.25]},"down":{"texture":"#o0","uv":[0.0,1.0,0.25,1.25]}},"rotation":{"angle":0.0,"axis":"x","origin":[4.65,8.0,8.0]},"name":"hexadecagon"},{"from":[4.15,7.86076,8.3],"to":[11.85,8.13924,8.7],"faces":{"north":{"texture":"#o0","uv":[0.5,1.0,0.75,1.25]},"east":{"texture":"#o0","uv":[0.0,1.0,0.25,1.25]},"south":{"texture":"#o0","uv":[0.0,1.0,0.25,1.25]},"west":{"texture":"#o0","uv":[0.0,1.0,0.25,1.25]},"up":{"texture":"#o0","uv":[0.0,1.0,0.25,1.25]},"down":{"texture":"#o0","uv":[0.0,1.0,0.25,1.25]}},"rotation":{"angle":22.5,"axis":"x","origin":[4.65,8.0,8.0]},"name":"hexadecagon"},{"from":[4.15,7.86076,8.3],"to":[11.85,8.13924,8.7],"faces":{"north":{"texture":"#o0","uv":[0.5,1.0,0.75,1.25]},"east":{"texture":"#o0","uv":[0.0,1.0,0.25,1.25]},"south":{"texture":"#o0","uv":[0.0,1.0,0.25,1.25]},"west":{"texture":"#o0","uv":[0.0,1.0,0.25,1.25]},"up":{"texture":"#o0","uv":[0.0,1.0,0.25,1.25]},"down":{"texture":"#o0","uv":[0.0,1.0,0.25,1.25]}},"rotation":{"angle":45.0,"axis":"x","origin":[4.65,8.0,8.0]},"name":"hexadecagon"},{"from":[4.15,7.3,7.86076],"to":[11.85,7.7,8.13924],"faces":{"north":{"texture":"#o0","uv":[0.0,1.0,0.25,1.25]},"east":{"texture":"#o0","uv":[0.0,1.0,0.25,1.25]},"south":{"texture":"#o0","uv":[0.0,1.0,0.25,1.25]},"west":{"texture":"#o0","uv":[0.0,1.0,0.25,1.25]},"up":{"texture":"#o0","uv":[0.5,1.0,0.75,1.25]},"down":{"texture":"#o0","uv":[0.0,1.0,0.25,1.25]}},"rotation":{"angle":-22.5,"axis":"x","origin":[4.65,8.0,8.0]},"name":"hexadecagon"},{"from":[4.15,7.3,7.86076],"to":[11.85,7.7,8.13924],"faces":{"north":{"texture":"#o0","uv":[0.0,1.0,0.25,1.25]},"east":{"texture":"#o0","uv":[0.0,1.0,0.25,1.25]},"south":{"texture":"#o0","uv":[0.0,1.0,0.25,1.25]},"west":{"texture":"#o0","uv":[0.0,1.0,0.25,1.25]},"up":{"texture":"#o0","uv":[0.5,1.0,0.75,1.25]},"down":{"texture":"#o0","uv":[0.0,1.0,0.25,1.25]}},"rotation":{"angle":0.0,"axis":"x","origin":[4.65,8.0,8.0]},"name":"hexadecagon"},{"from":[4.15,7.3,7.86076],"to":[11.85,7.7,8.13924],"faces":{"north":{"texture":"#o0","uv":[0.0,1.0,0.25,1.25]},"east":{"texture":"#o0","uv":[0.0,1.0,0.25,1.25]},"south":{"texture":"#o0","uv":[0.0,1.0,0.25,1.25]},"west":{"texture":"#o0","uv":[0.0,1.0,0.25,1.25]},"up":{"texture":"#o0","uv":[0.5,1.0,0.75,1.25]},"down":{"texture":"#o0","uv":[0.0,1.0,0.25,1.25]}},"rotation":{"angle":22.5,"axis":"x","origin":[4.65,8.0,8.0]},"name":"hexadecagon"},{"from":[4.15,8.3,7.86076],"to":[11.85,8.7,8.13924],"faces":{"north":{"texture":"#o0","uv":[0.0,1.0,0.25,1.25]},"east":{"texture":"#o0","uv":[0.0,1.0,0.25,1.25]},"south":{"texture":"#o0","uv":[0.0,1.0,0.25,1.25]},"west":{"texture":"#o0","uv":[0.0,1.0,0.25,1.25]},"up":{"texture":"#o0","uv":[0.0,1.0,0.25,1.25]},"down":{"texture":"#o0","uv":[0.5,1.0,0.75,1.25]}},"rotation":{"angle":-22.5,"axis":"x","origin":[4.65,8.0,8.0]},"name":"hexadecagon"},{"from":[4.15,8.3,7.86076],"to":[11.85,8.7,8.13924],"faces":{"north":{"texture":"#o0","uv":[0.0,1.0,0.25,1.25]},"east":{"texture":"#o0","uv":[0.0,1.0,0.25,1.25]},"south":{"texture":"#o0","uv":[0.0,1.0,0.25,1.25]},"west":{"texture":"#o0","uv":[0.0,1.0,0.25,1.25]},"up":{"texture":"#o0","uv":[0.0,1.0,0.25,1.25]},"down":{"texture":"#o0","uv":[0.5,1.0,0.75,1.25]}},"rotation":{"angle":0.0,"axis":"x","origin":[4.65,8.0,8.0]},"name":"hexadecagon"},{"from":[4.15,8.3,7.86076],"to":[11.85,8.7,8.13924],"faces":{"north":{"texture":"#o0","uv":[0.0,1.0,0.25,1.25]},"east":{"texture":"#o0","uv":[0.0,1.0,0.25,1.25]},"south":{"texture":"#o0","uv":[0.0,1.0,0.25,1.25]},"west":{"texture":"#o0","uv":[0.0,1.0,0.25,1.25]},"up":{"texture":"#o0","uv":[0.0,1.0,0.25,1.25]},"down":{"texture":"#o0","uv":[0.5,1.0,0.75,1.25]}},"rotation":{"angle":22.5,"axis":"x","origin":[4.65,8.0,8.0]},"name":"hexadecagon"}],"textures":{"o0":"raincoat:generated/b"},"gui_light":"front","display":{"thirdperson_righthand":{"rotation":[75.0,45.0,0.0],"translation":[0.0,1.75,0.5],"scale":[0.55,0.55,0.55]},"firstperson_righthand":{"rotation":[0.0,0.0,90.0],"translation":[0.0,9.1,0.25]},"gui":{"rotation":[0.0,-180.0,45.0],"scale":[2.0,2.0,2.0]}},"credit":"Made with Blockbench by patch0010","groups":[{"name":"hexadecagon","origin":[-12.15,8.22,7.93],"color":0,"children":[0,1,2,3,4,5,6,7,8,9,10,11,12,13,14,15]}]}