{"parent":"raincoat:generated/4681991ed70638579cb979d6107527c4fbee4445","display":{"thirdperson_lefthand":{"scale":[0.0,0.0,0.0]},"thirdperson_righthand":{"scale":[0.0,0.0,0.0]},"firstperson_lefthand":{"scale":[0.0,0.0,0.0]},"firstperson_righthand":{"rotation":[0.0,65.0,0.0],"translation":[-9.0,9.1,3.25]},"head":{"rotation":[0.0,-90.0,-90.0],"translation":[-1.75,-42.0,0.25],"scale":[0.6,0.6,0.6]},"gui":{"rotation":[0.0,-180.0,0.0],"scale":[0.33333334,0.33333334,0.33333334]},"ground":{"rotation":[0.0,0.0,90.0],"translation":[0.0,0.75,-0.75],"scale":[0.5,0.5,0.5]},"fixed":{"rotation":[90.0,-45.0,90.0],"translation":[0.0,0.0,-1.5],"scale":[0.6,0.6,0.6]}}}