{"parent":"raincoat:generated/f2d804eb758aac1a1811caf8fb3feea455b262ec","display":{"thirdperson_lefthand":{"scale":[0.0,0.0,0.0]},"thirdperson_righthand":{"scale":[0.0,0.0,0.0]},"firstperson_lefthand":{"scale":[0.0,0.0,0.0]},"firstperson_righthand":{"rotation":[0.0,160.0,0.0],"translation":[-10.25,13.85,5.5],"scale":[0.4,0.4,0.4]},"gui":{"rotation":[0.0,-180.0,0.0],"scale":[0.33333334,0.33333334,0.33333334]},"ground":{"rotation":[90.0,0.0,0.0],"translation":[2.0,0.0,0.0],"scale":[0.6,0.6,0.6]},"fixed":{"rotation":[0.0,0.0,45.0],"translation":[0.25,1.25,0.0],"scale":[0.6,0.6,0.6]}}}