{"parent":"raincoat:generated/a262ace11a44686b04e5a630464401057bf1c6c7","display":{"thirdperson_lefthand":{"scale":[0.0,0.0,0.0]},"thirdperson_righthand":{"scale":[0.0,0.0,0.0]},"firstperson_lefthand":{"scale":[0.0,0.0,0.0]},"firstperson_righthand":{"rotation":[0.0,157.0,0.0],"translation":[-9.25,14.85,7.75],"scale":[0.4,0.4,0.4]},"gui":{"rotation":[0.0,-180.0,0.0],"scale":[0.33333334,0.33333334,0.33333334]},"ground":{"rotation":[90.0,0.0,0.0],"translation":[0.25,0.0,0.5],"scale":[0.7,0.7,0.7]},"fixed":{"rotation":[0.0,0.0,45.0],"translation":[-0.5,0.75,-0.5],"scale":[0.7,0.7,0.7]}}}