{"elements":[{"from":[7.90054,7.5,0.0],"to":[8.09946,7.6,16.0],"faces":{"north":{"texture":"#o0","uv":[1.0,1.0,2.0,2.0]},"south":{"texture":"#o0","uv":[1.0,1.0,2.0,2.0]},"up":{"texture":"#o0","uv":[5.0,1.0,6.0,2.0]},"down":{"texture":"#o0","uv":[1.0,1.0,2.0,2.0]}},"rotation":{"angle":-45.0,"axis":"z","origin":[8.0,8.0,11.5]},"name":"hexadecagon"},{"from":[7.90054,7.5,0.0],"to":[8.09946,7.6,16.0],"faces":{"north":{"texture":"#o0","uv":[1.0,1.0,2.0,2.0]},"south":{"texture":"#o0","uv":[1.0,1.0,2.0,2.0]},"up":{"texture":"#o0","uv":[5.0,1.0,6.0,2.0]},"down":{"texture":"#o0","uv":[1.0,1.0,2.0,2.0]}},"rotation":{"angle":-22.5,"axis":"z","origin":[8.0,8.0,11.5]},"name":"hexadecagon"},{"from":[7.90054,7.5,0.0],"to":[8.09946,7.6,16.0],"faces":{"north":{"texture":"#o0","uv":[1.0,1.0,2.0,2.0]},"south":{"texture":"#o0","uv":[1.0,1.0,2.0,2.0]},"up":{"texture":"#o0","uv":[5.0,1.0,6.0,2.0]},"down":{"texture":"#o0","uv":[1.0,1.0,2.0,2.0]}},"rotation":{"angle":0.0,"axis":"z","origin":[8.0,8.0,11.5]},"name":"hexadecagon"},{"from":[7.90054,7.5,0.0],"to":[8.09946,7.6,16.0],"faces":{"north":{"texture":"#o0","uv":[1.0,1.0,2.0,2.0]},"south":{"texture":"#o0","uv":[1.0,1.0,2.0,2.0]},"up":{"texture":"#o0","uv":[5.0,1.0,6.0,2.0]},"down":{"texture":"#o0","uv":[1.0,1.0,2.0,2.0]}},"rotation":{"angle":22.5,"axis":"z","origin":[8.0,8.0,11.5]},"name":"hexadecagon"},{"from":[7.90054,7.5,0.0],"to":[8.09946,7.6,16.0],"faces":{"north":{"texture":"#o0","uv":[1.0,1.0,2.0,2.0]},"south":{"texture":"#o0","uv":[1.0,1.0,2.0,2.0]},"up":{"texture":"#o0","uv":[5.0,1.0,6.0,2.0]},"down":{"texture":"#o0","uv":[1.0,1.0,2.0,2.0]}},"rotation":{"angle":45.0,"axis":"z","origin":[8.0,8.0,11.5]},"name":"hexadecagon"},{"from":[7.90054,8.4,0.0],"to":[8.09946,8.5,16.0],"faces":{"north":{"texture":"#o0","uv":[1.0,1.0,2.0,2.0]},"south":{"texture":"#o0","uv":[1.0,1.0,2.0,2.0]},"up":{"texture":"#o0","uv":[1.0,1.0,2.0,2.0]},"down":{"texture":"#o0","uv":[5.0,1.0,6.0,2.0]}},"rotation":{"angle":-45.0,"axis":"z","origin":[8.0,8.0,11.5]},"name":"hexadecagon"},{"from":[7.90054,8.4,0.0],"to":[8.09946,8.5,16.0],"faces":{"north":{"texture":"#o0","uv":[1.0,1.0,2.0,2.0]},"south":{"texture":"#o0","uv":[1.0,1.0,2.0,2.0]},"up":{"texture":"#o0","uv":[1.0,1.0,2.0,2.0]},"down":{"texture":"#o0","uv":[5.0,1.0,6.0,2.0]}},"rotation":{"angle":-22.5,"axis":"z","origin":[8.0,8.0,11.5]},"name":"hexadecagon"},{"from":[7.90054,8.4,0.0],"to":[8.09946,8.5,16.0],"faces":{"north":{"texture":"#o0","uv":[1.0,1.0,2.0,2.0]},"south":{"texture":"#o0","uv":[1.0,1.0,2.0,2.0]},"up":{"texture":"#o0","uv":[1.0,1.0,2.0,2.0]},"down":{"texture":"#o0","uv":[5.0,1.0,6.0,2.0]}},"rotation":{"angle":0.0,"axis":"z","origin":[8.0,8.0,11.5]},"name":"hexadecagon"},{"from":[7.90054,8.4,0.0],"to":[8.09946,8.5,16.0],"faces":{"north":{"texture":"#o0","uv":[1.0,1.0,2.0,2.0]},"south":{"texture":"#o0","uv":[1.0,1.0,2.0,2.0]},"up":{"texture":"#o0","uv":[1.0,1.0,2.0,2.0]},"down":{"texture":"#o0","uv":[5.0,1.0,6.0,2.0]}},"rotation":{"angle":22.5,"axis":"z","origin":[8.0,8.0,11.5]},"name":"hexadecagon"},{"from":[7.90054,8.4,0.0],"to":[8.09946,8.5,16.0],"faces":{"north":{"texture":"#o0","uv":[1.0,1.0,2.0,2.0]},"south":{"texture":"#o0","uv":[1.0,1.0,2.0,2.0]},"up":{"texture":"#o0","uv":[1.0,1.0,2.0,2.0]},"down":{"texture":"#o0","uv":[5.0,1.0,6.0,2.0]}},"rotation":{"angle":45.0,"axis":"z","origin":[8.0,8.0,11.5]},"name":"hexadecagon"},{"from":[7.5,7.90054,0.0],"to":[7.6,8.09946,16.0],"faces":{"north":{"texture":"#o0","uv":[1.0,1.0,2.0,2.0]},"east":{"texture":"#o0","uv":[5.0,1.0,6.0,2.0]},"south":{"texture":"#o0","uv":[1.0,1.0,2.0,2.0]},"west":{"texture":"#o0","uv":[1.0,1.0,2.0,2.0]}},"rotation":{"angle":-22.5,"axis":"z","origin":[8.0,8.0,11.5]},"name":"hexadecagon"},{"from":[7.5,7.90054,0.0],"to":[7.6,8.09946,16.0],"faces":{"north":{"texture":"#o0","uv":[1.0,1.0,2.0,2.0]},"east":{"texture":"#o0","uv":[5.0,1.0,6.0,2.0]},"south":{"texture":"#o0","uv":[1.0,1.0,2.0,2.0]},"west":{"texture":"#o0","uv":[1.0,1.0,2.0,2.0]}},"rotation":{"angle":0.0,"axis":"z","origin":[8.0,8.0,11.5]},"name":"hexadecagon"},{"from":[7.5,7.90054,0.0],"to":[7.6,8.09946,16.0],"faces":{"north":{"texture":"#o0","uv":[1.0,1.0,2.0,2.0]},"east":{"texture":"#o0","uv":[5.0,1.0,6.0,2.0]},"south":{"texture":"#o0","uv":[1.0,1.0,2.0,2.0]},"west":{"texture":"#o0","uv":[1.0,1.0,2.0,2.0]}},"rotation":{"angle":22.5,"axis":"z","origin":[8.0,8.0,11.5]},"name":"hexadecagon"},{"from":[8.4,7.90054,0.0],"to":[8.5,8.09946,16.0],"faces":{"north":{"texture":"#o0","uv":[1.0,1.0,2.0,2.0]},"east":{"texture":"#o0","uv":[1.0,1.0,2.0,2.0]},"south":{"texture":"#o0","uv":[1.0,1.0,2.0,2.0]},"west":{"texture":"#o0","uv":[5.0,1.0,6.0,2.0]}},"rotation":{"angle":-22.5,"axis":"z","origin":[8.0,8.0,11.5]},"name":"hexadecagon"},{"from":[8.4,7.90054,0.0],"to":[8.5,8.09946,16.0],"faces":{"north":{"texture":"#o0","uv":[1.0,1.0,2.0,2.0]},"east":{"texture":"#o0","uv":[1.0,1.0,2.0,2.0]},"south":{"texture":"#o0","uv":[1.0,1.0,2.0,2.0]},"west":{"texture":"#o0","uv":[5.0,1.0,6.0,2.0]}},"rotation":{"angle":0.0,"axis":"z","origin":[8.0,8.0,11.5]},"name":"hexadecagon"},{"from":[8.4,7.90054,0.0],"to":[8.5,8.09946,16.0],"faces":{"north":{"texture":"#o0","uv":[1.0,1.0,2.0,2.0]},"east":{"texture":"#o0","uv":[1.0,1.0,2.0,2.0]},"south":{"texture":"#o0","uv":[1.0,1.0,2.0,2.0]},"west":{"texture":"#o0","uv":[5.0,1.0,6.0,2.0]}},"rotation":{"angle":22.5,"axis":"z","origin":[8.0,8.0,11.5]},"name":"hexadecagon"}],"textures":{"o0":"raincoat:generated/2f","o1":"raincoat:generated/2f"},"gui_light":"front","display":{"thirdperson_righthand":{"translation":[0.0,0.25,0.0],"scale":[0.4,0.4,0.4]},"firstperson_righthand":{"translation":[0.0,9.6,0.0]},"gui":{"rotation":[-60.0,-30.0,0.0],"scale":[1.2,1.2,1.2]}},"credit":"Made with Blockbench by patch0010","groups":[{"name":"long","origin":[8.0,10.4,23.3],"color":0,"children":[0,1,2,3,4,5,6,7,8,9,10,11,12,13,14,15]}]}