{"elements":[{"from":[7.2906,2.4,3.93137],"to":[8.7094,3.0,11.43137],"faces":{"north":{"texture":"#o0","uv":[1.0,1.0,2.0,2.0]},"east":{"texture":"#o0","uv":[1.0,1.0,2.0,2.0]},"south":{"texture":"#o0","uv":[1.0,1.0,2.0,2.0]},"west":{"texture":"#o0","uv":[1.0,1.0,2.0,2.0]},"up":{"texture":"#o0","uv":[1.0,1.0,2.0,2.0]}},"rotation":{"angle":0.0,"axis":"y","origin":[8.0,2.4,8.38137]},"name":"hexadecagon"},{"from":[7.5906,1.6,6.93137],"to":[8.4094,2.1,7.63137],"faces":{"north":{"texture":"#o0","uv":[1.0,1.0,2.0,2.0]},"east":{"texture":"#o0","uv":[1.0,1.0,2.0,2.0]},"west":{"texture":"#o0","uv":[1.0,1.0,2.0,2.0]},"down":{"texture":"#o0","uv":[1.0,1.0,2.0,2.0]}},"rotation":{"angle":0.0,"axis":"y","origin":[8.0,2.4,8.38137]},"name":"hexadecagon"},{"from":[7.2906,1.8,3.73137],"to":[8.7094,3.0,3.93137],"faces":{"north":{"texture":"#o0","uv":[1.0,1.0,2.0,2.0]},"east":{"texture":"#o0","uv":[1.0,1.0,2.0,2.0]},"south":{"texture":"#o0","uv":[1.0,1.0,2.0,2.0]},"west":{"texture":"#o0","uv":[1.0,1.0,2.0,2.0]},"up":{"texture":"#o0","uv":[1.0,1.0,2.0,2.0]},"down":{"texture":"#o0","uv":[1.0,1.0,2.0,2.0]}},"rotation":{"angle":0.0,"axis":"y","origin":[8.0,2.4,8.38137]},"name":"hexadecagon"},{"from":[7.69333,1.99727,3.93137],"to":[8.30667,2.39727,11.43137],"faces":{"south":{"texture":"#o0","uv":[1.0,1.0,2.0,2.0]},"down":{"texture":"#o0","uv":[1.0,1.0,2.0,2.0]}},"rotation":{"angle":0.0,"axis":"y","origin":[7.59727,3.49727,8.38137]},"name":"hexadecagon"},{"from":[7.46621,2.51715,3.93137],"to":[7.98501,2.71715,11.43137],"faces":{"south":{"texture":"#o0","uv":[1.0,1.0,2.0,2.0]},"west":{"texture":"#o0","uv":[1.0,1.0,2.0,2.0]}},"rotation":{"angle":22.5,"axis":"z","origin":[8.17561,2.11715,8.38137]},"name":"hexadecagon"},{"from":[7.58362,2.69258,3.93137],"to":[8.10242,2.89258,11.43137],"faces":{"south":{"texture":"#o0","uv":[1.0,1.0,2.0,2.0]},"west":{"texture":"#o0","uv":[1.0,1.0,2.0,2.0]}},"rotation":{"angle":45.0,"axis":"z","origin":[8.29302,2.29258,8.38137]},"name":"hexadecagon"},{"from":[7.73436,1.79019,3.93137],"to":[7.93436,2.30899,11.43137],"faces":{"south":{"texture":"#o0","uv":[1.0,1.0,2.0,2.0],"rotation":270},"down":{"texture":"#o0","uv":[1.0,1.0,2.0,2.0],"rotation":270}},"rotation":{"angle":-22.5,"axis":"z","origin":[8.33436,2.49959,8.38137]},"name":"hexadecagon"},{"from":[7.89758,2.69258,3.93137],"to":[8.41638,2.89258,11.43137],"faces":{"east":{"texture":"#o0","uv":[2.0,1.0,1.0,2.0]},"south":{"texture":"#o0","uv":[2.0,1.0,1.0,2.0]}},"rotation":{"angle":-45.0,"axis":"z","origin":[7.70698,2.29258,8.38137]},"name":"hexadecagon"},{"from":[8.01499,2.51715,3.93137],"to":[8.53379,2.71715,11.43137],"faces":{"east":{"texture":"#o0","uv":[2.0,1.0,1.0,2.0]},"south":{"texture":"#o0","uv":[2.0,1.0,1.0,2.0]}},"rotation":{"angle":-22.5,"axis":"z","origin":[7.82439,2.11715,8.38137]},"name":"hexadecagon"},{"from":[8.06564,1.79019,3.93137],"to":[8.26564,2.30899,11.43137],"faces":{"south":{"texture":"#o0","uv":[1.0,2.0,2.0,1.0],"rotation":270},"down":{"texture":"#o0","uv":[1.0,2.0,2.0,1.0],"rotation":270}},"rotation":{"angle":22.5,"axis":"z","origin":[7.66564,2.49959,8.38137]},"name":"hexadecagon"},{"from":[7.2906,0.19031,11.80194],"to":[8.7094,2.59031,12.10194],"faces":{"north":{"texture":"#o0","uv":[1.0,1.0,2.0,2.0],"rotation":180},"east":{"texture":"#o0","uv":[1.0,1.0,2.0,2.0],"rotation":270},"south":{"texture":"#o0","uv":[1.0,1.0,2.0,2.0]},"west":{"texture":"#o0","uv":[1.0,1.0,2.0,2.0],"rotation":90},"down":{"texture":"#o0","uv":[1.0,1.0,2.0,2.0]}},"rotation":{"angle":22.5,"axis":"x","origin":[8.0,4.34031,11.80194]},"name":"hexadecagon"},{"from":[7.3906,0.09031,11.80194],"to":[8.6094,0.19031,12.10194],"faces":{"north":{"texture":"#o0","uv":[1.0,1.0,2.0,2.0],"rotation":180},"east":{"texture":"#o0","uv":[1.0,1.0,2.0,2.0],"rotation":270},"south":{"texture":"#o0","uv":[1.0,1.0,2.0,2.0]},"west":{"texture":"#o0","uv":[1.0,1.0,2.0,2.0],"rotation":90},"down":{"texture":"#o0","uv":[1.0,1.0,2.0,2.0]}},"rotation":{"angle":22.5,"axis":"x","origin":[8.0,4.34031,11.80194]},"name":"hexadecagon"},{"from":[7.5906,-0.00969,11.80194],"to":[8.4094,0.09031,12.10194],"faces":{"north":{"texture":"#o0","uv":[1.0,1.0,2.0,2.0],"rotation":180},"east":{"texture":"#o0","uv":[1.0,1.0,2.0,2.0],"rotation":270},"south":{"texture":"#o0","uv":[1.0,1.0,2.0,2.0]},"west":{"texture":"#o0","uv":[1.0,1.0,2.0,2.0],"rotation":90},"down":{"texture":"#o0","uv":[1.0,1.0,2.0,2.0]}},"rotation":{"angle":22.5,"axis":"x","origin":[8.0,4.34031,11.80194]},"name":"hexadecagon"},{"from":[7.2906,1.2,5.63137],"to":[8.7094,1.6,10.43137],"faces":{"east":{"texture":"#o0","uv":[1.0,1.0,2.0,2.0]},"west":{"texture":"#o0","uv":[1.0,1.0,2.0,2.0]},"up":{"texture":"#o0","uv":[1.0,1.0,2.0,2.0]},"down":{"texture":"#o0","uv":[1.0,1.0,2.0,2.0]}},"rotation":{"angle":22.5,"axis":"x","origin":[8.0,1.3,9.08137]},"name":"hexadecagon"},{"from":[7.3906,1.1,5.63137],"to":[8.6094,1.2,10.43137],"faces":{"east":{"texture":"#o0","uv":[1.0,1.0,2.0,2.0]},"west":{"texture":"#o0","uv":[1.0,1.0,2.0,2.0]},"down":{"texture":"#o0","uv":[1.0,1.0,2.0,2.0]}},"rotation":{"angle":22.5,"axis":"x","origin":[8.0,1.3,9.08137]},"name":"hexadecagon"},{"from":[7.4906,1.0,5.63137],"to":[8.5094,1.1,10.43137],"faces":{"east":{"texture":"#o0","uv":[1.0,1.0,2.0,2.0]},"west":{"texture":"#o0","uv":[1.0,1.0,2.0,2.0]},"down":{"texture":"#o0","uv":[1.0,1.0,2.0,2.0]}},"rotation":{"angle":22.5,"axis":"x","origin":[8.0,1.3,9.08137]},"name":"hexadecagon"},{"from":[7.6906,0.9,5.63137],"to":[8.3094,1.0,10.43137],"faces":{"east":{"texture":"#o0","uv":[1.0,1.0,2.0,2.0]},"west":{"texture":"#o0","uv":[1.0,1.0,2.0,2.0]},"down":{"texture":"#o0","uv":[1.0,1.0,2.0,2.0]}},"rotation":{"angle":22.5,"axis":"x","origin":[8.0,1.3,9.08137]},"name":"hexadecagon"}],"textures":{"o0":"raincoat:generated/2e","o1":"raincoat:generated/2e"},"gui_light":"front","display":{"thirdperson_righthand":{"rotation":[0.0,90.0,0.0],"translation":[0.5,6.25,1.0]},"firstperson_righthand":{"rotation":[0.0,20.0,0.0],"translation":[-1.75,17.85,2.5]},"gui":{"rotation":[0.0,90.0,0.0],"translation":[0.75,9.0,0.0],"scale":[1.5,1.5,1.5]},"ground":{"translation":[0.0,8.25,0.0]}},"credit":"Made with Blockbench by patch0010"}