{"elements":[{"from":[-2.09356,11.42001,7.7977],"to":[-1.82787,11.48569,8.2977],"faces":{"north":{"texture":"#o0","uv":[12.1,0.1,12.9,0.9]},"south":{"texture":"#o0","uv":[12.1,0.1,12.9,0.9]},"down":{"texture":"#o0","uv":[12.1,0.1,12.9,0.9]}},"rotation":{"angle":22.5,"axis":"z","origin":[-1.59356,11.58569,8.0477]}},{"from":[-4.43854,10.44797,7.7977],"to":[-2.20729,11.24797,8.2977],"faces":{"north":{"texture":"#o0","uv":[12.1,0.1,12.9,0.9]},"south":{"texture":"#o0","uv":[12.1,0.1,12.9,0.9]},"up":{"texture":"#o0","uv":[12.1,0.1,12.9,0.9]},"down":{"texture":"#o0","uv":[12.1,0.1,12.9,0.9]}},"rotation":{"angle":45.0,"axis":"z","origin":[-3.30729,10.84797,8.0477]}},{"from":[-3.24663,10.34295,7.7977],"to":[-2.24663,11.34295,8.2977],"faces":{"north":{"texture":"#o0","uv":[12.1,0.1,12.9,0.9]},"east":{"texture":"#o0","uv":[12.1,0.1,12.9,0.9]},"south":{"texture":"#o0","uv":[12.1,0.1,12.9,0.9]}},"rotation":{"angle":0.0,"axis":"y","origin":[-6.0,0.0,0.0]}},{"from":[-2.81232,11.34295,7.7977],"to":[-1.64663,11.90863,8.2977],"faces":{"north":{"texture":"#o0","uv":[12.1,0.1,12.9,0.9]},"east":{"texture":"#o0","uv":[12.1,0.1,12.9,0.9]},"south":{"texture":"#o0","uv":[12.1,0.1,12.9,0.9]},"up":{"texture":"#o0","uv":[12.1,0.1,12.9,0.9]},"down":{"texture":"#o0","uv":[12.1,0.1,12.9,0.9]}},"rotation":{"angle":0.0,"axis":"y","origin":[-6.0,0.0,0.0]}},{"from":[-2.52225,11.37267,7.7977],"to":[-2.05657,11.63836,8.2977],"faces":{"north":{"texture":"#o0","uv":[12.1,0.1,12.9,0.9]},"south":{"texture":"#o0","uv":[12.1,0.1,12.9,0.9]},"down":{"texture":"#o0","uv":[12.1,0.1,12.9,0.9]}},"rotation":{"angle":45.0,"axis":"z","origin":[-1.92225,11.53836,8.0477]}},{"from":[-2.10782,10.86884,7.7977],"to":[-2.04213,11.13453,8.2977],"faces":{"north":{"texture":"#o0","uv":[12.1,0.1,12.9,0.9]},"east":{"texture":"#o0","uv":[12.1,0.1,12.9,0.9]},"south":{"texture":"#o0","uv":[12.1,0.1,12.9,0.9]}},"rotation":{"angle":-22.5,"axis":"z","origin":[-2.20782,11.36884,8.0477]}},{"from":[6.44834,9.74797,7.7977],"to":[7.22408,11.68939,8.2977],"faces":{"north":{"texture":"#o0","uv":[12.1,0.1,12.9,0.9]},"east":{"texture":"#o0","uv":[12.1,0.1,12.9,0.9]},"south":{"texture":"#o0","uv":[12.1,0.1,12.9,0.9]},"west":{"texture":"#o0","uv":[12.1,0.1,12.9,0.9]}},"rotation":{"angle":45.0,"axis":"z","origin":[6.84834,10.84797,8.0477]}},{"from":[7.34768,10.353,7.7977],"to":[15.33205,10.453,8.2977],"faces":{"north":{"texture":"#o0","uv":[12.1,0.1,12.9,0.9]},"east":{"texture":"#o0","uv":[12.1,0.1,12.9,0.9]},"south":{"texture":"#o0","uv":[12.1,0.1,12.9,0.9]},"up":{"texture":"#o0","uv":[12.1,0.1,12.9,0.9]}},"rotation":{"angle":0.0,"axis":"y","origin":[-6.0,0.0,0.0]}},{"from":[-1.64663,11.34295,7.7977],"to":[6.51906,11.70863,8.2977],"faces":{"north":{"texture":"#o0","uv":[12.1,0.1,12.9,0.9]},"south":{"texture":"#o0","uv":[12.1,0.1,12.9,0.9]},"up":{"texture":"#o0","uv":[12.1,0.1,12.9,0.9]},"down":{"texture":"#o0","uv":[12.1,0.1,12.9,0.9]}},"rotation":{"angle":0.0,"axis":"y","origin":[-6.0,0.0,0.0]}},{"from":[6.41906,11.67726,7.7977],"to":[6.7948,12.01867,8.2977],"faces":{"north":{"texture":"#o0","uv":[12.1,0.1,12.9,0.9]},"south":{"texture":"#o0","uv":[12.1,0.1,12.9,0.9]},"west":{"texture":"#o0","uv":[12.1,0.1,12.9,0.9]}},"rotation":{"angle":45.0,"axis":"z","origin":[6.81906,10.87726,8.0477]}},{"from":[-1.43407,11.70863,7.7977],"to":[-1.2215,11.90863,8.2977],"faces":{"north":{"texture":"#o0","uv":[12.1,0.1,12.9,0.9]},"east":{"texture":"#o0","uv":[12.1,0.1,12.9,0.9]},"south":{"texture":"#o0","uv":[12.1,0.1,12.9,0.9]},"west":{"texture":"#o0","uv":[12.1,0.1,12.9,0.9]},"up":{"texture":"#o0","uv":[12.1,0.1,12.9,0.9]}},"rotation":{"angle":0.0,"axis":"y","origin":[-6.0,0.0,0.0]}},{"from":[-1.00894,11.70863,7.7977],"to":[-0.79637,11.90863,8.2977],"faces":{"north":{"texture":"#o0","uv":[12.1,0.1,12.9,0.9]},"east":{"texture":"#o0","uv":[12.1,0.1,12.9,0.9]},"south":{"texture":"#o0","uv":[12.1,0.1,12.9,0.9]},"west":{"texture":"#o0","uv":[12.1,0.1,12.9,0.9]},"up":{"texture":"#o0","uv":[12.1,0.1,12.9,0.9]}},"rotation":{"angle":0.0,"axis":"y","origin":[-6.0,0.0,0.0]}},{"from":[-0.58381,11.70863,7.7977],"to":[-0.37124,11.90863,8.2977],"faces":{"north":{"texture":"#o0","uv":[12.1,0.1,12.9,0.9]},"east":{"texture":"#o0","uv":[12.1,0.1,12.9,0.9]},"south":{"texture":"#o0","uv":[12.1,0.1,12.9,0.9]},"west":{"texture":"#o0","uv":[12.1,0.1,12.9,0.9]},"up":{"texture":"#o0","uv":[12.1,0.1,12.9,0.9]}},"rotation":{"angle":0.0,"axis":"y","origin":[-6.0,0.0,0.0]}},{"from":[-0.15868,11.70863,7.7977],"to":[2.15389,11.90863,8.2977],"faces":{"north":{"texture":"#o0","uv":[12.1,0.1,12.9,0.9]},"east":{"texture":"#o0","uv":[12.1,0.1,12.9,0.9]},"south":{"texture":"#o0","uv":[12.1,0.1,12.9,0.9]},"west":{"texture":"#o0","uv":[12.1,0.1,12.9,0.9]},"up":{"texture":"#o0","uv":[12.1,0.1,12.9,0.9]}},"rotation":{"angle":0.0,"axis":"y","origin":[-6.0,0.0,0.0]}},{"from":[2.34132,11.70863,7.7977],"to":[4.35389,11.90863,8.2977],"faces":{"north":{"texture":"#o0","uv":[12.1,0.1,12.9,0.9]},"east":{"texture":"#o0","uv":[12.1,0.1,12.9,0.9]},"south":{"texture":"#o0","uv":[12.1,0.1,12.9,0.9]},"west":{"texture":"#o0","uv":[12.1,0.1,12.9,0.9]},"up":{"texture":"#o0","uv":[12.1,0.1,12.9,0.9]}},"rotation":{"angle":0.0,"axis":"y","origin":[-6.0,0.0,0.0]}},{"from":[4.55695,11.70863,7.7977],"to":[6.51906,11.90863,8.2977],"faces":{"north":{"texture":"#o0","uv":[12.1,0.1,12.9,0.9]},"east":{"texture":"#o0","uv":[12.1,0.1,12.9,0.9]},"south":{"texture":"#o0","uv":[12.1,0.1,12.9,0.9]},"west":{"texture":"#o0","uv":[12.1,0.1,12.9,0.9]},"up":{"texture":"#o0","uv":[12.1,0.1,12.9,0.9]}},"rotation":{"angle":0.0,"axis":"y","origin":[-6.0,0.0,0.0]}},{"from":[7.34768,10.453,7.7977],"to":[10.50979,10.653,8.2977],"faces":{"north":{"texture":"#o0","uv":[12.1,0.1,12.9,0.9]},"east":{"texture":"#o0","uv":[12.1,0.1,12.9,0.9]},"south":{"texture":"#o0","uv":[12.1,0.1,12.9,0.9]},"up":{"texture":"#o0","uv":[12.1,0.1,12.9,0.9]}},"rotation":{"angle":0.0,"axis":"y","origin":[-6.0,0.0,0.0]}},{"from":[10.74768,10.453,7.7977],"to":[15.33205,10.653,8.2977],"faces":{"north":{"texture":"#o0","uv":[12.1,0.1,12.9,0.9]},"east":{"texture":"#o0","uv":[12.1,0.1,12.9,0.9]},"south":{"texture":"#o0","uv":[12.1,0.1,12.9,0.9]},"west":{"texture":"#o0","uv":[12.1,0.1,12.9,0.9]},"up":{"texture":"#o0","uv":[12.1,0.1,12.9,0.9]}},"rotation":{"angle":0.0,"axis":"y","origin":[-6.0,0.0,0.0]}},{"from":[6.47945,6.55433,7.75156],"to":[14.61065,6.85001,8.33298],"faces":{"north":{"texture":"#o0","uv":[0.1,3.1,0.9,3.9]},"east":{"texture":"#o0","uv":[0.1,3.1,0.9,3.9]},"south":{"texture":"#o0","uv":[0.1,3.1,0.9,3.9]},"west":{"texture":"#o0","uv":[0.1,3.1,0.9,3.9]}},"rotation":{"angle":0.0,"axis":"y","origin":[12.46697,-1.88454,-3.78546]}},{"from":[6.47945,6.47998,7.67552],"to":[14.61065,6.47788,8.40585],"faces":{"down":{"texture":"#o0","uv":[0.1,3.1,0.9,3.9],"rotation":180}},"rotation":{"angle":0.0,"axis":"y","origin":[12.46697,-1.88454,-3.78546]}},{"from":[13.87145,6.40649,7.75156],"to":[14.61065,6.55433,8.33298],"faces":{"east":{"texture":"#o0","uv":[0.1,3.1,0.9,3.9]},"west":{"texture":"#o0","uv":[0.1,3.1,0.9,3.9]},"down":{"texture":"#o0","uv":[0.1,3.1,0.9,3.9]}},"rotation":{"angle":0.0,"axis":"y","origin":[12.46697,-1.88454,-3.78546]}},{"from":[13.87145,6.3236,8.30608],"to":[14.61065,6.42814,8.41061],"faces":{"east":{"texture":"#o0","uv":[0.1,3.1,0.9,3.9],"rotation":180},"west":{"texture":"#o0","uv":[0.1,3.1,0.9,3.9],"rotation":180},"down":{"texture":"#o0","uv":[0.1,3.1,0.9,3.9],"rotation":180}},"rotation":{"angle":-45.0,"axis":"x","origin":[14.24105,6.39752,8.21947]}},{"from":[13.87145,6.59392,7.78589],"to":[14.61065,6.69846,7.89042],"faces":{"north":{"texture":"#o0","uv":[0.0,0.0,0.0,0.0]},"east":{"texture":"#o0","uv":[0.1,3.1,0.9,3.9]},"south":{"texture":"#o0","uv":[0.0,0.0,0.0,0.0]},"west":{"texture":"#o0","uv":[0.1,3.1,0.9,3.9]},"up":{"texture":"#o0","uv":[0.0,0.0,0.0,0.0],"rotation":180},"down":{"texture":"#o0","uv":[0.1,3.1,0.9,3.9],"rotation":180}},"rotation":{"angle":45.0,"axis":"x","origin":[14.24105,6.66784,7.59474]}},{"from":[12.39305,6.59392,7.78589],"to":[13.13225,6.69846,7.89042],"faces":{"north":{"texture":"#o0","uv":[0.0,0.0,0.0,0.0]},"east":{"texture":"#o0","uv":[0.1,3.1,0.9,3.9]},"south":{"texture":"#o0","uv":[0.0,0.0,0.0,0.0]},"west":{"texture":"#o0","uv":[0.1,3.1,0.9,3.9]},"up":{"texture":"#o0","uv":[0.0,0.0,0.0,0.0],"rotation":180},"down":{"texture":"#o0","uv":[0.1,3.1,0.9,3.9],"rotation":180}},"rotation":{"angle":45.0,"axis":"x","origin":[12.76265,6.66784,7.59474]}},{"from":[12.39305,6.40649,7.75156],"to":[13.13225,6.55433,8.33298],"faces":{"east":{"texture":"#o0","uv":[0.1,3.1,0.9,3.9]},"west":{"texture":"#o0","uv":[0.1,3.1,0.9,3.9]},"down":{"texture":"#o0","uv":[0.1,3.1,0.9,3.9]}},"rotation":{"angle":0.0,"axis":"y","origin":[12.46697,-1.88454,-3.78546]}},{"from":[12.39305,6.3236,8.30608],"to":[13.13225,6.42814,8.41061],"faces":{"east":{"texture":"#o0","uv":[0.1,3.1,0.9,3.9],"rotation":180},"west":{"texture":"#o0","uv":[0.1,3.1,0.9,3.9],"rotation":180},"down":{"texture":"#o0","uv":[0.1,3.1,0.9,3.9],"rotation":180}},"rotation":{"angle":-45.0,"axis":"x","origin":[12.76265,6.39752,8.21947]}},{"from":[9.43625,6.59392,7.78589],"to":[10.17545,6.69846,7.89042],"faces":{"north":{"texture":"#o0","uv":[0.0,0.0,0.0,0.0]},"east":{"texture":"#o0","uv":[0.1,3.1,0.9,3.9]},"south":{"texture":"#o0","uv":[0.0,0.0,0.0,0.0]},"west":{"texture":"#o0","uv":[0.1,3.1,0.9,3.9]},"up":{"texture":"#o0","uv":[0.0,0.0,0.0,0.0],"rotation":180},"down":{"texture":"#o0","uv":[0.1,3.1,0.9,3.9],"rotation":180}},"rotation":{"angle":45.0,"axis":"x","origin":[9.80585,6.66784,7.59474]}},{"from":[9.43625,6.40649,7.75156],"to":[10.17545,6.55433,8.33298],"faces":{"east":{"texture":"#o0","uv":[0.1,3.1,0.9,3.9]},"west":{"texture":"#o0","uv":[0.1,3.1,0.9,3.9]},"down":{"texture":"#o0","uv":[0.1,3.1,0.9,3.9]}},"rotation":{"angle":0.0,"axis":"y","origin":[12.46697,-1.88454,-3.78546]}},{"from":[9.43625,6.3236,8.30608],"to":[10.17545,6.42814,8.41061],"faces":{"east":{"texture":"#o0","uv":[0.1,3.1,0.9,3.9],"rotation":180},"west":{"texture":"#o0","uv":[0.1,3.1,0.9,3.9],"rotation":180},"down":{"texture":"#o0","uv":[0.1,3.1,0.9,3.9],"rotation":180}},"rotation":{"angle":-45.0,"axis":"x","origin":[9.80585,6.39752,8.21947]}},{"from":[10.91465,6.59392,7.78589],"to":[11.65385,6.69846,7.89042],"faces":{"north":{"texture":"#o0","uv":[0.0,0.0,0.0,0.0]},"east":{"texture":"#o0","uv":[0.1,3.1,0.9,3.9]},"south":{"texture":"#o0","uv":[0.0,0.0,0.0,0.0]},"west":{"texture":"#o0","uv":[0.1,3.1,0.9,3.9]},"up":{"texture":"#o0","uv":[0.0,0.0,0.0,0.0],"rotation":180},"down":{"texture":"#o0","uv":[0.1,3.1,0.9,3.9],"rotation":180}},"rotation":{"angle":45.0,"axis":"x","origin":[11.28425,6.66784,7.59474]}},{"from":[10.91465,6.40649,7.75156],"to":[11.65385,6.55433,8.33298],"faces":{"east":{"texture":"#o0","uv":[0.1,3.1,0.9,3.9]},"west":{"texture":"#o0","uv":[0.1,3.1,0.9,3.9]},"down":{"texture":"#o0","uv":[0.1,3.1,0.9,3.9]}},"rotation":{"angle":0.0,"axis":"y","origin":[12.46697,-1.88454,-3.78546]}},{"from":[10.91465,6.3236,8.30608],"to":[11.65385,6.42814,8.41061],"faces":{"east":{"texture":"#o0","uv":[0.1,3.1,0.9,3.9],"rotation":180},"west":{"texture":"#o0","uv":[0.1,3.1,0.9,3.9],"rotation":180},"down":{"texture":"#o0","uv":[0.1,3.1,0.9,3.9],"rotation":180}},"rotation":{"angle":-45.0,"axis":"x","origin":[11.28425,6.39752,8.21947]}},{"from":[6.47945,6.59392,7.78589],"to":[7.21865,6.69846,7.89042],"faces":{"north":{"texture":"#o0","uv":[0.0,0.0,0.0,0.0]},"east":{"texture":"#o0","uv":[0.1,3.1,0.9,3.9]},"south":{"texture":"#o0","uv":[0.0,0.0,0.0,0.0]},"west":{"texture":"#o0","uv":[0.1,3.1,0.9,3.9]},"up":{"texture":"#o0","uv":[0.0,0.0,0.0,0.0],"rotation":180},"down":{"texture":"#o0","uv":[0.1,3.1,0.9,3.9],"rotation":180}},"rotation":{"angle":45.0,"axis":"x","origin":[6.84905,6.66784,7.59474]}},{"from":[6.47945,6.40649,7.75156],"to":[7.21865,6.55433,8.33298],"faces":{"east":{"texture":"#o0","uv":[0.1,3.1,0.9,3.9]},"west":{"texture":"#o0","uv":[0.1,3.1,0.9,3.9]},"down":{"texture":"#o0","uv":[0.1,3.1,0.9,3.9]}},"rotation":{"angle":0.0,"axis":"y","origin":[12.46697,-1.88454,-3.78546]}},{"from":[6.47945,6.3236,8.30608],"to":[7.21865,6.42814,8.41061],"faces":{"east":{"texture":"#o0","uv":[0.1,3.1,0.9,3.9],"rotation":180},"west":{"texture":"#o0","uv":[0.1,3.1,0.9,3.9],"rotation":180},"down":{"texture":"#o0","uv":[0.1,3.1,0.9,3.9],"rotation":180}},"rotation":{"angle":-45.0,"axis":"x","origin":[6.84905,6.39752,8.21947]}},{"from":[7.95785,6.59392,7.78589],"to":[8.69705,6.69846,7.89042],"faces":{"north":{"texture":"#o0","uv":[0.0,0.0,0.0,0.0]},"east":{"texture":"#o0","uv":[0.1,3.1,0.9,3.9]},"south":{"texture":"#o0","uv":[0.0,0.0,0.0,0.0]},"west":{"texture":"#o0","uv":[0.1,3.1,0.9,3.9]},"up":{"texture":"#o0","uv":[0.0,0.0,0.0,0.0],"rotation":180},"down":{"texture":"#o0","uv":[0.1,3.1,0.9,3.9],"rotation":180}},"rotation":{"angle":45.0,"axis":"x","origin":[8.32745,6.66784,7.59474]}},{"from":[7.95785,6.40649,7.75156],"to":[8.69705,6.55433,8.33298],"faces":{"east":{"texture":"#o0","uv":[0.1,3.1,0.9,3.9]},"west":{"texture":"#o0","uv":[0.1,3.1,0.9,3.9]},"down":{"texture":"#o0","uv":[0.1,3.1,0.9,3.9]}},"rotation":{"angle":0.0,"axis":"y","origin":[12.46697,-1.88454,-3.78546]}},{"from":[7.95785,6.3236,8.30608],"to":[8.69705,6.42814,8.41061],"faces":{"east":{"texture":"#o0","uv":[0.1,3.1,0.9,3.9],"rotation":180},"west":{"texture":"#o0","uv":[0.1,3.1,0.9,3.9],"rotation":180},"down":{"texture":"#o0","uv":[0.1,3.1,0.9,3.9],"rotation":180}},"rotation":{"angle":-45.0,"axis":"x","origin":[8.32745,6.39752,8.21947]}},{"from":[6.47945,6.3236,8.41061],"to":[14.61065,6.42814,8.41061],"faces":{"south":{"texture":"#o0","uv":[0.1,3.1,0.9,3.9]}},"rotation":{"angle":-45.0,"axis":"x","origin":[13.50185,6.39752,8.21947]}},{"from":[6.47945,6.3236,7.67286],"to":[14.61065,6.42814,7.67286],"faces":{"north":{"texture":"#o0","uv":[0.1,3.1,0.9,3.9]}},"rotation":{"angle":45.0,"axis":"x","origin":[13.50185,6.39752,7.864]}},{"from":[-12.86795,11.42179,7.38456],"to":[15.33205,11.92179,7.68456],"faces":{"east":{"texture":"#o0","uv":[0.1,0.1,0.9,0.9]},"south":{"texture":"#o0","uv":[0.1,0.1,0.9,0.9]},"west":{"texture":"#o0","uv":[0.1,0.1,0.9,0.9],"rotation":180},"up":{"texture":"#o0","uv":[0.1,0.1,0.9,0.9]}},"rotation":{"angle":-22.5,"axis":"x","origin":[7.83205,11.42179,11.68456]}},{"from":[-12.86795,8.12018,10.90962],"to":[15.33205,8.42018,11.50962],"faces":{"north":{"texture":"#o0","uv":[0.1,0.1,0.9,0.9]},"east":{"texture":"#o0","uv":[0.1,1.5,1.3,0.1]},"west":{"texture":"#o0","uv":[0.1,0.1,0.9,0.9]}},"rotation":{"angle":45.0,"axis":"x","origin":[7.83205,13.42018,11.40962]}},{"from":[5.23205,7.2489,7.1936],"to":[15.33205,9.7489,7.6936],"faces":{"north":{"texture":"#o0","uv":[0.1,0.1,0.9,0.9]},"east":{"texture":"#o0","uv":[0.1,0.1,1.5,1.5],"rotation":90},"west":{"texture":"#o0","uv":[0.1,0.1,0.9,0.9]}},"rotation":{"angle":0.0,"axis":"y","origin":[-6.0,0.0,0.0]}},{"from":[-12.86795,9.15412,9.18376],"to":[15.33205,9.45412,9.68376],"faces":{"north":{"texture":"#o0","uv":[0.1,0.1,0.9,0.9]},"east":{"texture":"#o0","uv":[0.1,0.1,0.9,0.9]},"west":{"texture":"#o0","uv":[0.1,0.1,0.9,0.9]}},"rotation":{"angle":22.5,"axis":"x","origin":[7.83205,14.45412,9.68376]}},{"from":[-12.86795,9.553,7.7977],"to":[-2.24663,10.34295,8.2977],"faces":{"east":{"texture":"#o0","uv":[0.1,0.1,0.9,0.9]},"west":{"texture":"#o0","uv":[0.1,0.1,0.9,0.9]},"up":{"texture":"#o0","uv":[0.1,0.1,0.9,0.9]}},"rotation":{"angle":0.0,"axis":"y","origin":[-6.0,0.0,0.0]}},{"from":[5.23205,7.2489,8.4018],"to":[15.33205,9.7489,8.9018],"faces":{"east":{"texture":"#o0","uv":[0.1,0.1,0.9,0.9]},"south":{"texture":"#o0","uv":[0.1,0.1,0.9,0.9]},"west":{"texture":"#o0","uv":[0.1,0.1,0.9,0.9]}},"rotation":{"angle":0.0,"axis":"y","origin":[-6.0,0.0,0.0]}},{"from":[-12.86795,8.12018,4.58578],"to":[15.33205,8.42018,5.18578],"faces":{"east":{"texture":"#o0","uv":[0.1,0.1,0.9,0.9]},"south":{"texture":"#o0","uv":[0.1,0.1,0.9,0.9]},"west":{"texture":"#o0","uv":[0.1,0.1,0.9,0.9]}},"rotation":{"angle":-45.0,"axis":"x","origin":[7.83205,13.42018,4.68578]}},{"from":[-12.86795,11.42179,8.41084],"to":[15.33205,11.92179,8.71084],"faces":{"north":{"texture":"#o0","uv":[0.1,0.1,0.9,0.9]},"east":{"texture":"#o0","uv":[0.1,0.1,0.9,0.9]},"west":{"texture":"#o0","uv":[0.1,0.1,0.9,0.9]},"up":{"texture":"#o0","uv":[0.1,0.1,0.9,0.9]}},"rotation":{"angle":22.5,"axis":"x","origin":[7.83205,11.42179,4.41084]}},{"from":[3.33205,7.54368,6.41164],"to":[15.33205,7.84368,6.91164],"faces":{"east":{"texture":"#o0","uv":[0.1,0.1,0.9,0.9]},"south":{"texture":"#o0","uv":[0.1,0.1,0.9,0.9]},"west":{"texture":"#o0","uv":[0.1,0.1,0.9,0.9]}},"rotation":{"angle":22.5,"axis":"x","origin":[7.83205,2.54368,6.41164]}},{"from":[3.33205,8.57762,4.68578],"to":[15.33205,8.87762,5.18578],"faces":{"east":{"texture":"#o0","uv":[0.1,0.1,0.9,0.9]},"south":{"texture":"#o0","uv":[0.1,0.1,0.9,0.9]},"west":{"texture":"#o0","uv":[0.1,0.1,0.9,0.9]}},"rotation":{"angle":45.0,"axis":"x","origin":[7.83205,3.57762,4.68578]}},{"from":[3.33205,5.076,8.41084],"to":[15.33205,5.576,8.71084],"faces":{"east":{"texture":"#o0","uv":[0.1,0.1,0.9,0.9]},"west":{"texture":"#o0","uv":[0.1,0.1,0.9,0.9]},"down":{"texture":"#o0","uv":[0.1,0.1,0.9,0.9]}},"rotation":{"angle":-22.5,"axis":"x","origin":[7.83205,5.576,4.41084]}},{"from":[3.33205,6.6448,7.7977],"to":[15.33205,7.1448,8.2977],"faces":{"east":{"texture":"#o0","uv":[0.1,0.1,0.9,0.9]},"west":{"texture":"#o0","uv":[0.1,0.1,0.9,0.9]},"down":{"texture":"#o0","uv":[0.1,0.1,0.9,0.9]}},"rotation":{"angle":0.0,"axis":"y","origin":[-6.0,0.0,0.0]}},{"from":[3.33205,7.54368,9.18376],"to":[15.33205,7.84368,9.68376],"faces":{"north":{"texture":"#o0","uv":[0.1,0.1,0.9,0.9]},"east":{"texture":"#o0","uv":[0.1,0.1,0.9,0.9],"rotation":90},"west":{"texture":"#o0","uv":[0.1,0.1,0.9,0.9],"rotation":270}},"rotation":{"angle":-22.5,"axis":"x","origin":[7.83205,2.54368,9.68376]}},{"from":[3.33205,8.57762,10.90962],"to":[15.33205,8.87762,11.40962],"faces":{"north":{"texture":"#o0","uv":[0.1,0.1,0.9,0.9]},"east":{"texture":"#o0","uv":[0.1,0.1,0.9,0.9],"rotation":90},"west":{"texture":"#o0","uv":[0.1,0.1,0.9,0.9],"rotation":270}},"rotation":{"angle":-45.0,"axis":"x","origin":[7.83205,3.57762,11.40962]}},{"from":[3.33205,5.076,7.38456],"to":[15.33205,5.576,7.68456],"faces":{"east":{"texture":"#o0","uv":[0.1,0.1,0.9,0.9]},"west":{"texture":"#o0","uv":[0.1,0.1,0.9,0.9]},"down":{"texture":"#o0","uv":[0.1,0.1,0.9,0.9]}},"rotation":{"angle":22.5,"axis":"x","origin":[7.83205,5.576,11.68456]}},{"from":[0.33205,7.2489,8.7018],"to":[3.33205,7.7489,8.9018],"faces":{"north":{"texture":"#o0","uv":[0.1,0.1,0.9,0.9]},"south":{"texture":"#o0","uv":[0.1,0.1,0.9,0.9]},"up":{"texture":"#o0","uv":[0.1,0.1,0.9,0.9]},"down":{"texture":"#o0","uv":[0.1,0.1,0.9,0.9]}},"rotation":{"angle":0.0,"axis":"y","origin":[-6.0,0.0,0.0]}},{"from":[0.33205,8.6489,7.3818],"to":[3.33205,9.7489,8.9018],"faces":{"north":{"texture":"#o0","uv":[0.1,0.1,0.9,0.9]},"south":{"texture":"#o0","uv":[0.1,0.1,0.9,0.9]},"down":{"texture":"#o0","uv":[0.1,0.1,0.9,0.9]}},"rotation":{"angle":0.0,"axis":"y","origin":[-6.0,0.0,0.0]}},{"from":[0.33205,7.2489,7.1936],"to":[3.33205,9.7489,7.3936],"faces":{"north":{"texture":"#o0","uv":[0.1,0.1,0.9,0.9],"rotation":180},"south":{"texture":"#o0","uv":[0.1,0.1,0.9,0.9]},"down":{"texture":"#o0","uv":[0.1,0.1,0.9,0.9]}},"rotation":{"angle":0.0,"axis":"y","origin":[-6.0,0.0,0.0]}},{"from":[0.22866,0.37719,7.4936],"to":[0.33205,7.2489,8.6018],"faces":{"north":{"texture":"#o0","uv":[4.1,0.1,4.9,0.9]},"east":{"texture":"#o0","uv":[4.1,0.1,4.9,0.9]},"south":{"texture":"#o0","uv":[4.1,0.1,4.9,0.9]},"west":{"texture":"#o0","uv":[4.1,0.1,4.9,0.9]},"down":{"texture":"#o0","uv":[4.1,0.1,4.9,0.9]}},"rotation":{"angle":0.0,"axis":"y","origin":[-6.0,0.0,0.0]}},{"from":[-1.46795,7.14368,6.41164],"to":[0.23205,7.44368,6.91164],"faces":{"east":{"texture":"#o0","uv":[0.1,0.1,0.9,0.9]},"south":{"texture":"#o0","uv":[0.1,0.1,0.9,0.9]}},"rotation":{"angle":22.5,"axis":"x","origin":[-7.26795,2.14368,6.41164]}},{"from":[-1.46795,8.17762,4.68578],"to":[0.23205,8.47762,5.18578],"faces":{"east":{"texture":"#o0","uv":[0.1,0.1,0.9,0.9]},"south":{"texture":"#o0","uv":[0.1,0.1,0.9,0.9]}},"rotation":{"angle":45.0,"axis":"x","origin":[-7.26795,3.17762,4.68578]}},{"from":[-1.46795,4.676,8.41084],"to":[0.23205,5.176,8.71084],"faces":{"down":{"texture":"#o0","uv":[0.1,0.1,0.9,0.9]}},"rotation":{"angle":-22.5,"axis":"x","origin":[-7.26795,5.176,4.41084]}},{"from":[-1.46795,6.2448,7.7977],"to":[0.23205,6.7448,8.2977],"faces":{"down":{"texture":"#o0","uv":[0.1,0.1,0.9,0.9]}},"rotation":{"angle":0.0,"axis":"y","origin":[-6.0,0.0,0.0]}},{"from":[-1.46795,4.676,7.38456],"to":[0.23205,5.176,7.68456],"faces":{"down":{"texture":"#o0","uv":[0.1,0.1,0.9,0.9]}},"rotation":{"angle":22.5,"axis":"x","origin":[-7.26795,5.176,11.68456]}},{"from":[-1.46795,8.17762,10.90962],"to":[0.23205,8.47762,11.40962],"faces":{"north":{"texture":"#o0","uv":[0.1,0.1,0.9,0.9]},"east":{"texture":"#o0","uv":[0.1,0.1,0.9,0.9]}},"rotation":{"angle":-45.0,"axis":"x","origin":[-7.26795,3.17762,11.40962]}},{"from":[-1.46795,7.14368,9.18376],"to":[0.23205,7.44368,9.68376],"faces":{"north":{"texture":"#o0","uv":[0.1,0.1,0.9,0.9]},"east":{"texture":"#o0","uv":[0.1,0.1,0.9,0.9]}},"rotation":{"angle":-22.5,"axis":"x","origin":[-7.26795,2.14368,9.68376]}},{"from":[-4.36795,7.2489,7.1936],"to":[0.33205,9.7489,8.4336],"faces":{"north":{"texture":"#o0","uv":[0.1,0.1,0.9,0.9]},"east":{"texture":"#o0","uv":[0.1,0.1,0.9,0.9]},"down":{"texture":"#o0","uv":[0.1,0.1,0.9,0.9]}},"rotation":{"angle":0.0,"axis":"y","origin":[-6.0,0.0,0.0]}},{"from":[-3.66795,6.8489,8.4018],"to":[0.23205,7.2489,8.9018],"faces":{"east":{"texture":"#o0","uv":[0.1,0.1,0.9,0.9]},"south":{"texture":"#o0","uv":[0.1,0.1,0.9,0.9]}},"rotation":{"angle":0.0,"axis":"y","origin":[-6.0,0.0,0.0]}},{"from":[-4.36795,7.2489,8.4018],"to":[0.33205,9.7489,8.9018],"faces":{"east":{"texture":"#o0","uv":[0.1,0.1,0.9,0.9]},"south":{"texture":"#o0","uv":[0.1,0.1,0.9,0.9]},"down":{"texture":"#o0","uv":[0.1,0.1,0.9,0.9]}},"rotation":{"angle":0.0,"axis":"y","origin":[-6.0,0.0,0.0]}},{"from":[-3.66795,6.8489,7.1936],"to":[0.23205,7.2489,7.6936],"faces":{"north":{"texture":"#o0","uv":[0.1,0.1,0.9,0.9]},"east":{"texture":"#o0","uv":[0.1,0.1,0.9,0.9]},"down":{"texture":"#o0","uv":[0.1,0.1,0.9,0.9]}},"rotation":{"angle":0.0,"axis":"y","origin":[-6.0,0.0,0.0]}},{"from":[-1.74867,5.47946,7.1936],"to":[-1.33618,5.8404,8.9018],"faces":{"north":{"texture":"#o0","uv":[0.1,0.1,0.9,0.9]},"south":{"texture":"#o0","uv":[0.1,0.1,0.9,0.9]},"down":{"texture":"#o0","uv":[0.1,0.1,0.9,0.9]}},"rotation":{"angle":22.5,"axis":"z","origin":[-3.33618,5.53297,7.3018]}},{"from":[-2.53165,1.63962,7.1936],"to":[-1.13165,5.53962,8.9018],"faces":{"north":{"texture":"#o0","uv":[0.1,0.1,0.9,0.9]},"east":{"texture":"#o0","uv":[0.1,0.1,0.9,0.9]},"south":{"texture":"#o0","uv":[0.1,0.1,0.9,0.9]},"west":{"texture":"#o0","uv":[0.1,0.1,0.9,0.9]},"down":{"texture":"#o0","uv":[0.1,0.1,0.9,0.9]}},"rotation":{"angle":-22.5,"axis":"z","origin":[-1.52345,6.73962,7.2936]}},{"from":[-4.40659,2.41365,7.1936],"to":[-4.05971,3.21365,8.9018],"faces":{"north":{"texture":"#o0","uv":[0.1,0.1,0.9,0.9]},"south":{"texture":"#o0","uv":[0.1,0.1,0.9,0.9]},"west":{"texture":"#o0","uv":[0.1,0.1,0.9,0.9]}},"rotation":{"angle":0.0,"axis":"y","origin":[-6.0,0.0,0.0]}},{"from":[-3.30504,2.9515,7.1936],"to":[-2.95817,3.7515,8.9018],"faces":{"north":{"texture":"#o0","uv":[0.1,0.1,0.9,0.9]},"south":{"texture":"#o0","uv":[0.1,0.1,0.9,0.9]},"west":{"texture":"#o0","uv":[0.1,0.1,0.9,0.9]}},"rotation":{"angle":-22.5,"axis":"z","origin":[-3.19684,5.8515,7.3018]}},{"from":[-2.08152,3.02686,7.1936],"to":[-1.73465,3.82686,8.9018],"faces":{"north":{"texture":"#o0","uv":[0.1,0.1,0.9,0.9]},"south":{"texture":"#o0","uv":[0.1,0.1,0.9,0.9]},"west":{"texture":"#o0","uv":[0.1,0.1,0.9,0.9]}},"rotation":{"angle":-45.0,"axis":"z","origin":[-1.97332,5.92686,7.3018]}},{"from":[-1.65227,5.98407,7.1936],"to":[-1.45542,6.12937,8.9018],"faces":{"north":{"texture":"#o0","uv":[0.1,0.1,0.9,0.9]},"south":{"texture":"#o0","uv":[0.1,0.1,0.9,0.9]},"down":{"texture":"#o0","uv":[0.1,0.1,0.9,0.9]}},"rotation":{"angle":45.0,"axis":"z","origin":[-1.78587,5.88722,7.3018]}},{"from":[-2.11816,5.48277,7.1936],"to":[-1.87285,6.064,8.9018],"faces":{"north":{"texture":"#o0","uv":[0.1,0.1,0.9,0.9]},"east":{"texture":"#o0","uv":[0.1,0.1,0.9,0.9]},"south":{"texture":"#o0","uv":[0.1,0.1,0.9,0.9]}},"rotation":{"angle":-22.5,"axis":"z","origin":[-1.776,5.73355,7.3018]}},{"from":[-1.8346,5.5429,7.1936],"to":[-1.68929,5.82413,8.9018],"faces":{"north":{"texture":"#o0","uv":[0.1,0.1,0.9,0.9]},"east":{"texture":"#o0","uv":[0.1,0.1,0.9,0.9]},"south":{"texture":"#o0","uv":[0.1,0.1,0.9,0.9]}},"rotation":{"angle":22.5,"axis":"z","origin":[-1.59244,5.49368,7.3018]}},{"from":[-1.95023,5.54458,7.1936],"to":[-1.80493,5.92581,8.9018],"faces":{"north":{"texture":"#o0","uv":[0.1,0.1,0.9,0.9]},"east":{"texture":"#o0","uv":[0.1,0.1,0.9,0.9]},"south":{"texture":"#o0","uv":[0.1,0.1,0.9,0.9]}},"rotation":{"angle":0.0,"axis":"y","origin":[-6.0,0.0,0.0]}},{"from":[-1.77715,5.30184,7.1936],"to":[-1.59591,5.34715,8.9018],"faces":{"north":{"texture":"#o0","uv":[0.1,0.1,0.9,0.9]},"south":{"texture":"#o0","uv":[0.1,0.1,0.9,0.9]},"up":{"texture":"#o0","uv":[0.1,0.1,0.9,0.9]}},"rotation":{"angle":-45.0,"axis":"z","origin":[-1.4467,5.44399,7.3018]}},{"from":[-1.62348,5.31171,7.5936],"to":[-1.44225,5.35702,8.5018],"faces":{"north":{"texture":"#o0","uv":[4.1,0.1,4.9,0.9]},"south":{"texture":"#o0","uv":[4.1,0.1,4.9,0.9]},"up":{"texture":"#o0","uv":[4.1,0.1,4.9,0.9]},"down":{"texture":"#o0","uv":[4.1,0.1,4.9,0.9]}},"rotation":{"angle":-22.5,"axis":"z","origin":[-1.29303,5.45386,7.3018]}},{"from":[-1.48529,5.37963,7.5936],"to":[0.29595,5.42494,8.5018],"faces":{"north":{"texture":"#o0","uv":[4.1,0.1,4.9,0.9]},"up":{"texture":"#o0","uv":[4.1,0.1,4.9,0.9]},"down":{"texture":"#o0","uv":[4.1,0.1,4.9,0.9]}},"rotation":{"angle":0.0,"axis":"y","origin":[-6.0,0.0,0.0]}},{"from":[-3.22861,5.25754,7.1936],"to":[-3.03798,6.05754,8.9018],"faces":{"north":{"texture":"#o0","uv":[0.1,0.1,0.9,0.9]},"south":{"texture":"#o0","uv":[0.1,0.1,0.9,0.9]},"west":{"texture":"#o0","uv":[0.1,0.1,0.9,0.9]}},"rotation":{"angle":0.0,"axis":"y","origin":[-6.0,0.0,0.0]}},{"from":[-4.32022,5.74546,7.1936],"to":[-3.97335,6.54546,8.9018],"faces":{"north":{"texture":"#o0","uv":[0.1,0.1,0.9,0.9]},"south":{"texture":"#o0","uv":[0.1,0.1,0.9,0.9]},"west":{"texture":"#o0","uv":[0.1,0.1,0.9,0.9]}},"rotation":{"angle":22.5,"axis":"z","origin":[-4.21202,8.64546,7.3018]}},{"from":[-5.51546,5.77849,7.1936],"to":[-5.16858,6.57849,8.9018],"faces":{"north":{"texture":"#o0","uv":[0.1,0.1,0.9,0.9]},"south":{"texture":"#o0","uv":[0.1,0.1,0.9,0.9]},"west":{"texture":"#o0","uv":[0.1,0.1,0.9,0.9]}},"rotation":{"angle":45.0,"axis":"z","origin":[-5.40726,8.67849,7.3018]}},{"from":[-4.42415,8.14341,7.1936],"to":[-3.62415,8.49028,8.9018],"faces":{"north":{"texture":"#o0","uv":[0.1,0.1,0.9,0.9]},"south":{"texture":"#o0","uv":[0.1,0.1,0.9,0.9]},"down":{"texture":"#o0","uv":[0.1,0.1,0.9,0.9]}},"rotation":{"angle":-22.5,"axis":"z","origin":[-6.52415,8.25161,7.3018]}},{"from":[-5.29267,7.3216,7.1936],"to":[-4.49267,7.66848,8.9018],"faces":{"north":{"texture":"#o0","uv":[0.1,0.1,0.9,0.9]},"south":{"texture":"#o0","uv":[0.1,0.1,0.9,0.9]},"down":{"texture":"#o0","uv":[0.1,0.1,0.9,0.9]}},"rotation":{"angle":0.0,"axis":"y","origin":[-6.0,0.0,0.0]}},{"from":[-12.98058,6.22999,7.1936],"to":[-4.98058,6.57687,8.9018],"faces":{"north":{"texture":"#o0","uv":[0.1,0.1,0.9,0.9]},"south":{"texture":"#o0","uv":[0.1,0.1,0.9,0.9]},"down":{"texture":"#o0","uv":[0.1,0.1,0.9,0.9]}},"rotation":{"angle":22.5,"axis":"z","origin":[-7.88058,6.33819,7.3018]}},{"from":[-12.86795,4.28654,7.1936],"to":[-12.55096,9.7489,8.9018],"faces":{"north":{"texture":"#o0","uv":[0.1,0.1,0.9,0.9]},"south":{"texture":"#o0","uv":[0.1,0.1,0.9,0.9]},"west":{"texture":"#o0","uv":[0.1,0.1,0.9,0.9]},"down":{"texture":"#o0","uv":[0.1,0.1,0.9,0.9]}},"rotation":{"angle":0.0,"axis":"y","origin":[-6.0,0.0,0.0]}},{"from":[-12.55096,7.35285,7.1936],"to":[-4.36795,9.7489,8.9018],"faces":{"north":{"texture":"#o0","uv":[0.1,0.1,0.9,0.9]},"south":{"texture":"#o0","uv":[0.1,0.1,0.9,0.9]}},"rotation":{"angle":0.0,"axis":"y","origin":[-6.0,0.0,0.0]}},{"from":[-12.63064,6.62658,7.1936],"to":[-5.55251,7.33596,8.9018],"faces":{"north":{"texture":"#o0","uv":[0.1,0.1,0.9,0.9]},"south":{"texture":"#o0","uv":[0.1,0.1,0.9,0.9]}},"rotation":{"angle":22.5,"axis":"z","origin":[-7.63064,5.73478,7.3018]}},{"from":[-12.27204,7.28511,7.1936],"to":[-7.17204,7.94761,8.9018],"faces":{"north":{"texture":"#o0","uv":[0.1,0.1,0.9,0.9]},"south":{"texture":"#o0","uv":[0.1,0.1,0.9,0.9]}},"rotation":{"angle":22.5,"axis":"z","origin":[-7.57204,5.59331,7.3018]}},{"from":[-11.70807,7.99693,7.1936],"to":[-8.30807,8.6438,8.9018],"faces":{"north":{"texture":"#o0","uv":[0.1,0.1,0.9,0.9]},"south":{"texture":"#o0","uv":[0.1,0.1,0.9,0.9]}},"rotation":{"angle":22.5,"axis":"z","origin":[-7.24557,4.80513,7.3018]}},{"from":[-11.27293,8.67068,7.1936],"to":[-9.67293,9.21756,8.9018],"faces":{"north":{"texture":"#o0","uv":[0.1,0.1,0.9,0.9]},"south":{"texture":"#o0","uv":[0.1,0.1,0.9,0.9]}},"rotation":{"angle":22.5,"axis":"z","origin":[-7.11043,4.47888,7.3018]}},{"from":[-2.53165,1.532,7.4936],"to":[2.53009,1.63962,8.6018],"faces":{"north":{"texture":"#o0","uv":[4.1,0.1,4.9,0.9]},"south":{"texture":"#o0","uv":[4.1,0.1,4.9,0.9]},"west":{"texture":"#o0","uv":[4.1,0.1,4.9,0.9]},"up":{"texture":"#o0","uv":[4.1,0.1,4.9,0.9]},"down":{"texture":"#o0","uv":[4.1,0.1,4.9,0.9]}},"rotation":{"angle":-22.5,"axis":"z","origin":[-1.52345,6.73962,7.2936]}},{"from":[-1.26735,5.89536,7.9477],"to":[-1.11735,6.35786,8.0977],"faces":{"north":{"texture":"#o0","uv":[4.1,0.1,4.9,0.9]},"east":{"texture":"#o0","uv":[4.1,0.1,4.9,0.9]},"south":{"texture":"#o0","uv":[4.1,0.1,4.9,0.9]},"west":{"texture":"#o0","uv":[4.1,0.1,4.9,0.9]},"down":{"texture":"#o0","uv":[0.1,0.5,0.5,0.9],"rotation":270}},"rotation":{"angle":0.0,"axis":"y","origin":[-6.0,0.0,0.0]}},{"from":[-1.26641,5.5219,7.9477],"to":[-1.11641,5.89065,8.0977],"faces":{"north":{"texture":"#o0","uv":[4.1,0.1,4.9,0.9]},"east":{"texture":"#o0","uv":[4.1,0.1,4.9,0.9]},"south":{"texture":"#o0","uv":[4.1,0.1,4.9,0.9]},"west":{"texture":"#o0","uv":[4.1,0.1,4.9,0.9]},"down":{"texture":"#o0","uv":[4.1,0.1,4.9,0.9]}},"rotation":{"angle":22.5,"axis":"z","origin":[-1.27871,5.89065,6.8977]}},{"from":[-3.23669,6.46453,7.2936],"to":[-1.52107,6.84891,8.9018],"faces":{"north":{"texture":"#o0","uv":[0.1,0.1,0.9,0.9]},"south":{"texture":"#o0","uv":[0.1,0.1,0.9,0.9]}},"rotation":{"angle":0.0,"axis":"y","origin":[-6.0,0.0,0.0]}},{"from":[-1.5992,6.2489,7.1936],"to":[-1.46795,6.8489,8.9018],"faces":{"north":{"texture":"#o0","uv":[0.1,0.1,0.9,0.9]},"east":{"texture":"#o0","uv":[0.1,0.1,0.9,0.9]},"south":{"texture":"#o0","uv":[0.1,0.1,0.9,0.9]}},"rotation":{"angle":0.0,"axis":"y","origin":[-6.0,0.0,0.0]}},{"from":[-1.90576,6.73148,7.1936],"to":[-1.80576,6.80023,8.7018],"faces":{"north":{"texture":"#o0","uv":[0.1,0.1,0.9,0.9]},"down":{"texture":"#o0","uv":[0.1,0.1,0.9,0.9]}},"rotation":{"angle":-22.5,"axis":"z","origin":[-1.60576,6.76585,8.0477]}},{"from":[-1.658,6.66624,7.1936],"to":[-1.46424,6.87562,8.7018],"faces":{"north":{"texture":"#o0","uv":[0.1,0.1,0.9,0.9]},"west":{"texture":"#o0","uv":[0.1,0.1,0.9,0.9]}},"rotation":{"angle":22.5,"axis":"z","origin":[-1.62362,6.51312,8.0477]}},{"from":[-1.88955,6.60333,7.1936],"to":[-1.78955,6.67208,8.7018],"faces":{"north":{"texture":"#o0","uv":[0.1,0.1,0.9,0.9]},"down":{"texture":"#o0","uv":[0.1,0.1,0.9,0.9]}},"rotation":{"angle":-45.0,"axis":"z","origin":[-1.58955,6.63771,8.0477]}},{"from":[-1.73715,6.54855,7.1936],"to":[-1.5434,6.71105,8.7018],"faces":{"north":{"texture":"#o0","uv":[0.1,0.1,0.9,0.9]},"south":{"texture":"#o0","uv":[0.1,0.1,0.9,0.9]},"west":{"texture":"#o0","uv":[0.1,0.1,0.9,0.9]}},"rotation":{"angle":0.0,"axis":"y","origin":[-6.0,0.0,0.0]}},{"from":[-1.84934,6.44704,7.1936],"to":[-1.70871,6.64704,8.7018],"faces":{"north":{"texture":"#o0","uv":[0.1,0.1,0.9,0.9]},"west":{"texture":"#o0","uv":[0.1,0.1,0.9,0.9]}},"rotation":{"angle":-22.5,"axis":"z","origin":[-1.81496,6.34704,8.0477]}},{"from":[-1.97748,6.43084,7.1936],"to":[-1.87748,6.63084,8.7018],"faces":{"north":{"texture":"#o0","uv":[0.1,0.1,0.9,0.9]},"west":{"texture":"#o0","uv":[0.1,0.1,0.9,0.9]}},"rotation":{"angle":-45.0,"axis":"z","origin":[-1.94311,6.33084,8.0477]}},{"from":[-1.9677,6.33053,7.1936],"to":[-1.7677,6.39928,8.7018],"faces":{"north":{"texture":"#o0","uv":[0.1,0.1,0.9,0.9]},"up":{"texture":"#o0","uv":[0.1,0.1,0.9,0.9]}},"rotation":{"angle":22.5,"axis":"z","origin":[-2.0677,6.3649,8.0477]}},{"from":[6.33205,9.553,7.7977],"to":[15.33205,10.353,8.2977],"faces":{"east":{"texture":"#o0","uv":[0.1,0.1,0.9,0.9]},"west":{"texture":"#o0","uv":[0.1,0.1,0.9,0.9]},"up":{"texture":"#o0","uv":[0.1,0.1,0.9,0.9]}},"rotation":{"angle":0.0,"axis":"y","origin":[-6.0,0.0,0.0]}},{"from":[-3.25232,6.4732,7.1936],"to":[-2.3117,6.85757,8.8018],"faces":{"north":{"texture":"#o0","uv":[0.1,0.1,0.9,0.9]},"east":{"texture":"#o0","uv":[0.1,0.1,0.9,0.9]}},"rotation":{"angle":0.0,"axis":"y","origin":[-6.0,0.0,0.0]}},{"from":[-3.09607,5.70445,7.1936],"to":[-1.85857,6.4732,8.9018],"faces":{"north":{"texture":"#o0","uv":[0.1,0.1,0.9,0.9]},"south":{"texture":"#o0","uv":[0.1,0.1,0.9,0.9]},"up":{"texture":"#o0","uv":[0.1,0.1,0.9,0.9]}},"rotation":{"angle":0.0,"axis":"y","origin":[-6.0,0.0,0.0]}},{"from":[-1.23495,5.07617,8.51],"to":[-1.11063,5.40117,8.61],"faces":{"north":{"texture":"#o0","uv":[4.1,0.1,4.9,0.9]},"south":{"texture":"#o0","uv":[4.1,0.1,4.9,0.9]},"down":{"texture":"#o0","uv":[4.1,0.1,4.9,0.9]}},"rotation":{"angle":-45.0,"axis":"z","origin":[-1.17279,5.38867,8.56]}},{"from":[-1.23495,5.07617,8.51],"to":[-1.11063,5.40117,8.61],"faces":{"north":{"texture":"#o0","uv":[4.1,0.1,4.9,0.9]},"south":{"texture":"#o0","uv":[4.1,0.1,4.9,0.9]},"down":{"texture":"#o0","uv":[4.1,0.1,4.9,0.9]}},"rotation":{"angle":-22.5,"axis":"z","origin":[-1.17279,5.38867,8.56]}},{"from":[-1.23495,5.07617,8.51],"to":[-1.11063,5.40117,8.61],"faces":{"north":{"texture":"#o0","uv":[4.1,0.1,4.9,0.9]},"south":{"texture":"#o0","uv":[4.1,0.1,4.9,0.9]},"down":{"texture":"#o0","uv":[4.1,0.1,4.9,0.9]}},"rotation":{"angle":0.0,"axis":"y","origin":[-6.0,0.0,0.0]}},{"from":[-1.23495,5.07617,8.51],"to":[-1.11063,5.40117,8.61],"faces":{"north":{"texture":"#o0","uv":[4.1,0.1,4.9,0.9]},"south":{"texture":"#o0","uv":[4.1,0.1,4.9,0.9]},"down":{"texture":"#o0","uv":[4.1,0.1,4.9,0.9]}},"rotation":{"angle":22.5,"axis":"z","origin":[-1.17279,5.38867,8.56]}},{"from":[-1.23495,5.07617,8.51],"to":[-1.11063,5.40117,8.61],"faces":{"north":{"texture":"#o0","uv":[4.1,0.1,4.9,0.9]},"south":{"texture":"#o0","uv":[4.1,0.1,4.9,0.9]},"down":{"texture":"#o0","uv":[4.1,0.1,4.9,0.9]}},"rotation":{"angle":45.0,"axis":"z","origin":[-1.17279,5.38867,8.56]}},{"from":[-1.18529,5.3265,8.51],"to":[-0.86029,5.45083,8.61],"faces":{"north":{"texture":"#o0","uv":[4.1,0.1,4.9,0.9]},"east":{"texture":"#o0","uv":[4.1,0.1,4.9,0.9]},"south":{"texture":"#o0","uv":[4.1,0.1,4.9,0.9]}},"rotation":{"angle":-22.5,"axis":"z","origin":[-1.17279,5.38867,8.56]}},{"from":[-1.48529,5.3265,8.51],"to":[-1.16029,5.45083,8.61],"faces":{"north":{"texture":"#o0","uv":[4.1,0.1,4.9,0.9]},"south":{"texture":"#o0","uv":[4.1,0.1,4.9,0.9]},"west":{"texture":"#o0","uv":[4.1,0.1,4.9,0.9]}},"rotation":{"angle":22.5,"axis":"z","origin":[-1.17279,5.38867,8.56]}},{"from":[-1.48529,5.32651,8.5018],"to":[0.3272,5.42494,8.61],"faces":{"north":{"texture":"#o0","uv":[4.1,0.1,4.9,0.9]},"south":{"texture":"#o0","uv":[4.1,0.1,4.9,0.9]},"west":{"texture":"#o0","uv":[4.1,0.1,4.9,0.9]},"up":{"texture":"#o0","uv":[4.1,0.1,4.9,0.9]},"down":{"texture":"#o0","uv":[4.1,0.1,4.9,0.9]}},"rotation":{"angle":0.0,"axis":"y","origin":[-6.0,0.0,0.0]}},{"from":[-1.48529,5.42494,8.4018],"to":[0.3272,5.47025,8.61],"faces":{"north":{"texture":"#o0","uv":[4.1,0.1,4.9,0.9]},"south":{"texture":"#o0","uv":[4.1,0.1,4.9,0.9]},"west":{"texture":"#o0","uv":[4.1,0.1,4.9,0.9]},"up":{"texture":"#o0","uv":[4.1,0.1,4.9,0.9]}},"rotation":{"angle":0.0,"axis":"y","origin":[-6.0,0.0,0.0]}},{"from":[15.33205,11.42179,8.41084],"to":[15.43205,11.82179,8.71084],"faces":{"east":{"texture":"#o0","uv":[4.1,0.1,4.9,0.9]},"up":{"texture":"#o0","uv":[4.1,0.1,4.9,0.9]}},"rotation":{"angle":22.5,"axis":"x","origin":[9.83205,11.42179,4.41084]}},{"from":[15.33205,9.70613,7.83597],"to":[15.43205,10.26061,8.25943],"faces":{"east":{"texture":"#o0","uv":[4.1,0.1,4.9,0.9]},"up":{"texture":"#o0","uv":[4.1,0.1,4.9,0.9]}},"rotation":{"angle":0.0,"axis":"y","origin":[-6.0,0.0,0.0]}},{"from":[15.33205,8.15844,4.59203],"to":[15.43205,8.38191,5.09339],"faces":{"east":{"texture":"#o0","uv":[4.1,0.1,4.9,0.9]},"south":{"texture":"#o0","uv":[4.1,0.1,4.9,0.9]}},"rotation":{"angle":-45.0,"axis":"x","origin":[9.83205,13.42018,4.68578]}},{"from":[15.33205,9.15412,6.41164],"to":[15.43205,9.45412,6.81164],"faces":{"east":{"texture":"#o0","uv":[4.1,0.1,4.9,0.9]},"south":{"texture":"#o0","uv":[4.1,0.1,4.9,0.9]}},"rotation":{"angle":-22.5,"axis":"x","origin":[9.83205,14.45412,6.41164]}},{"from":[15.33205,7.28717,7.28599],"to":[15.43205,9.71063,8.80941],"faces":{"north":{"texture":"#o0","uv":[4.1,0.1,4.9,0.9]},"east":{"texture":"#o0","uv":[4.1,0.1,4.9,0.9]},"south":{"texture":"#o0","uv":[4.1,0.1,4.9,0.9]}},"rotation":{"angle":0.0,"axis":"y","origin":[-6.0,0.0,0.0]}},{"from":[15.33205,9.79273,8.17443],"to":[15.43205,10.19273,8.47443],"faces":{"east":{"texture":"#o0","uv":[4.1,0.1,4.9,0.9]},"up":{"texture":"#o0","uv":[4.1,0.1,4.9,0.9]}},"rotation":{"angle":-22.5,"axis":"x","origin":[15.83205,8.62179,7.98456]}},{"from":[15.33205,9.36042,6.92248],"to":[15.43205,9.66042,7.32248],"faces":{"north":{"texture":"#o0","uv":[4.1,0.1,4.9,0.9]},"east":{"texture":"#o0","uv":[4.1,0.1,4.9,0.9]}},"rotation":{"angle":22.5,"axis":"x","origin":[15.83205,8.62179,7.98456]}},{"from":[15.33205,9.17492,6.60587],"to":[15.43205,9.39838,7.10723],"faces":{"north":{"texture":"#o0","uv":[4.1,0.1,4.9,0.9]},"east":{"texture":"#o0","uv":[4.1,0.1,4.9,0.9]}},"rotation":{"angle":45.0,"axis":"x","origin":[15.83205,8.62179,7.98456]}},{"from":[15.33205,5.176,8.41084],"to":[15.43205,5.576,8.71084],"faces":{"east":{"texture":"#o0","uv":[4.1,0.1,4.9,0.9]},"down":{"texture":"#o0","uv":[4.1,0.1,4.9,0.9]}},"rotation":{"angle":-22.5,"axis":"x","origin":[9.83205,5.576,4.41084]}},{"from":[15.33205,6.73719,7.83597],"to":[15.43205,7.30105,8.25943],"faces":{"east":{"texture":"#o0","uv":[4.1,0.1,4.9,0.9]},"down":{"texture":"#o0","uv":[4.1,0.1,4.9,0.9]}},"rotation":{"angle":0.0,"axis":"y","origin":[-6.0,0.0,0.0]}},{"from":[15.33205,6.80507,8.17443],"to":[15.43205,7.20507,8.47443],"faces":{"east":{"texture":"#o0","uv":[4.1,0.1,4.9,0.9]},"down":{"texture":"#o0","uv":[4.1,0.1,4.9,0.9]}},"rotation":{"angle":22.5,"axis":"x","origin":[15.83205,8.376,7.98456]}},{"from":[15.33205,7.33738,6.92248],"to":[15.43205,7.63738,7.32248],"faces":{"north":{"texture":"#o0","uv":[4.1,0.1,4.9,0.9]},"east":{"texture":"#o0","uv":[4.1,0.1,4.9,0.9],"rotation":90}},"rotation":{"angle":-22.5,"axis":"x","origin":[15.83205,8.376,7.98456]}},{"from":[15.33205,7.59942,6.60587],"to":[15.43205,7.82288,7.10723],"faces":{"north":{"texture":"#o0","uv":[4.1,0.1,4.9,0.9]},"east":{"texture":"#o0","uv":[4.1,0.1,4.9,0.9],"rotation":90}},"rotation":{"angle":-45.0,"axis":"x","origin":[15.83205,8.376,7.98456]}},{"from":[15.33205,8.61589,4.59203],"to":[15.43205,8.83935,5.09339],"faces":{"east":{"texture":"#o0","uv":[4.1,0.1,4.9,0.9],"rotation":90},"south":{"texture":"#o0","uv":[4.1,0.1,4.9,0.9]}},"rotation":{"angle":45.0,"axis":"x","origin":[9.83205,3.57762,4.68578]}},{"from":[15.33205,7.54368,6.41164],"to":[15.43205,7.84368,6.81164],"faces":{"east":{"texture":"#o0","uv":[4.1,0.1,4.9,0.9],"rotation":90},"south":{"texture":"#o0","uv":[4.1,0.1,4.9,0.9]}},"rotation":{"angle":22.5,"axis":"x","origin":[9.83205,2.54368,6.41164]}},{"from":[15.43205,7.32428,7.4602],"to":[18.43205,7.56297,7.5602],"faces":{"north":{"texture":"#o0","uv":[4.1,0.1,4.9,0.9]},"east":{"texture":"#o0","uv":[4.0,0.0,5.0,1.0]},"south":{"texture":"#o0","uv":[4.1,0.1,4.9,0.9]}},"rotation":{"angle":-45.0,"axis":"x","origin":[16.93205,7.44362,8.0602]}},{"from":[15.43205,7.32428,7.4602],"to":[18.43205,7.56297,7.5602],"faces":{"north":{"texture":"#o0","uv":[4.1,0.1,4.9,0.9]},"east":{"texture":"#o0","uv":[4.0,0.0,5.0,1.0]},"south":{"texture":"#o0","uv":[4.1,0.1,4.9,0.9]}},"rotation":{"angle":-22.5,"axis":"x","origin":[16.93205,7.44362,8.0602]}},{"from":[15.43205,7.32428,7.4602],"to":[18.43205,7.56297,7.5602],"faces":{"north":{"texture":"#o0","uv":[4.1,0.1,4.9,0.9]},"east":{"texture":"#o0","uv":[4.0,0.0,5.0,1.0]},"south":{"texture":"#o0","uv":[4.1,0.1,4.9,0.9]}},"rotation":{"angle":0.0,"axis":"y","origin":[-6.0,0.0,0.0]}},{"from":[15.43205,7.32428,7.4602],"to":[18.43205,7.56297,7.5602],"faces":{"north":{"texture":"#o0","uv":[4.1,0.1,4.9,0.9]},"east":{"texture":"#o0","uv":[4.0,0.0,5.0,1.0]},"south":{"texture":"#o0","uv":[4.1,0.1,4.9,0.9]}},"rotation":{"angle":22.5,"axis":"x","origin":[16.93205,7.44362,8.0602]}},{"from":[15.43205,7.32428,7.4602],"to":[18.43205,7.56297,7.5602],"faces":{"north":{"texture":"#o0","uv":[4.1,0.1,4.9,0.9]},"east":{"texture":"#o0","uv":[4.0,0.0,5.0,1.0]},"south":{"texture":"#o0","uv":[4.1,0.1,4.9,0.9]}},"rotation":{"angle":45.0,"axis":"x","origin":[16.93205,7.44362,8.0602]}},{"from":[15.43205,7.32428,8.5602],"to":[18.43205,7.56297,8.6602],"faces":{"north":{"texture":"#o0","uv":[4.1,0.1,4.9,0.9]},"east":{"texture":"#o0","uv":[4.0,0.0,5.0,1.0]},"south":{"texture":"#o0","uv":[4.1,0.1,4.9,0.9]}},"rotation":{"angle":-45.0,"axis":"x","origin":[16.93205,7.44362,8.0602]}},{"from":[15.43205,7.32428,8.5602],"to":[18.43205,7.56297,8.6602],"faces":{"north":{"texture":"#o0","uv":[4.1,0.1,4.9,0.9]},"east":{"texture":"#o0","uv":[4.0,0.0,5.0,1.0]},"south":{"texture":"#o0","uv":[4.1,0.1,4.9,0.9]}},"rotation":{"angle":-22.5,"axis":"x","origin":[16.93205,7.44362,8.0602]}},{"from":[15.43205,7.32428,8.5602],"to":[18.43205,7.56297,8.6602],"faces":{"north":{"texture":"#o0","uv":[4.1,0.1,4.9,0.9]},"east":{"texture":"#o0","uv":[4.0,0.0,5.0,1.0]},"south":{"texture":"#o0","uv":[4.1,0.1,4.9,0.9]}},"rotation":{"angle":0.0,"axis":"y","origin":[-6.0,0.0,0.0]}},{"from":[15.43205,7.32428,8.5602],"to":[18.43205,7.56297,8.6602],"faces":{"north":{"texture":"#o0","uv":[4.1,0.1,4.9,0.9]},"east":{"texture":"#o0","uv":[4.0,0.0,5.0,1.0]},"south":{"texture":"#o0","uv":[4.1,0.1,4.9,0.9]}},"rotation":{"angle":22.5,"axis":"x","origin":[16.93205,7.44362,8.0602]}},{"from":[15.43205,7.32428,8.5602],"to":[18.43205,7.56297,8.6602],"faces":{"north":{"texture":"#o0","uv":[4.1,0.1,4.9,0.9]},"east":{"texture":"#o0","uv":[4.0,0.0,5.0,1.0]},"south":{"texture":"#o0","uv":[4.1,0.1,4.9,0.9]}},"rotation":{"angle":45.0,"axis":"x","origin":[16.93205,7.44362,8.0602]}},{"from":[13.43205,6.84363,7.94085],"to":[18.43205,6.94362,8.17955],"faces":{"east":{"texture":"#o0","uv":[4.0,0.0,5.0,1.0]},"up":{"texture":"#o0","uv":[4.1,0.1,4.9,0.9]},"down":{"texture":"#o0","uv":[4.1,0.1,4.9,0.9]}},"rotation":{"angle":-22.5,"axis":"x","origin":[16.93205,7.44362,8.0602]}},{"from":[15.43205,6.84363,7.94085],"to":[18.43205,6.94362,8.17955],"faces":{"east":{"texture":"#o0","uv":[4.0,0.0,5.0,1.0]},"up":{"texture":"#o0","uv":[4.1,0.1,4.9,0.9]},"down":{"texture":"#o0","uv":[4.1,0.1,4.9,0.9]}},"rotation":{"angle":0.0,"axis":"y","origin":[-6.0,0.0,0.0]}},{"from":[15.43205,6.84363,7.94085],"to":[18.43205,6.94362,8.17955],"faces":{"east":{"texture":"#o0","uv":[4.0,0.0,5.0,1.0]},"up":{"texture":"#o0","uv":[4.1,0.1,4.9,0.9]},"down":{"texture":"#o0","uv":[4.1,0.1,4.9,0.9]}},"rotation":{"angle":22.5,"axis":"x","origin":[16.93205,7.44362,8.0602]}},{"from":[15.43205,7.94362,7.94085],"to":[18.43205,8.04363,8.17955],"faces":{"east":{"texture":"#o0","uv":[4.0,0.0,5.0,1.0]},"up":{"texture":"#o0","uv":[4.1,0.1,4.9,0.9]},"down":{"texture":"#o0","uv":[4.1,0.1,4.9,0.9]}},"rotation":{"angle":-22.5,"axis":"x","origin":[16.93205,7.44362,8.0602]}},{"from":[15.43205,7.94362,7.94085],"to":[18.43205,8.04363,8.17955],"faces":{"east":{"texture":"#o0","uv":[4.0,0.0,5.0,1.0]},"up":{"texture":"#o0","uv":[4.1,0.1,4.9,0.9]},"down":{"texture":"#o0","uv":[4.1,0.1,4.9,0.9]}},"rotation":{"angle":0.0,"axis":"y","origin":[-6.0,0.0,0.0]}},{"from":[15.43205,7.94362,7.94085],"to":[18.43205,8.04363,8.17955],"faces":{"east":{"texture":"#o0","uv":[4.0,0.0,5.0,1.0]},"up":{"texture":"#o0","uv":[4.1,0.1,4.9,0.9]},"down":{"texture":"#o0","uv":[4.1,0.1,4.9,0.9]}},"rotation":{"angle":22.5,"axis":"x","origin":[16.93205,7.44362,8.0602]}},{"from":[15.43205,8.69132,8.34318],"to":[15.53205,8.79132,8.64318],"faces":{"north":{"texture":"#o0","uv":[4.1,0.1,4.9,0.9]},"east":{"texture":"#o0","uv":[4.1,0.1,4.9,0.9]},"south":{"texture":"#o0","uv":[4.1,0.1,4.9,0.9]},"down":{"texture":"#o0","uv":[4.1,0.1,4.9,0.9]}},"rotation":{"angle":0.0,"axis":"y","origin":[-6.0,0.0,0.0]}},{"from":[15.43205,8.79132,7.44318],"to":[15.53205,9.89132,8.64318],"faces":{"north":{"texture":"#o0","uv":[4.1,0.1,4.9,0.9]},"east":{"texture":"#o0","uv":[4.1,0.1,4.9,0.9]},"south":{"texture":"#o0","uv":[4.1,0.1,4.9,0.9]},"up":{"texture":"#o0","uv":[4.1,0.1,4.9,0.9]},"down":{"texture":"#o0","uv":[4.1,0.1,4.9,0.9]}},"rotation":{"angle":0.0,"axis":"y","origin":[-6.0,0.0,0.0]}},{"from":[15.43205,8.69132,7.44318],"to":[15.53205,8.79132,7.74318],"faces":{"north":{"texture":"#o0","uv":[4.1,0.1,4.9,0.9]},"east":{"texture":"#o0","uv":[4.1,0.1,4.9,0.9]},"south":{"texture":"#o0","uv":[4.1,0.1,4.9,0.9]},"down":{"texture":"#o0","uv":[4.1,0.1,4.9,0.9]}},"rotation":{"angle":0.0,"axis":"y","origin":[-6.0,0.0,0.0]}},{"from":[15.53205,8.79132,7.54318],"to":[15.63205,9.79132,8.54318],"faces":{"north":{"texture":"#o0","uv":[4.1,0.1,4.9,0.9]},"east":{"texture":"#o0","uv":[4.1,0.1,4.9,0.9]},"south":{"texture":"#o0","uv":[4.1,0.1,4.9,0.9]},"up":{"texture":"#o0","uv":[4.1,0.1,4.9,0.9]},"down":{"texture":"#o0","uv":[4.1,0.1,4.9,0.9]}},"rotation":{"angle":0.0,"axis":"y","origin":[-6.0,0.0,0.0]}},{"from":[14.47719,7.80966,7.1018],"to":[14.75566,9.20966,9.0018],"faces":{"north":{"texture":"#o0","uv":[4.1,0.1,4.9,0.9]},"south":{"texture":"#o0","uv":[4.1,0.1,4.9,0.9]},"up":{"texture":"#o0","uv":[4.1,0.1,4.9,0.9]},"down":{"texture":"#o0","uv":[4.1,0.1,4.9,0.9]}},"rotation":{"angle":-45.0,"axis":"z","origin":[14.61643,8.50966,8.9518]}},{"from":[14.47719,7.80966,7.1018],"to":[14.75566,9.20966,9.0018],"faces":{"north":{"texture":"#o0","uv":[4.1,0.1,4.9,0.9]},"south":{"texture":"#o0","uv":[4.1,0.1,4.9,0.9]},"up":{"texture":"#o0","uv":[4.1,0.1,4.9,0.9]},"down":{"texture":"#o0","uv":[4.1,0.1,4.9,0.9]}},"rotation":{"angle":-22.5,"axis":"z","origin":[14.61643,8.50966,8.9518]}},{"from":[14.47719,7.80966,7.1018],"to":[14.75566,9.20966,9.0018],"faces":{"north":{"texture":"#o0","uv":[4.1,0.1,4.9,0.9]},"south":{"texture":"#o0","uv":[4.1,0.1,4.9,0.9]},"up":{"texture":"#o0","uv":[4.1,0.1,4.9,0.9]},"down":{"texture":"#o0","uv":[4.1,0.1,4.9,0.9]}},"rotation":{"angle":0.0,"axis":"y","origin":[-6.0,0.0,0.0]}},{"from":[14.47719,7.80966,7.1018],"to":[14.75566,9.20966,9.0018],"faces":{"north":{"texture":"#o0","uv":[4.1,0.1,4.9,0.9]},"south":{"texture":"#o0","uv":[4.1,0.1,4.9,0.9]},"up":{"texture":"#o0","uv":[4.1,0.1,4.9,0.9]},"down":{"texture":"#o0","uv":[4.1,0.1,4.9,0.9]}},"rotation":{"angle":22.5,"axis":"z","origin":[14.61643,8.50966,8.9518]}},{"from":[14.47719,7.80966,7.1018],"to":[14.75566,9.20966,9.0018],"faces":{"north":{"texture":"#o0","uv":[4.1,0.1,4.9,0.9]},"south":{"texture":"#o0","uv":[4.1,0.1,4.9,0.9]},"up":{"texture":"#o0","uv":[4.1,0.1,4.9,0.9]},"down":{"texture":"#o0","uv":[4.1,0.1,4.9,0.9]}},"rotation":{"angle":45.0,"axis":"z","origin":[14.61643,8.50966,8.9518]}},{"from":[13.91643,8.37042,7.1018],"to":[15.31643,8.6489,9.0018],"faces":{"north":{"texture":"#o0","uv":[4.1,0.1,4.9,0.9]},"east":{"texture":"#o0","uv":[4.1,0.1,4.9,0.9]},"south":{"texture":"#o0","uv":[4.1,0.1,4.9,0.9]},"west":{"texture":"#o0","uv":[4.1,0.1,4.9,0.9]}},"rotation":{"angle":-22.5,"axis":"z","origin":[14.61643,8.50966,8.9518]}},{"from":[13.91643,8.37042,7.1018],"to":[15.31643,8.6489,9.0018],"faces":{"north":{"texture":"#o0","uv":[4.1,0.1,4.9,0.9]},"east":{"texture":"#o0","uv":[4.1,0.1,4.9,0.9]},"south":{"texture":"#o0","uv":[4.1,0.1,4.9,0.9]},"west":{"texture":"#o0","uv":[4.1,0.1,4.9,0.9]}},"rotation":{"angle":0.0,"axis":"y","origin":[-6.0,0.0,0.0]}},{"from":[13.91643,8.37042,7.1018],"to":[15.31643,8.6489,9.0018],"faces":{"north":{"texture":"#o0","uv":[4.1,0.1,4.9,0.9]},"east":{"texture":"#o0","uv":[4.1,0.1,4.9,0.9]},"south":{"texture":"#o0","uv":[4.1,0.1,4.9,0.9]},"west":{"texture":"#o0","uv":[4.1,0.1,4.9,0.9]}},"rotation":{"angle":22.5,"axis":"z","origin":[14.61643,8.50966,8.9518]}},{"from":[-2.09013,6.5644,7.24048],"to":[-2.03701,6.83148,8.7768],"faces":{"north":{"texture":"#o0","uv":[4.1,0.1,4.9,0.9]},"east":{"texture":"#o0","uv":[0.1,0.1,14.9,0.5],"rotation":270},"west":{"texture":"#o0","uv":[0.1,0.1,14.9,0.5],"rotation":270},"up":{"texture":"#o0","uv":[5.1,0.1,5.9,0.9]},"down":{"texture":"#o0","uv":[4.1,0.1,4.9,0.9]}},"rotation":{"angle":0.0,"axis":"y","origin":[-6.0,0.0,0.0]}},{"from":[-2.04321,6.57373,7.24048],"to":[-1.99009,6.84081,8.7768],"faces":{"north":{"texture":"#o0","uv":[4.1,0.1,4.9,0.9]},"east":{"texture":"#o0","uv":[0.1,0.1,14.9,0.5],"rotation":270},"west":{"texture":"#o0","uv":[0.1,0.1,14.9,0.5],"rotation":90},"up":{"texture":"#o0","uv":[5.1,0.1,5.9,0.9]},"down":{"texture":"#o0","uv":[4.1,0.1,4.9,0.9]}},"rotation":{"angle":22.5,"axis":"z","origin":[-2.01665,6.58467,8.0477]}},{"from":[-2.23302,6.58468,7.24048],"to":[-1.96594,6.63781,8.7768],"faces":{"north":{"texture":"#o0","uv":[4.1,0.1,4.9,0.9]},"east":{"texture":"#o0","uv":[4.1,0.1,4.9,0.9]},"west":{"texture":"#o0","uv":[4.1,0.1,4.9,0.9]}},"rotation":{"angle":-45.0,"axis":"z","origin":[-1.97688,6.61125,8.0477]}},{"from":[-2.20644,6.62446,7.24048],"to":[-1.93936,6.67758,8.7768],"faces":{"north":{"texture":"#o0","uv":[4.1,0.1,4.9,0.9]},"east":{"texture":"#o0","uv":[4.1,0.1,4.9,0.9]},"west":{"texture":"#o0","uv":[4.1,0.1,4.9,0.9]}},"rotation":{"angle":-22.5,"axis":"z","origin":[-1.9503,6.65102,8.0477]}},{"from":[-2.19711,6.67138,7.24048],"to":[-1.93003,6.7245,8.7768],"faces":{"north":{"texture":"#o0","uv":[4.1,0.1,4.9,0.9]},"east":{"texture":"#o0","uv":[4.1,0.1,4.9,0.9]},"west":{"texture":"#o0","uv":[4.1,0.1,4.9,0.9]}},"rotation":{"angle":0.0,"axis":"y","origin":[-6.0,0.0,0.0]}},{"from":[-2.20644,6.71829,7.24048],"to":[-1.93936,6.77142,8.7768],"faces":{"north":{"texture":"#o0","uv":[4.1,0.1,4.9,0.9]},"east":{"texture":"#o0","uv":[4.1,0.1,4.9,0.9]},"west":{"texture":"#o0","uv":[4.1,0.1,4.9,0.9]}},"rotation":{"angle":22.5,"axis":"z","origin":[-1.9503,6.74486,8.0477]}},{"from":[-2.00344,6.52849,7.24048],"to":[-1.95031,6.79557,8.7768],"faces":{"north":{"texture":"#o0","uv":[4.1,0.1,4.9,0.9]},"east":{"texture":"#o0","uv":[0.1,0.1,14.9,0.5],"rotation":270},"west":{"texture":"#o0","uv":[0.1,0.1,14.9,0.5],"rotation":270},"up":{"texture":"#o0","uv":[5.1,0.1,5.9,0.9]},"down":{"texture":"#o0","uv":[4.1,0.1,4.9,0.9]}},"rotation":{"angle":-45.0,"axis":"z","origin":[-1.97688,6.78463,8.0477]}},{"from":[-2.04321,6.55507,7.24048],"to":[-1.99009,6.82215,8.7768],"faces":{"north":{"texture":"#o0","uv":[4.1,0.1,4.9,0.9]},"east":{"texture":"#o0","uv":[0.1,0.1,14.9,0.5],"rotation":270},"west":{"texture":"#o0","uv":[0.1,0.1,14.9,0.5],"rotation":270},"up":{"texture":"#o0","uv":[5.1,0.1,5.9,0.9]},"down":{"texture":"#o0","uv":[4.1,0.1,4.9,0.9]}},"rotation":{"angle":-22.5,"axis":"z","origin":[-2.01665,6.81121,8.0477]}},{"from":[-2.09013,6.4644,7.20298],"to":[-2.03701,6.73148,7.3018],"faces":{"north":{"texture":"#o0","uv":[4.1,0.1,4.9,0.9]},"east":{"texture":"#o0","uv":[4.1,0.1,4.9,0.9]},"west":{"texture":"#o0","uv":[4.1,0.1,4.9,0.9]},"up":{"texture":"#o0","uv":[4.1,0.1,4.9,0.9]},"down":{"texture":"#o0","uv":[4.1,0.1,4.9,0.9]}},"rotation":{"angle":-45.0,"axis":"z","origin":[-2.06357,6.69794,7.22114]}},{"from":[-2.24665,6.58112,7.20083],"to":[-2.22675,6.68113,7.3477],"faces":{"north":{"texture":"#o0","uv":[4.1,0.1,4.9,0.9]},"up":{"texture":"#o0","uv":[4.1,0.1,4.9,0.9]},"down":{"texture":"#o0","uv":[4.1,0.1,4.9,0.9]}},"rotation":{"angle":-45.0,"axis":"z","origin":[-2.2367,6.63112,7.2977]}},{"from":[-2.24665,6.58112,7.20083],"to":[-2.22675,6.68113,7.3477],"faces":{"north":{"texture":"#o0","uv":[4.1,0.1,4.9,0.9]},"up":{"texture":"#o0","uv":[4.1,0.1,4.9,0.9]},"down":{"texture":"#o0","uv":[4.1,0.1,4.9,0.9]}},"rotation":{"angle":-22.5,"axis":"z","origin":[-2.2367,6.63112,7.2977]}},{"from":[-2.24665,6.58112,7.20083],"to":[-2.22675,6.68113,7.3477],"faces":{"north":{"texture":"#o0","uv":[4.1,0.1,4.9,0.9]},"up":{"texture":"#o0","uv":[4.1,0.1,4.9,0.9]},"down":{"texture":"#o0","uv":[4.1,0.1,4.9,0.9]}},"rotation":{"angle":0.0,"axis":"y","origin":[-6.0,0.0,0.0]}},{"from":[-2.24665,6.58112,7.20083],"to":[-2.22675,6.68113,7.3477],"faces":{"north":{"texture":"#o0","uv":[4.1,0.1,4.9,0.9]},"up":{"texture":"#o0","uv":[4.1,0.1,4.9,0.9]},"down":{"texture":"#o0","uv":[4.1,0.1,4.9,0.9]}},"rotation":{"angle":22.5,"axis":"z","origin":[-2.2367,6.63112,7.2977]}},{"from":[-2.24665,6.58112,7.20083],"to":[-2.22675,6.68113,7.3477],"faces":{"north":{"texture":"#o0","uv":[4.1,0.1,4.9,0.9]},"up":{"texture":"#o0","uv":[4.1,0.1,4.9,0.9]},"down":{"texture":"#o0","uv":[4.1,0.1,4.9,0.9]}},"rotation":{"angle":45.0,"axis":"z","origin":[-2.2367,6.63112,7.2977]}},{"from":[-2.2867,6.62118,7.20083],"to":[-2.1867,6.64107,7.3477],"faces":{"north":{"texture":"#o0","uv":[4.1,0.1,4.9,0.9]},"east":{"texture":"#o0","uv":[4.1,0.1,4.9,0.9]},"west":{"texture":"#o0","uv":[4.1,0.1,4.9,0.9]}},"rotation":{"angle":-22.5,"axis":"z","origin":[-2.2367,6.63112,7.2977]}},{"from":[-2.2867,6.62118,7.20083],"to":[-2.1867,6.64107,7.3477],"faces":{"north":{"texture":"#o0","uv":[4.1,0.1,4.9,0.9]},"east":{"texture":"#o0","uv":[4.1,0.1,4.9,0.9]},"west":{"texture":"#o0","uv":[4.1,0.1,4.9,0.9]}},"rotation":{"angle":0.0,"axis":"y","origin":[-6.0,0.0,0.0]}},{"from":[-2.2867,6.62118,7.20083],"to":[-2.1867,6.64107,7.3477],"faces":{"north":{"texture":"#o0","uv":[4.1,0.1,4.9,0.9]},"east":{"texture":"#o0","uv":[4.1,0.1,4.9,0.9]},"west":{"texture":"#o0","uv":[4.1,0.1,4.9,0.9]}},"rotation":{"angle":22.5,"axis":"z","origin":[-2.2367,6.63112,7.2977]}},{"from":[-1.9029,6.58112,7.20083],"to":[-1.883,6.68113,7.3477],"faces":{"north":{"texture":"#o0","uv":[4.1,0.1,4.9,0.9]},"up":{"texture":"#o0","uv":[4.1,0.1,4.9,0.9]},"down":{"texture":"#o0","uv":[4.1,0.1,4.9,0.9]}},"rotation":{"angle":-45.0,"axis":"z","origin":[-1.89295,6.63112,7.2977]}},{"from":[-1.9029,6.58112,7.20083],"to":[-1.883,6.68113,7.3477],"faces":{"north":{"texture":"#o0","uv":[4.1,0.1,4.9,0.9]},"up":{"texture":"#o0","uv":[4.1,0.1,4.9,0.9]},"down":{"texture":"#o0","uv":[4.1,0.1,4.9,0.9]}},"rotation":{"angle":-22.5,"axis":"z","origin":[-1.89295,6.63112,7.2977]}},{"from":[-1.9029,6.58112,7.20083],"to":[-1.883,6.68113,7.3477],"faces":{"north":{"texture":"#o0","uv":[4.1,0.1,4.9,0.9]},"up":{"texture":"#o0","uv":[4.1,0.1,4.9,0.9]},"down":{"texture":"#o0","uv":[4.1,0.1,4.9,0.9]}},"rotation":{"angle":0.0,"axis":"y","origin":[-6.0,0.0,0.0]}},{"from":[-1.9029,6.58112,7.20083],"to":[-1.883,6.68113,7.3477],"faces":{"north":{"texture":"#o0","uv":[4.1,0.1,4.9,0.9]},"up":{"texture":"#o0","uv":[4.1,0.1,4.9,0.9]},"down":{"texture":"#o0","uv":[4.1,0.1,4.9,0.9]}},"rotation":{"angle":22.5,"axis":"z","origin":[-1.89295,6.63112,7.2977]}},{"from":[-1.9029,6.58112,7.20083],"to":[-1.883,6.68113,7.3477],"faces":{"north":{"texture":"#o0","uv":[4.1,0.1,4.9,0.9]},"up":{"texture":"#o0","uv":[4.1,0.1,4.9,0.9]},"down":{"texture":"#o0","uv":[4.1,0.1,4.9,0.9]}},"rotation":{"angle":45.0,"axis":"z","origin":[-1.89295,6.63112,7.2977]}},{"from":[-1.94295,6.62118,7.20083],"to":[-1.84295,6.64107,7.3477],"faces":{"north":{"texture":"#o0","uv":[4.1,0.1,4.9,0.9]},"east":{"texture":"#o0","uv":[4.1,0.1,4.9,0.9]},"west":{"texture":"#o0","uv":[4.1,0.1,4.9,0.9]}},"rotation":{"angle":-22.5,"axis":"z","origin":[-1.89295,6.63112,7.2977]}},{"from":[-1.94295,6.62118,7.20083],"to":[-1.84295,6.64107,7.3477],"faces":{"north":{"texture":"#o0","uv":[4.1,0.1,4.9,0.9]},"east":{"texture":"#o0","uv":[4.1,0.1,4.9,0.9]},"west":{"texture":"#o0","uv":[4.1,0.1,4.9,0.9]}},"rotation":{"angle":0.0,"axis":"y","origin":[-6.0,0.0,0.0]}},{"from":[-1.94295,6.62118,7.20083],"to":[-1.84295,6.64107,7.3477],"faces":{"north":{"texture":"#o0","uv":[4.1,0.1,4.9,0.9]},"east":{"texture":"#o0","uv":[4.1,0.1,4.9,0.9]},"west":{"texture":"#o0","uv":[4.1,0.1,4.9,0.9]}},"rotation":{"angle":22.5,"axis":"z","origin":[-1.89295,6.63112,7.2977]}},{"from":[12.03205,7.7489,7.1018],"to":[12.19118,8.2489,9.0018],"faces":{"north":{"texture":"#o0","uv":[8.1,0.1,8.9,0.9]},"south":{"texture":"#o0","uv":[8.1,0.1,8.9,0.9]},"down":{"texture":"#o0","uv":[8.1,0.1,8.9,0.9]}},"rotation":{"angle":0.0,"axis":"y","origin":[-6.0,0.0,0.0]}},{"from":[12.03205,7.7489,7.1018],"to":[12.19118,8.2489,9.0018],"faces":{"north":{"texture":"#o0","uv":[8.1,0.1,8.9,0.9]},"south":{"texture":"#o0","uv":[8.1,0.1,8.9,0.9]},"down":{"texture":"#o0","uv":[8.1,0.1,8.9,0.9]}},"rotation":{"angle":22.5,"axis":"z","origin":[12.11161,8.1489,8.9518]}},{"from":[12.03205,7.7489,7.1018],"to":[12.19118,8.2489,9.0018],"faces":{"north":{"texture":"#o0","uv":[8.1,0.1,8.9,0.9]},"south":{"texture":"#o0","uv":[8.1,0.1,8.9,0.9]},"down":{"texture":"#o0","uv":[8.1,0.1,8.9,0.9]}},"rotation":{"angle":45.0,"axis":"z","origin":[12.11161,8.1489,8.9518]}},{"from":[12.01161,8.06934,7.1018],"to":[12.51161,8.22846,9.0018],"faces":{"north":{"texture":"#o0","uv":[8.1,0.1,8.9,0.9]},"east":{"texture":"#o0","uv":[8.1,0.1,8.9,0.9]},"south":{"texture":"#o0","uv":[8.1,0.1,8.9,0.9]}},"rotation":{"angle":-22.5,"axis":"z","origin":[12.11161,8.1489,8.9518]}},{"from":[12.01161,8.06934,7.1018],"to":[12.51161,8.22846,9.0018],"faces":{"north":{"texture":"#o0","uv":[8.1,0.1,8.9,0.9]},"east":{"texture":"#o0","uv":[8.1,0.1,8.9,0.9]},"south":{"texture":"#o0","uv":[8.1,0.1,8.9,0.9]}},"rotation":{"angle":0.0,"axis":"y","origin":[-6.0,0.0,0.0]}},{"from":[12.03205,8.7489,7.1018],"to":[12.19118,9.2489,9.0018],"faces":{"north":{"texture":"#o0","uv":[8.1,0.1,8.9,0.9]},"south":{"texture":"#o0","uv":[8.1,0.1,8.9,0.9]},"up":{"texture":"#o0","uv":[8.1,0.1,8.9,0.9]}},"rotation":{"angle":-45.0,"axis":"z","origin":[12.11161,8.8489,8.9518]}},{"from":[6.33205,7.7489,7.1018],"to":[12.03205,9.2489,9.0018],"faces":{"north":{"texture":"#o0","uv":[8.1,0.1,8.9,0.9]},"south":{"texture":"#o0","uv":[8.1,0.1,8.9,0.9]},"up":{"texture":"#o0","uv":[8.1,0.1,8.9,0.9]},"down":{"texture":"#o0","uv":[8.1,0.1,8.9,0.9]}},"rotation":{"angle":0.0,"axis":"y","origin":[-6.0,0.0,0.0]}},{"from":[5.85249,8.76934,7.1018],"to":[6.35249,8.92846,9.0018],"faces":{"north":{"texture":"#o0","uv":[8.1,0.1,8.9,0.9]},"south":{"texture":"#o0","uv":[8.1,0.1,8.9,0.9]},"west":{"texture":"#o0","uv":[8.1,0.1,8.9,0.9]}},"rotation":{"angle":-22.5,"axis":"z","origin":[6.25249,8.8489,8.9518]}},{"from":[5.85249,8.76934,7.1018],"to":[6.35249,8.92846,9.0018],"faces":{"north":{"texture":"#o0","uv":[8.1,0.1,8.9,0.9]},"south":{"texture":"#o0","uv":[8.1,0.1,8.9,0.9]},"west":{"texture":"#o0","uv":[8.1,0.1,8.9,0.9]}},"rotation":{"angle":0.0,"axis":"y","origin":[-6.0,0.0,0.0]}},{"from":[6.17292,8.7489,7.1018],"to":[6.33205,9.2489,9.0018],"faces":{"north":{"texture":"#o0","uv":[8.1,0.1,8.9,0.9]},"south":{"texture":"#o0","uv":[8.1,0.1,8.9,0.9]},"up":{"texture":"#o0","uv":[8.1,0.1,8.9,0.9]}},"rotation":{"angle":45.0,"axis":"z","origin":[6.25249,8.8489,8.9518]}},{"from":[6.17292,8.7489,7.1018],"to":[6.33205,9.2489,9.0018],"faces":{"north":{"texture":"#o0","uv":[8.1,0.1,8.9,0.9]},"south":{"texture":"#o0","uv":[8.1,0.1,8.9,0.9]},"up":{"texture":"#o0","uv":[8.1,0.1,8.9,0.9]}},"rotation":{"angle":22.5,"axis":"z","origin":[6.25249,8.8489,8.9518]}},{"from":[6.17292,8.7489,7.1018],"to":[6.33205,9.2489,9.0018],"faces":{"north":{"texture":"#o0","uv":[8.1,0.1,8.9,0.9]},"south":{"texture":"#o0","uv":[8.1,0.1,8.9,0.9]},"up":{"texture":"#o0","uv":[8.1,0.1,8.9,0.9]}},"rotation":{"angle":0.0,"axis":"y","origin":[-6.0,0.0,0.0]}},{"from":[12.03205,8.7489,7.1018],"to":[12.19118,9.2489,9.0018],"faces":{"north":{"texture":"#o0","uv":[8.1,0.1,8.9,0.9]},"south":{"texture":"#o0","uv":[8.1,0.1,8.9,0.9]},"up":{"texture":"#o0","uv":[8.1,0.1,8.9,0.9]}},"rotation":{"angle":-22.5,"axis":"z","origin":[12.11161,8.8489,8.9518]}},{"from":[12.03205,8.7489,7.1018],"to":[12.19118,9.2489,9.0018],"faces":{"north":{"texture":"#o0","uv":[8.1,0.1,8.9,0.9]},"south":{"texture":"#o0","uv":[8.1,0.1,8.9,0.9]},"up":{"texture":"#o0","uv":[8.1,0.1,8.9,0.9]}},"rotation":{"angle":0.0,"axis":"y","origin":[-6.0,0.0,0.0]}},{"from":[5.85249,8.06934,7.1018],"to":[6.35249,8.22846,9.0018],"faces":{"north":{"texture":"#o0","uv":[8.1,0.1,8.9,0.9]},"south":{"texture":"#o0","uv":[8.1,0.1,8.9,0.9]},"west":{"texture":"#o0","uv":[8.1,0.1,8.9,0.9]}},"rotation":{"angle":22.5,"axis":"z","origin":[6.25249,8.1489,8.9518]}},{"from":[5.85249,8.06934,7.1018],"to":[6.35249,8.22846,9.0018],"faces":{"north":{"texture":"#o0","uv":[8.1,0.1,8.9,0.9]},"south":{"texture":"#o0","uv":[8.1,0.1,8.9,0.9]},"west":{"texture":"#o0","uv":[8.1,0.1,8.9,0.9]}},"rotation":{"angle":0.0,"axis":"y","origin":[-6.0,0.0,0.0]}},{"from":[6.17292,7.7489,7.1018],"to":[6.33205,8.2489,9.0018],"faces":{"north":{"texture":"#o0","uv":[8.1,0.1,8.9,0.9]},"south":{"texture":"#o0","uv":[8.1,0.1,8.9,0.9]},"down":{"texture":"#o0","uv":[8.1,0.1,8.9,0.9]}},"rotation":{"angle":-22.5,"axis":"z","origin":[6.25249,8.1489,8.9518]}},{"from":[6.17292,7.7489,7.1018],"to":[6.33205,8.2489,9.0018],"faces":{"north":{"texture":"#o0","uv":[8.1,0.1,8.9,0.9]},"south":{"texture":"#o0","uv":[8.1,0.1,8.9,0.9]},"down":{"texture":"#o0","uv":[8.1,0.1,8.9,0.9]}},"rotation":{"angle":-45.0,"axis":"z","origin":[6.25249,8.1489,8.9518]}},{"from":[6.17292,7.7489,7.1018],"to":[6.33205,8.2489,9.0018],"faces":{"north":{"texture":"#o0","uv":[8.1,0.1,8.9,0.9]},"south":{"texture":"#o0","uv":[8.1,0.1,8.9,0.9]},"down":{"texture":"#o0","uv":[8.1,0.1,8.9,0.9]}},"rotation":{"angle":0.0,"axis":"y","origin":[-6.0,0.0,0.0]}},{"from":[12.01161,8.76934,7.1018],"to":[12.51161,8.92846,9.0018],"faces":{"north":{"texture":"#o0","uv":[8.1,0.1,8.9,0.9]},"east":{"texture":"#o0","uv":[8.1,0.1,8.9,0.9]},"south":{"texture":"#o0","uv":[8.1,0.1,8.9,0.9]}},"rotation":{"angle":0.0,"axis":"y","origin":[-6.0,0.0,0.0]}},{"from":[12.01161,8.76934,7.1018],"to":[12.51161,8.92846,9.0018],"faces":{"north":{"texture":"#o0","uv":[8.1,0.1,8.9,0.9]},"east":{"texture":"#o0","uv":[8.1,0.1,8.9,0.9]},"south":{"texture":"#o0","uv":[8.1,0.1,8.9,0.9]}},"rotation":{"angle":22.5,"axis":"z","origin":[12.11161,8.8489,8.9518]}},{"from":[12.03205,8.22846,7.1018],"to":[12.51161,8.76934,9.0018],"faces":{"north":{"texture":"#o0","uv":[8.1,0.1,8.9,0.9]},"east":{"texture":"#o0","uv":[8.1,0.1,8.9,0.9]},"south":{"texture":"#o0","uv":[8.1,0.1,8.9,0.9]}},"rotation":{"angle":0.0,"axis":"y","origin":[-6.0,0.0,0.0]}},{"from":[5.85249,8.22846,7.1018],"to":[6.33205,8.76934,9.0018],"faces":{"north":{"texture":"#o0","uv":[8.1,0.1,8.9,0.9]},"south":{"texture":"#o0","uv":[8.1,0.1,8.9,0.9]},"west":{"texture":"#o0","uv":[8.1,0.1,8.9,0.9]}},"rotation":{"angle":0.0,"axis":"y","origin":[-6.0,0.0,0.0]}},{"from":[3.33205,7.2489,8.4018],"to":[5.23205,8.0489,8.9018],"faces":{"north":{"texture":"#o0","uv":[0.1,0.1,0.9,0.9]},"south":{"texture":"#o0","uv":[0.1,0.1,0.9,0.9]},"west":{"texture":"#o0","uv":[0.1,0.1,0.9,0.9]},"up":{"texture":"#o0","uv":[0.1,0.1,0.9,0.9]}},"rotation":{"angle":0.0,"axis":"y","origin":[-6.0,0.0,0.0]}},{"from":[3.33205,8.4489,8.4018],"to":[5.23205,9.7489,8.9018],"faces":{"south":{"texture":"#o0","uv":[0.1,0.1,0.9,0.9]},"west":{"texture":"#o0","uv":[0.1,0.1,0.9,0.9]},"down":{"texture":"#o0","uv":[0.1,0.1,0.9,0.9]}},"rotation":{"angle":0.0,"axis":"y","origin":[-6.0,0.0,0.0]}},{"from":[3.33205,8.0489,8.6018],"to":[3.93205,8.4489,8.9018],"faces":{"east":{"texture":"#o0","uv":[0.1,0.1,0.9,0.9]},"south":{"texture":"#o0","uv":[0.1,0.1,0.9,0.9]},"west":{"texture":"#o0","uv":[0.1,0.1,0.9,0.9],"rotation":270}},"rotation":{"angle":0.0,"axis":"y","origin":[-6.0,0.0,0.0]}},{"from":[3.93205,8.13327,8.5018],"to":[5.13205,8.3489,8.87055],"faces":{"east":{"texture":"#o0","uv":[4.1,0.1,4.9,0.9]},"south":{"texture":"#o0","uv":[4.1,0.1,4.9,0.9]},"up":{"texture":"#o0","uv":[4.1,0.1,4.9,0.9]},"down":{"texture":"#o0","uv":[4.1,0.1,4.9,0.9]}},"rotation":{"angle":0.0,"axis":"y","origin":[-6.0,0.0,0.0]}},{"from":[3.53205,8.03327,8.4018],"to":[5.73205,8.4489,8.8018],"faces":{"south":{"texture":"#o0","uv":[0.1,0.1,0.9,0.9]}},"rotation":{"angle":0.0,"axis":"y","origin":[-6.0,0.0,0.0]}},{"from":[3.33205,7.2489,7.1936],"to":[5.23205,8.0489,7.6936],"faces":{"north":{"texture":"#o0","uv":[0.1,0.1,0.9,0.9]},"west":{"texture":"#o0","uv":[0.1,0.1,0.9,0.9]},"up":{"texture":"#o0","uv":[0.1,0.1,0.9,0.9]}},"rotation":{"angle":0.0,"axis":"y","origin":[-6.0,0.0,0.0]}},{"from":[3.33205,7.0489,7.3936],"to":[5.23205,8.6489,8.6936],"faces":{"west":{"texture":"#o0","uv":[0.1,0.1,0.9,0.9]}},"rotation":{"angle":0.0,"axis":"y","origin":[-6.0,0.0,0.0]}},{"from":[3.33205,8.4489,7.1936],"to":[5.23205,9.7489,7.6936],"faces":{"north":{"texture":"#o0","uv":[0.1,0.1,0.9,0.9],"rotation":180},"west":{"texture":"#o0","uv":[0.1,0.1,0.9,0.9]},"down":{"texture":"#o0","uv":[0.1,0.1,0.9,0.9]}},"rotation":{"angle":0.0,"axis":"y","origin":[-6.0,0.0,0.0]}},{"from":[-12.86795,9.15412,6.41164],"to":[15.33205,9.45412,6.91164],"faces":{"east":{"texture":"#o0","uv":[0.1,0.1,0.9,0.9]},"south":{"texture":"#o0","uv":[0.1,0.1,0.9,0.9]},"west":{"texture":"#o0","uv":[0.1,0.1,0.9,0.9]}},"rotation":{"angle":-22.5,"axis":"x","origin":[7.83205,14.45412,6.41164]}},{"from":[3.33205,8.0489,7.1936],"to":[3.93205,8.4489,7.4936],"faces":{"north":{"texture":"#o0","uv":[0.1,0.1,0.9,0.9]},"east":{"texture":"#o0","uv":[0.1,0.1,0.9,0.9]}},"rotation":{"angle":0.0,"axis":"y","origin":[-6.0,0.0,0.0]}},{"from":[3.93205,8.03327,7.3018],"to":[6.13205,8.4489,7.7018],"faces":{"north":{"texture":"#o0","uv":[0.1,0.1,0.9,0.9]}},"rotation":{"angle":0.0,"axis":"y","origin":[-6.0,0.0,0.0]}},{"from":[3.93205,8.13327,7.23305],"to":[5.13205,8.3489,7.6018],"faces":{"north":{"texture":"#o0","uv":[4.1,0.1,4.9,0.9]},"east":{"texture":"#o0","uv":[4.1,0.1,4.9,0.9]},"up":{"texture":"#o0","uv":[4.1,0.1,4.9,0.9]},"down":{"texture":"#o0","uv":[4.1,0.1,4.9,0.9]}},"rotation":{"angle":0.0,"axis":"y","origin":[-6.0,0.0,0.0]}},{"from":[5.28457,10.86658,7.9977],"to":[5.33769,11.06033,8.0977],"faces":{"north":{"texture":"#o0","uv":[4.1,0.1,4.9,0.9]},"east":{"texture":"#o0","uv":[4.1,0.1,4.9,0.9]},"south":{"texture":"#o0","uv":[4.1,0.1,4.9,0.9]},"up":{"texture":"#o0","uv":[4.1,0.1,4.9,0.9]}},"rotation":{"angle":-22.5,"axis":"z","origin":[5.39573,10.77637,8.0477]}},{"from":[5.21193,10.67725,7.9977],"to":[5.38068,10.996,8.0977],"faces":{"north":{"texture":"#o0","uv":[4.1,0.1,4.9,0.9]},"east":{"texture":"#o0","uv":[4.1,0.1,4.9,0.9]},"south":{"texture":"#o0","uv":[4.1,0.1,4.9,0.9]}},"rotation":{"angle":0.0,"axis":"y","origin":[-6.0,0.0,0.0]}},{"from":[5.37852,10.54601,7.9977],"to":[5.43165,10.73976,8.0977],"faces":{"north":{"texture":"#o0","uv":[4.1,0.1,4.9,0.9]},"east":{"texture":"#o0","uv":[4.1,0.1,4.9,0.9]},"south":{"texture":"#o0","uv":[4.1,0.1,4.9,0.9]}},"rotation":{"angle":22.5,"axis":"z","origin":[5.43161,10.59601,8.0477]}},{"from":[5.43003,10.34592,7.9977],"to":[5.62378,10.51466,8.0977],"faces":{"north":{"texture":"#o0","uv":[4.1,0.1,4.9,0.9]},"south":{"texture":"#o0","uv":[4.1,0.1,4.9,0.9]},"up":{"texture":"#o0","uv":[4.1,0.1,4.9,0.9]}},"rotation":{"angle":-45.0,"axis":"z","origin":[5.4979,10.52972,8.0477]}},{"from":[5.54972,10.32018,7.9977],"to":[5.82159,10.4358,8.0977],"faces":{"north":{"texture":"#o0","uv":[4.1,0.1,4.9,0.9]},"south":{"texture":"#o0","uv":[4.1,0.1,4.9,0.9]},"up":{"texture":"#o0","uv":[4.1,0.1,4.9,0.9]}},"rotation":{"angle":-22.5,"axis":"z","origin":[5.58451,10.49384,8.0477]}},{"from":[4.83205,10.253,7.8977],"to":[5.8258,10.353,8.1977],"faces":{"north":{"texture":"#o0","uv":[4.1,0.1,4.9,0.9]},"east":{"texture":"#o0","uv":[4.1,0.1,4.9,0.9]},"south":{"texture":"#o0","uv":[4.1,0.1,4.9,0.9]},"west":{"texture":"#o0","uv":[4.1,0.1,4.9,0.9]},"up":{"texture":"#o0","uv":[4.1,0.1,4.9,0.9]}},"rotation":{"angle":0.0,"axis":"y","origin":[-6.0,0.0,0.0]}},{"from":[4.92104,10.34628,7.9977],"to":[5.4273,10.6006,8.0977],"faces":{"north":{"texture":"#o0","uv":[4.1,0.1,4.9,0.9]},"south":{"texture":"#o0","uv":[4.1,0.1,4.9,0.9]},"west":{"texture":"#o0","uv":[4.1,0.1,4.9,0.9]}},"rotation":{"angle":0.0,"axis":"y","origin":[-6.0,0.0,0.0]}},{"from":[4.92104,10.3619,7.9977],"to":[5.33667,10.6006,8.0977],"faces":{"north":{"texture":"#o0","uv":[4.1,0.1,4.9,0.9]},"south":{"texture":"#o0","uv":[4.1,0.1,4.9,0.9]},"west":{"texture":"#o0","uv":[4.1,0.1,4.9,0.9]}},"rotation":{"angle":-22.5,"axis":"z","origin":[5.52104,10.48125,8.0477]}},{"from":[5.4017,10.88126,7.9977],"to":[5.64039,11.08125,8.0977],"faces":{"north":{"texture":"#o0","uv":[4.1,0.1,4.9,0.9]},"south":{"texture":"#o0","uv":[4.1,0.1,4.9,0.9]},"up":{"texture":"#o0","uv":[4.1,0.1,4.9,0.9]}},"rotation":{"angle":45.0,"axis":"z","origin":[5.52104,10.48125,8.0477]}},{"from":[5.4017,11.01251,7.9977],"to":[5.64039,11.08125,8.0977],"faces":{"north":{"texture":"#o0","uv":[4.1,0.1,4.9,0.9]},"south":{"texture":"#o0","uv":[4.1,0.1,4.9,0.9]},"up":{"texture":"#o0","uv":[4.1,0.1,4.9,0.9]}},"rotation":{"angle":22.5,"axis":"z","origin":[5.52104,10.48125,8.0477]}},{"from":[-2.36795,9.453,7.7977],"to":[6.33205,10.253,8.2977],"faces":{"up":{"texture":"#o0","uv":[4.1,0.1,4.9,0.9]}},"rotation":{"angle":0.0,"axis":"y","origin":[-6.0,0.0,0.0]}},{"from":[0.33205,7.7489,8.7018],"to":[3.33205,8.6489,8.8018],"faces":{"north":{"texture":"#o0","uv":[4.1,0.1,4.9,0.9]},"south":{"texture":"#o0","uv":[4.1,0.1,4.9,0.9]}},"rotation":{"angle":0.0,"axis":"y","origin":[-6.0,0.0,0.0]}},{"from":[0.33,3.05381,4.55],"to":[3.33,4.44619,11.55],"faces":{"north":{"texture":"#o4","uv":[0.0,1.0,6.0,2.0]},"east":{"texture":"#o4","uv":[13.0,1.0,13.25,1.25]},"south":{"texture":"#o4","uv":[0.0,1.0,6.0,2.0]},"west":{"texture":"#o4","uv":[13.0,1.0,13.25,1.25]}},"rotation":{"angle":-45.0,"axis":"x","origin":[1.08,3.75,8.05]}},{"from":[0.33,3.05381,4.55],"to":[3.33,4.44619,11.55],"faces":{"north":{"texture":"#o4","uv":[0.0,1.0,6.0,2.0]},"east":{"texture":"#o4","uv":[13.0,1.0,13.25,1.25]},"south":{"texture":"#o4","uv":[0.0,1.0,6.0,2.0]},"west":{"texture":"#o4","uv":[13.0,1.0,13.25,1.25]}},"rotation":{"angle":-22.5,"axis":"x","origin":[1.08,3.75,8.05]}},{"from":[0.33,3.05381,4.55],"to":[3.33,4.44619,11.55],"faces":{"north":{"texture":"#o4","uv":[0.0,1.0,6.0,2.0]},"east":{"texture":"#o4","uv":[13.0,1.0,13.25,1.25]},"south":{"texture":"#o4","uv":[0.0,1.0,6.0,2.0]},"west":{"texture":"#o4","uv":[13.0,1.0,13.25,1.25]}},"rotation":{"angle":0.0,"axis":"x","origin":[1.08,3.75,8.05]}},{"from":[0.33,3.05381,4.55],"to":[3.33,4.44619,11.55],"faces":{"north":{"texture":"#o4","uv":[0.0,1.0,6.0,2.0]},"east":{"texture":"#o4","uv":[13.0,1.0,13.25,1.25]},"south":{"texture":"#o4","uv":[0.0,1.0,6.0,2.0]},"west":{"texture":"#o4","uv":[13.0,1.0,13.25,1.25]}},"rotation":{"angle":22.5,"axis":"x","origin":[1.08,3.75,8.05]}},{"from":[0.33,3.05381,4.55],"to":[3.33,4.44619,11.55],"faces":{"north":{"texture":"#o4","uv":[0.0,1.0,6.0,2.0]},"east":{"texture":"#o4","uv":[13.0,1.0,13.25,1.25]},"south":{"texture":"#o4","uv":[0.0,1.0,6.0,2.0]},"west":{"texture":"#o4","uv":[13.0,1.0,13.25,1.25]}},"rotation":{"angle":45.0,"axis":"x","origin":[1.08,3.75,8.05]}},{"from":[0.33,0.25,7.35381],"to":[3.33,7.25,8.74619],"faces":{"east":{"texture":"#o4","uv":[13.0,1.0,13.25,1.25]},"west":{"texture":"#o4","uv":[13.0,1.0,13.25,1.25]},"up":{"texture":"#o4","uv":[0.0,1.0,6.0,2.0]},"down":{"texture":"#o4","uv":[0.0,1.0,6.0,2.0]}},"rotation":{"angle":-22.5,"axis":"x","origin":[1.08,3.75,8.05]}},{"from":[0.33,0.25,7.35381],"to":[3.33,7.25,8.74619],"faces":{"east":{"texture":"#o4","uv":[13.0,1.0,13.25,1.25]},"west":{"texture":"#o4","uv":[13.0,1.0,13.25,1.25]},"up":{"texture":"#o4","uv":[0.0,1.0,6.0,2.0]},"down":{"texture":"#o4","uv":[0.0,1.0,6.0,2.0]}},"rotation":{"angle":0.0,"axis":"x","origin":[1.08,3.75,8.05]}},{"from":[0.33,0.25,7.35381],"to":[3.33,7.25,8.74619],"faces":{"east":{"texture":"#o4","uv":[13.0,1.0,13.25,1.25]},"west":{"texture":"#o4","uv":[13.0,1.0,13.25,1.25]},"up":{"texture":"#o4","uv":[0.0,1.0,6.0,2.0]},"down":{"texture":"#o4","uv":[0.0,1.0,6.0,2.0]}},"rotation":{"angle":22.5,"axis":"x","origin":[1.08,3.75,8.05]}},{"from":[-1.34973,11.85,8.4],"to":[-1.25027,12.35,8.6],"faces":{"north":{"texture":"#o0","uv":[0.0,0.0,1.0,1.0]},"south":{"texture":"#o0","uv":[0.0,0.0,1.0,1.0]},"up":{"texture":"#o0","uv":[0.0,0.0,1.0,1.0]},"down":{"texture":"#o0","uv":[0.0,0.0,1.0,1.0]}},"rotation":{"angle":-45.0,"axis":"z","origin":[-1.3,12.1,8.1]}},{"from":[-1.34973,11.85,8.4],"to":[-1.25027,12.35,8.6],"faces":{"north":{"texture":"#o0","uv":[0.0,0.0,1.0,1.0]},"south":{"texture":"#o0","uv":[0.0,0.0,1.0,1.0]},"up":{"texture":"#o0","uv":[0.0,0.0,1.0,1.0]},"down":{"texture":"#o0","uv":[0.0,0.0,1.0,1.0]}},"rotation":{"angle":-22.5,"axis":"z","origin":[-1.3,12.1,8.1]}},{"from":[-1.34973,11.85,8.4],"to":[-1.25027,12.35,8.6],"faces":{"north":{"texture":"#o0","uv":[0.0,0.0,1.0,1.0]},"south":{"texture":"#o0","uv":[0.0,0.0,1.0,1.0]},"up":{"texture":"#o0","uv":[0.0,0.0,1.0,1.0]},"down":{"texture":"#o0","uv":[0.0,0.0,1.0,1.0]}},"rotation":{"angle":0.0,"axis":"z","origin":[-1.3,12.1,8.1]}},{"from":[-1.34973,11.85,8.4],"to":[-1.25027,12.35,8.6],"faces":{"north":{"texture":"#o0","uv":[0.0,0.0,1.0,1.0]},"south":{"texture":"#o0","uv":[0.0,0.0,1.0,1.0]},"up":{"texture":"#o0","uv":[0.0,0.0,1.0,1.0]},"down":{"texture":"#o0","uv":[0.0,0.0,1.0,1.0]}},"rotation":{"angle":22.5,"axis":"z","origin":[-1.3,12.1,8.1]}},{"from":[-1.34973,11.85,8.4],"to":[-1.25027,12.35,8.6],"faces":{"north":{"texture":"#o0","uv":[0.0,0.0,1.0,1.0]},"south":{"texture":"#o0","uv":[0.0,0.0,1.0,1.0]},"up":{"texture":"#o0","uv":[0.0,0.0,1.0,1.0]},"down":{"texture":"#o0","uv":[0.0,0.0,1.0,1.0]}},"rotation":{"angle":45.0,"axis":"z","origin":[-1.3,12.1,8.1]}},{"from":[-1.55,12.05027,8.4],"to":[-1.05,12.14973,8.6],"faces":{"north":{"texture":"#o0","uv":[0.0,0.0,1.0,1.0]},"east":{"texture":"#o0","uv":[0.0,0.0,1.0,1.0]},"south":{"texture":"#o0","uv":[0.0,0.0,1.0,1.0]},"west":{"texture":"#o0","uv":[0.0,0.0,1.0,1.0]}},"rotation":{"angle":-22.5,"axis":"z","origin":[-1.3,12.1,8.1]}},{"from":[-1.55,12.05027,8.4],"to":[-1.05,12.14973,8.6],"faces":{"north":{"texture":"#o0","uv":[0.0,0.0,1.0,1.0]},"east":{"texture":"#o0","uv":[0.0,0.0,1.0,1.0]},"south":{"texture":"#o0","uv":[0.0,0.0,1.0,1.0]},"west":{"texture":"#o0","uv":[0.0,0.0,1.0,1.0]}},"rotation":{"angle":0.0,"axis":"z","origin":[-1.3,12.1,8.1]}},{"from":[-1.55,12.05027,8.4],"to":[-1.05,12.14973,8.6],"faces":{"north":{"texture":"#o0","uv":[0.0,0.0,1.0,1.0]},"east":{"texture":"#o0","uv":[0.0,0.0,1.0,1.0]},"south":{"texture":"#o0","uv":[0.0,0.0,1.0,1.0]},"west":{"texture":"#o0","uv":[0.0,0.0,1.0,1.0]}},"rotation":{"angle":22.5,"axis":"z","origin":[-1.3,12.1,8.1]}},{"from":[-1.03407,13.00863,7.8677],"to":[-0.83407,13.0883,7.9077],"faces":{"east":{"texture":"#o0","uv":[0.0,0.0,1.0,1.0]},"south":{"texture":"#o0","uv":[0.0,0.0,1.0,1.0]},"west":{"texture":"#o0","uv":[0.0,0.0,1.0,1.0]}},"rotation":{"angle":-45.0,"axis":"x","origin":[-1.00407,13.05847,8.0477]}},{"from":[-1.03407,12.94863,7.8977],"to":[-0.83407,13.0883,7.9077],"faces":{"east":{"texture":"#o0","uv":[0.0,0.0,1.0,1.0]},"south":{"texture":"#o0","uv":[0.0,0.0,1.0,1.0]},"west":{"texture":"#o0","uv":[0.0,0.0,1.0,1.0]}},"rotation":{"angle":-22.5,"axis":"x","origin":[-1.00407,13.05847,8.0477]}},{"from":[-1.03407,12.90863,7.8977],"to":[-0.83407,13.0883,7.9077],"faces":{"north":{"texture":"#o0","uv":[0.0,0.0,1.0,1.0]},"east":{"texture":"#o0","uv":[0.0,0.0,1.0,1.0]},"south":{"texture":"#o0","uv":[0.0,0.0,1.0,1.0]},"west":{"texture":"#o0","uv":[0.0,0.0,1.0,1.0]}},"rotation":{"angle":0.0,"axis":"x","origin":[-1.00407,13.05847,8.0477]}},{"from":[-1.03407,13.02863,7.8977],"to":[-0.83407,13.0883,7.9077],"faces":{"north":{"texture":"#o0","uv":[0.0,0.0,1.0,1.0]},"east":{"texture":"#o0","uv":[0.0,0.0,1.0,1.0]},"south":{"texture":"#o0","uv":[0.0,0.0,1.0,1.0]},"west":{"texture":"#o0","uv":[0.0,0.0,1.0,1.0]}},"rotation":{"angle":22.5,"axis":"x","origin":[-1.00407,13.05847,8.0477]}},{"from":[-1.03407,13.02863,7.8977],"to":[-0.83407,13.0883,7.9077],"faces":{"north":{"texture":"#o0","uv":[0.0,0.0,1.0,1.0]},"east":{"texture":"#o0","uv":[0.0,0.0,1.0,1.0]},"south":{"texture":"#o0","uv":[0.0,0.0,1.0,1.0]},"west":{"texture":"#o0","uv":[0.0,0.0,1.0,1.0]}},"rotation":{"angle":45.0,"axis":"x","origin":[-1.00407,13.05847,8.0477]}},{"from":[-1.03407,13.02863,8.1877],"to":[-0.83407,13.0883,8.1977],"faces":{"north":{"texture":"#o0","uv":[0.0,0.0,1.0,1.0]},"east":{"texture":"#o0","uv":[0.0,0.0,1.0,1.0]},"south":{"texture":"#o0","uv":[0.0,0.0,1.0,1.0]},"west":{"texture":"#o0","uv":[0.0,0.0,1.0,1.0]}},"rotation":{"angle":-45.0,"axis":"x","origin":[-1.00407,13.05847,8.0477]}},{"from":[-1.03407,13.02863,8.1877],"to":[-0.83407,13.0883,8.1977],"faces":{"north":{"texture":"#o0","uv":[0.0,0.0,1.0,1.0]},"east":{"texture":"#o0","uv":[0.0,0.0,1.0,1.0]},"south":{"texture":"#o0","uv":[0.0,0.0,1.0,1.0]},"west":{"texture":"#o0","uv":[0.0,0.0,1.0,1.0]}},"rotation":{"angle":-22.5,"axis":"x","origin":[-1.00407,13.05847,8.0477]}},{"from":[-1.03407,12.90863,8.1877],"to":[-0.83407,13.0883,8.1977],"faces":{"north":{"texture":"#o0","uv":[0.0,0.0,1.0,1.0]},"east":{"texture":"#o0","uv":[0.0,0.0,1.0,1.0]},"south":{"texture":"#o0","uv":[0.0,0.0,1.0,1.0]},"west":{"texture":"#o0","uv":[0.0,0.0,1.0,1.0]}},"rotation":{"angle":0.0,"axis":"x","origin":[-1.00407,13.05847,8.0477]}},{"from":[-1.03407,12.92863,8.1877],"to":[-0.83407,13.0883,8.1977],"faces":{"north":{"texture":"#o0","uv":[0.0,0.0,1.0,1.0]},"east":{"texture":"#o0","uv":[0.0,0.0,1.0,1.0]},"west":{"texture":"#o0","uv":[0.0,0.0,1.0,1.0]}},"rotation":{"angle":22.5,"axis":"x","origin":[-1.00407,13.05847,8.0477]}},{"from":[-1.03407,13.00863,8.1877],"to":[-0.83407,13.0883,8.2277],"faces":{"north":{"texture":"#o0","uv":[0.0,0.0,1.0,1.0]},"east":{"texture":"#o0","uv":[0.0,0.0,1.0,1.0]},"west":{"texture":"#o0","uv":[0.0,0.0,1.0,1.0]}},"rotation":{"angle":45.0,"axis":"x","origin":[-1.00407,13.05847,8.0477]}},{"from":[-1.03407,12.90863,8.1477],"to":[-0.83407,12.9483,8.1877],"faces":{"north":{"texture":"#o0","uv":[0.0,0.0,1.0,1.0]},"east":{"texture":"#o0","uv":[0.0,0.0,1.0,1.0]},"south":{"texture":"#o0","uv":[0.0,0.0,1.0,1.0]},"west":{"texture":"#o0","uv":[0.0,0.0,1.0,1.0]},"up":{"texture":"#o0","uv":[0.0,0.0,1.0,1.0]},"down":{"texture":"#o0","uv":[0.0,0.0,1.0,1.0]}},"rotation":{"angle":0.0,"axis":"x","origin":[-1.00407,13.05847,8.0477]}},{"from":[-1.03407,12.90863,7.9077],"to":[-0.83407,12.9483,7.9477],"faces":{"north":{"texture":"#o0","uv":[0.0,0.0,1.0,1.0]},"east":{"texture":"#o0","uv":[0.0,0.0,1.0,1.0]},"south":{"texture":"#o0","uv":[0.0,0.0,1.0,1.0]},"west":{"texture":"#o0","uv":[0.0,0.0,1.0,1.0]},"up":{"texture":"#o0","uv":[0.0,0.0,1.0,1.0]},"down":{"texture":"#o0","uv":[0.0,0.0,1.0,1.0]}},"rotation":{"angle":0.0,"axis":"x","origin":[-1.00407,13.05847,8.0477]}},{"from":[-1.03407,13.01863,7.8907],"to":[-0.83407,13.0683,7.9007],"faces":{"east":{"texture":"#o0","uv":[0.0,0.0,1.0,1.0]},"west":{"texture":"#o0","uv":[0.0,0.0,1.0,1.0]}},"rotation":{"angle":-22.5,"axis":"x","origin":[-1.00407,13.05847,8.0477]}},{"from":[-1.03407,13.01863,7.8807],"to":[-0.83407,13.04583,7.8907],"faces":{"east":{"texture":"#o0","uv":[0.0,0.0,1.0,1.0]},"west":{"texture":"#o0","uv":[0.0,0.0,1.0,1.0]}},"rotation":{"angle":-22.5,"axis":"x","origin":[-1.00407,13.05847,8.0477]}},{"from":[-1.03407,13.01863,8.1993],"to":[-0.83407,13.04583,8.2143],"faces":{"east":{"texture":"#o0","uv":[1.0,0.0,0.0,1.0]},"west":{"texture":"#o0","uv":[1.0,0.0,0.0,1.0]}},"rotation":{"angle":22.5,"axis":"x","origin":[-1.00407,13.05847,8.0423]}},{"from":[-1.03407,13.01863,8.1963],"to":[-0.83407,13.0683,8.2063],"faces":{"east":{"texture":"#o0","uv":[1.0,0.0,0.0,1.0]},"west":{"texture":"#o0","uv":[1.0,0.0,0.0,1.0]}},"rotation":{"angle":22.5,"axis":"x","origin":[-1.00407,13.05847,8.0423]}},{"from":[-1.03407,12.87847,8.01786],"to":[-0.83407,12.91847,8.07754],"faces":{"east":{"texture":"#o0","uv":[0.0,0.0,1.0,1.0]},"west":{"texture":"#o0","uv":[0.0,0.0,1.0,1.0]},"up":{"texture":"#o0","uv":[0.0,0.0,1.0,1.0]}},"rotation":{"angle":-22.5,"axis":"x","origin":[-1.00407,13.05847,8.0477]}},{"from":[-1.03407,12.90847,8.01786],"to":[-0.83407,12.91847,8.07754],"faces":{"east":{"texture":"#o0","uv":[0.0,0.0,1.0,1.0]},"west":{"texture":"#o0","uv":[0.0,0.0,1.0,1.0]},"up":{"texture":"#o0","uv":[0.0,0.0,1.0,1.0]}},"rotation":{"angle":0.0,"axis":"x","origin":[-1.00407,13.05847,8.0477]}},{"from":[-1.03407,12.88847,8.01786],"to":[-0.83407,12.91847,8.07754],"faces":{"east":{"texture":"#o0","uv":[0.0,0.0,1.0,1.0]},"west":{"texture":"#o0","uv":[0.0,0.0,1.0,1.0]},"up":{"texture":"#o0","uv":[0.0,0.0,1.0,1.0]}},"rotation":{"angle":22.5,"axis":"x","origin":[-1.00407,13.05847,8.0477]}},{"from":[-1.03407,13.19847,8.01786],"to":[-0.83407,13.20847,8.07754],"faces":{"east":{"texture":"#o0","uv":[0.0,0.0,1.0,1.0]},"west":{"texture":"#o0","uv":[0.0,0.0,1.0,1.0]},"up":{"texture":"#o0","uv":[0.0,0.0,1.0,1.0]},"down":{"texture":"#o0","uv":[0.0,0.0,1.0,1.0]}},"rotation":{"angle":-22.5,"axis":"x","origin":[-1.00407,13.05847,8.0477]}},{"from":[-1.03407,13.19847,8.01786],"to":[-0.83407,13.20847,8.07754],"faces":{"east":{"texture":"#o0","uv":[0.0,0.0,1.0,1.0]},"west":{"texture":"#o0","uv":[0.0,0.0,1.0,1.0]},"up":{"texture":"#o0","uv":[0.0,0.0,1.0,1.0]},"down":{"texture":"#o0","uv":[0.0,0.0,1.0,1.0]}},"rotation":{"angle":0.0,"axis":"x","origin":[-1.00407,13.05847,8.0477]}},{"from":[-1.03407,13.19847,8.01786],"to":[-0.83407,13.20847,8.07754],"faces":{"east":{"texture":"#o0","uv":[0.0,0.0,1.0,1.0]},"west":{"texture":"#o0","uv":[0.0,0.0,1.0,1.0]},"up":{"texture":"#o0","uv":[0.0,0.0,1.0,1.0]},"down":{"texture":"#o0","uv":[0.0,0.0,1.0,1.0]}},"rotation":{"angle":22.5,"axis":"x","origin":[-1.00407,13.05847,8.0477]}},{"from":[5.76593,12.90863,7.8977],"to":[5.96593,13.1583,7.9077],"faces":{"north":{"texture":"#o0","uv":[0.0,0.0,1.0,1.0]},"east":{"texture":"#o0","uv":[0.0,0.0,1.0,1.0]},"south":{"texture":"#o0","uv":[0.0,0.0,1.0,1.0]},"west":{"texture":"#o0","uv":[0.0,0.0,1.0,1.0]},"up":{"texture":"#o0","uv":[0.0,0.0,1.0,1.0]}},"rotation":{"angle":0.0,"axis":"x","origin":[5.79593,13.05847,8.0477]}},{"from":[5.76593,12.90863,8.1877],"to":[5.96593,13.1583,8.1977],"faces":{"north":{"texture":"#o0","uv":[0.0,0.0,1.0,1.0]},"east":{"texture":"#o0","uv":[0.0,0.0,1.0,1.0]},"south":{"texture":"#o0","uv":[0.0,0.0,1.0,1.0]},"west":{"texture":"#o0","uv":[0.0,0.0,1.0,1.0]},"up":{"texture":"#o0","uv":[0.0,0.0,1.0,1.0]}},"rotation":{"angle":0.0,"axis":"x","origin":[5.79593,13.05847,8.0477]}},{"from":[5.85593,12.90847,8.03786],"to":[5.90593,13.05847,8.05754],"faces":{"north":{"texture":"#o0","uv":[0.0,0.0,1.0,1.0]},"east":{"texture":"#o0","uv":[0.0,0.0,1.0,1.0]},"south":{"texture":"#o0","uv":[0.0,0.0,1.0,1.0]},"west":{"texture":"#o0","uv":[0.0,0.0,1.0,1.0]},"up":{"texture":"#o0","uv":[0.0,0.0,1.0,1.0]}},"rotation":{"angle":0.0,"axis":"x","origin":[5.79593,13.05847,8.0477]}},{"from":[-1.63407,11.50863,7.5977],"to":[-0.4215,12.10863,8.4977],"faces":{"north":{"texture":"#o0","uv":[0.1,0.1,0.9,0.9]},"east":{"texture":"#o0","uv":[0.1,0.1,0.9,0.9]},"south":{"texture":"#o0","uv":[0.1,0.1,0.9,0.9]},"west":{"texture":"#o0","uv":[0.1,0.1,0.9,0.9]},"up":{"texture":"#o0","uv":[0.1,0.1,0.9,0.9]},"down":{"texture":"#o0","uv":[0.1,0.1,0.9,0.9]}},"rotation":{"angle":0.0,"axis":"y","origin":[-6.0,-0.2,0.0]}},{"from":[-1.03407,12.10863,7.8977],"to":[-0.8215,12.90863,8.1977],"faces":{"north":{"texture":"#o0","uv":[0.1,0.1,0.9,0.9]},"east":{"texture":"#o0","uv":[0.1,0.1,0.9,0.9]},"south":{"texture":"#o0","uv":[0.1,0.1,0.9,0.9]},"west":{"texture":"#o0","uv":[0.1,0.1,0.9,0.9]}},"rotation":{"angle":0.0,"axis":"y","origin":[-6.0,-0.2,0.0]}},{"from":[-0.93407,12.20863,7.6977],"to":[-0.7215,12.40863,8.3977],"faces":{"north":{"texture":"#o0","uv":[0.1,0.1,0.9,0.9]},"east":{"texture":"#o0","uv":[0.1,0.1,0.9,0.9]},"south":{"texture":"#o0","uv":[0.1,0.1,0.9,0.9]},"west":{"texture":"#o0","uv":[0.1,0.1,0.9,0.9]},"up":{"texture":"#o0","uv":[0.1,0.1,0.9,0.9]},"down":{"texture":"#o0","uv":[0.1,0.1,0.9,0.9]}},"rotation":{"angle":0.0,"axis":"y","origin":[-6.0,-0.2,0.0]}},{"from":[5.16593,11.50863,7.5977],"to":[6.3785,12.10863,8.4977],"faces":{"north":{"texture":"#o0","uv":[0.1,0.1,0.9,0.9]},"east":{"texture":"#o0","uv":[0.1,0.1,0.9,0.9]},"south":{"texture":"#o0","uv":[0.1,0.1,0.9,0.9]},"west":{"texture":"#o0","uv":[0.1,0.1,0.9,0.9]},"up":{"texture":"#o0","uv":[0.1,0.1,0.9,0.9]},"down":{"texture":"#o0","uv":[0.1,0.1,0.9,0.9]}},"rotation":{"angle":0.0,"axis":"y","origin":[0.8,-0.2,0.0]}},{"from":[5.76593,12.10863,7.8977],"to":[5.9785,12.90863,8.1977],"faces":{"north":{"texture":"#o0","uv":[0.1,0.1,0.9,0.9]},"east":{"texture":"#o0","uv":[0.1,0.1,0.9,0.9]},"south":{"texture":"#o0","uv":[0.1,0.1,0.9,0.9]},"west":{"texture":"#o0","uv":[0.1,0.1,0.9,0.9]},"up":{"texture":"#o0","uv":[0.1,0.1,0.9,0.9]}},"rotation":{"angle":0.0,"axis":"y","origin":[0.8,-0.2,0.0]}},{"from":[-2.73514,1.8,3.58757],"to":[13.26486,5.8,7.58757],"faces":{"north":{"texture":"#o5","uv":[11.0,16.0,10.0,13.0],"rotation":270},"east":{"texture":"#o5","uv":[10.0,12.0,11.0,13.0],"rotation":270},"south":{"texture":"#o5","uv":[8.0,13.0,9.0,16.0],"rotation":270},"west":{"texture":"#o5","uv":[10.0,13.0,9.0,12.0]},"up":{"texture":"#o5","uv":[9.0,13.0,10.0,16.0],"rotation":270},"down":{"texture":"#o5","uv":[11.0,13.0,12.0,16.0],"rotation":270}},"rotation":{"angle":-22.5,"axis":"y","origin":[5.26486,3.8,5.58757]}},{"from":[-2.98514,1.55,3.33757],"to":[13.51486,6.05,7.83757],"faces":{"north":{"texture":"#o5","uv":[15.0,16.0,14.0,13.0],"rotation":270},"east":{"texture":"#o5","uv":[14.0,12.0,15.0,13.0],"rotation":270},"south":{"texture":"#o5","uv":[12.0,13.0,13.0,16.0],"rotation":270},"west":{"texture":"#o5","uv":[14.0,13.0,13.0,12.0]},"up":{"texture":"#o5","uv":[13.0,13.0,14.0,16.0],"rotation":270},"down":{"texture":"#o5","uv":[15.0,13.0,16.0,16.0],"rotation":270}},"rotation":{"angle":-22.5,"axis":"y","origin":[5.26486,3.8,5.58757]}},{"from":[10.1925,6.135,7.43701],"to":[11.8075,6.645,8.64299],"faces":{"north":{"texture":"#o1","uv":[7.0,0.0,8.0,1.0]},"east":{"texture":"#o1","uv":[7.0,0.0,8.0,1.0]},"south":{"texture":"#o1","uv":[7.0,0.0,8.0,1.0]},"west":{"texture":"#o1","uv":[7.0,0.0,8.0,1.0]},"up":{"texture":"#o1","uv":[7.0,0.0,8.0,1.0],"rotation":90},"down":{"texture":"#o1","uv":[7.0,0.0,8.0,1.0],"rotation":270}},"rotation":{"angle":0.0,"axis":"y","origin":[11.0,6.05,8.04]}},{"from":[10.49,1.885,7.82875],"to":[11.51,6.135,8.25125],"faces":{"east":{"texture":"#o1","uv":[7.0,0.0,8.0,16.0]},"west":{"texture":"#o1","uv":[7.0,0.0,8.0,16.0]},"down":{"texture":"#o1","uv":[7.0,0.0,8.0,1.0],"rotation":270}},"rotation":{"angle":45.0,"axis":"y","origin":[11.0,5.625,8.04]}},{"from":[10.49,1.885,7.82875],"to":[11.51,6.135,8.25125],"faces":{"east":{"texture":"#o1","uv":[7.0,0.0,8.0,16.0]},"west":{"texture":"#o1","uv":[7.0,0.0,8.0,16.0]},"down":{"texture":"#o1","uv":[7.0,0.0,8.0,1.0],"rotation":270}},"rotation":{"angle":0.0,"axis":"y","origin":[11.0,5.625,8.04]}},{"from":[10.78875,1.885,7.53],"to":[11.21125,6.135,8.55],"faces":{"north":{"texture":"#o1","uv":[7.0,0.0,8.0,16.0]},"south":{"texture":"#o1","uv":[7.0,0.0,8.0,16.0]},"down":{"texture":"#o1","uv":[7.0,0.0,8.0,1.0],"rotation":270}},"rotation":{"angle":45.0,"axis":"y","origin":[11.0,5.625,8.04]}},{"from":[10.78875,1.885,7.53],"to":[11.21125,6.135,8.55],"faces":{"north":{"texture":"#o1","uv":[7.0,0.0,8.0,16.0]},"south":{"texture":"#o1","uv":[7.0,0.0,8.0,16.0]},"down":{"texture":"#o1","uv":[7.0,0.0,8.0,1.0],"rotation":270}},"rotation":{"angle":0.0,"axis":"y","origin":[11.0,5.625,8.04]}},{"from":[16.8395,7.16662,7.4],"to":[29.6105,7.71338,7.51],"faces":{"north":{"texture":"#o8","uv":[1.0,1.0,2.25,2.25]},"east":{"texture":"#o8","uv":[1.0,1.0,2.25,2.25]},"south":{"texture":"#o8","uv":[5.0,1.0,6.25,2.25]},"west":{"texture":"#o8","uv":[1.0,1.0,2.25,2.25]},"up":{"texture":"#o8","uv":[1.0,1.0,2.25,2.25]},"down":{"texture":"#o8","uv":[1.0,1.0,2.25,2.25]}},"rotation":{"angle":45.0,"axis":"x","origin":[18.5005,7.44,8.06]}},{"from":[16.8395,7.16662,7.4],"to":[29.6105,7.71338,7.51],"faces":{"north":{"texture":"#o8","uv":[1.0,1.0,2.25,2.25]},"east":{"texture":"#o8","uv":[1.0,1.0,2.25,2.25]},"south":{"texture":"#o8","uv":[5.0,1.0,6.25,2.25]},"west":{"texture":"#o8","uv":[1.0,1.0,2.25,2.25]},"up":{"texture":"#o8","uv":[1.0,1.0,2.25,2.25]},"down":{"texture":"#o8","uv":[1.0,1.0,2.25,2.25]}},"rotation":{"angle":0.0,"axis":"y","origin":[18.5005,7.44,8.06]}},{"from":[16.8395,7.16662,8.61],"to":[29.6105,7.71338,8.72],"faces":{"north":{"texture":"#o8","uv":[5.0,1.0,6.25,2.25]},"east":{"texture":"#o8","uv":[1.0,1.0,2.25,2.25]},"south":{"texture":"#o8","uv":[1.0,1.0,2.25,2.25]},"west":{"texture":"#o8","uv":[1.0,1.0,2.25,2.25]},"up":{"texture":"#o8","uv":[1.0,1.0,2.25,2.25]},"down":{"texture":"#o8","uv":[1.0,1.0,2.25,2.25]}},"rotation":{"angle":45.0,"axis":"x","origin":[18.5005,7.44,8.06]}},{"from":[16.8395,7.16662,8.61],"to":[29.6105,7.71338,8.72],"faces":{"north":{"texture":"#o8","uv":[5.0,1.0,6.25,2.25]},"east":{"texture":"#o8","uv":[1.0,1.0,2.25,2.25]},"south":{"texture":"#o8","uv":[1.0,1.0,2.25,2.25]},"west":{"texture":"#o8","uv":[1.0,1.0,2.25,2.25]},"up":{"texture":"#o8","uv":[1.0,1.0,2.25,2.25]},"down":{"texture":"#o8","uv":[1.0,1.0,2.25,2.25]}},"rotation":{"angle":0.0,"axis":"y","origin":[18.5005,7.44,8.06]}},{"from":[16.8395,6.78,7.78662],"to":[29.6105,6.89,8.33338],"faces":{"north":{"texture":"#o8","uv":[1.0,1.0,2.25,2.25]},"east":{"texture":"#o8","uv":[1.0,1.0,2.25,2.25]},"south":{"texture":"#o8","uv":[1.0,1.0,2.25,2.25]},"west":{"texture":"#o8","uv":[1.0,1.0,2.25,2.25]},"up":{"texture":"#o8","uv":[5.0,1.0,6.25,2.25]},"down":{"texture":"#o8","uv":[1.0,1.0,2.25,2.25]}},"rotation":{"angle":45.0,"axis":"x","origin":[18.5005,7.44,8.06]}},{"from":[16.8395,6.78,7.78662],"to":[29.6105,6.89,8.33338],"faces":{"north":{"texture":"#o8","uv":[1.0,1.0,2.25,2.25]},"east":{"texture":"#o8","uv":[1.0,1.0,2.25,2.25]},"south":{"texture":"#o8","uv":[1.0,1.0,2.25,2.25]},"west":{"texture":"#o8","uv":[1.0,1.0,2.25,2.25]},"up":{"texture":"#o8","uv":[5.0,1.0,6.25,2.25]},"down":{"texture":"#o8","uv":[1.0,1.0,2.25,2.25]}},"rotation":{"angle":0.0,"axis":"y","origin":[18.5005,7.44,8.06]}},{"from":[16.8395,7.99,7.78662],"to":[29.6105,8.1,8.33338],"faces":{"north":{"texture":"#o8","uv":[1.0,1.0,2.25,2.25]},"east":{"texture":"#o8","uv":[1.0,1.0,2.25,2.25]},"south":{"texture":"#o8","uv":[1.0,1.0,2.25,2.25]},"west":{"texture":"#o8","uv":[1.0,1.0,2.25,2.25]},"up":{"texture":"#o8","uv":[1.0,1.0,2.25,2.25]},"down":{"texture":"#o8","uv":[5.0,1.0,6.25,2.25]}},"rotation":{"angle":45.0,"axis":"x","origin":[18.5005,7.44,8.06]}},{"from":[16.8395,7.99,7.78662],"to":[29.6105,8.1,8.33338],"faces":{"north":{"texture":"#o8","uv":[1.0,1.0,2.25,2.25]},"east":{"texture":"#o8","uv":[1.0,1.0,2.25,2.25]},"south":{"texture":"#o8","uv":[1.0,1.0,2.25,2.25]},"west":{"texture":"#o8","uv":[1.0,1.0,2.25,2.25]},"up":{"texture":"#o8","uv":[1.0,1.0,2.25,2.25]},"down":{"texture":"#o8","uv":[5.0,1.0,6.25,2.25]}},"rotation":{"angle":0.0,"axis":"y","origin":[18.5005,7.44,8.06]}},{"from":[-16.0,-16.0,-15.99],"to":[32.0,32.0,-15.99],"faces":{"north":{"texture":"#icon_background","uv":[0.0,0.0,16.0,16.0]}}},{"from":[-16.0,-16.0,-16.0],"to":[32.0,32.0,-16.0],"faces":{"north":{"texture":"#icon","uv":[0.0,0.0,16.0,16.0]}}}],"textures":{"o0":"raincoat:generated/2e","o1":"raincoat:generated/11","o2":"raincoat:generated/b","o3":"skin/player_skin_slim","o4":"raincoat:generated/2f","o5":"skin/player_skin","o6":"raincoat:generated/10","o7":"raincoat:generated/8","o8":"raincoat:generated/a","o9":"raincoat:generated/9","icon_background":"raincoat:generated/0","icon":"raincoat:generated/15"},"gui_light":"front","display":{"thirdperson_lefthand":{"scale":[0.0,0.0,0.0]},"thirdperson_righthand":{"scale":[0.0,0.0,0.0]},"firstperson_lefthand":{"scale":[0.0,0.0,0.0]},"firstperson_righthand":{"rotation":[0.0,90.0,0.0],"translation":[-9.008,12.862,-0.5]},"head":{"rotation":[90.0,0.0,0.0],"translation":[2.75,-41.75,0.0],"scale":[1.5,1.5,1.5]},"gui":{"rotation":[0.0,-180.0,0.0],"scale":[0.33333334,0.33333334,0.33333334]},"ground":{"rotation":[90.0,0.0,0.0],"translation":[4.0,0.0,0.0],"scale":[0.7,0.7,0.7]},"fixed":{"rotation":[0.0,0.0,45.0],"translation":[-0.25,0.5,-0.25],"scale":[0.8,0.8,0.8]}}}