{"parent":"item/generated","textures":{"layer0":"item/white_dye"},"overrides":[{"predicate":{"custom_model_data":1},"model":"generated/1765afd5cbb9121ffe5d2d2a17ba03b4c70817cadc8f05ee08e88720909c4772"},{"predicate":{"custom_model_data":2},"model":"generated/f8fc562e5a17a5879977221981a8b1c3ee6549542e5e06d9091c7a70503033a1"},{"predicate":{"custom_model_data":3},"model":"generated/e5669eced98a26d998a46e4a4187cea468e3aa8c0b70bc13157ad909cc6bf40c"},{"predicate":{"custom_model_data":4},"model":"generated/dda9a6f5513736f769428c27d3cfa2fd8157116612a73abd720aa09f7e11a4b9"},{"predicate":{"custom_model_data":5},"model":"generated/f94b5f48513be7edcda54f3c8ed8e0f0258996e3903e8de0e6761c86dad4a12e"},{"predicate":{"custom_model_data":6},"model":"generated/9094e7912e8e0b24adc6aedd0cc5387841b13221bd04f09aea1d4407063f2400"},{"predicate":{"custom_model_data":7},"model":"generated/8b49da60111868c3dbabf63b5eaa604667ed2d8b35591a77473b9a308a44aa5b"},{"predicate":{"custom_model_data":8},"model":"generated/b991ae834cb5a74ab34582c8f01a5c3ebcfca8beae2b4777fdcf1a7c9c20de9e"},{"predicate":{"custom_model_data":9},"model":"generated/5d8f61cbc41d69e8928a2d97ba342e2d7ec1ebffd6cfc9edceea0451c9258366"},{"predicate":{"custom_model_data":10},"model":"generated/6ee99e03f0aab17b1708ad10c2dbbb848ea26a7036f95b746a76466f3b6bdb7d"},{"predicate":{"custom_model_data":11},"model":"generated/32e39701e96edb089915ddeb01b3300ada595ca97e16d7109218efab025c8164"},{"predicate":{"custom_model_data":12},"model":"generated/7c65d3fe0f762963b91aa8fb0dae07dcc47bb14283791a3d741335e1a33b2c3a"},{"predicate":{"custom_model_data":13},"model":"generated/6d50928a58078efe4ab208c9c0ca808f06913383174320a2a7f2999b6a8f23d2"},{"predicate":{"custom_model_data":14},"model":"generated/40c518fcebc241c471a5408121d56fe16ce192b4e1ab4266b2b16efbf3c7f57c"},{"predicate":{"custom_model_data":15},"model":"generated/5762de82b0c65d7e89372ac044cbfa796c99c5170caffc2581d36449b79c54d3"},{"predicate":{"custom_model_data":16},"model":"generated/f71451d2e355a55e156f58eb51d63be0edd547d847affa3d93b348bf7cb0f5bb"},{"predicate":{"custom_model_data":17},"model":"generated/99565649f1fe6d075c4bd9393acd2f56b3ea217f1632d56deb37bf29a725b439"},{"predicate":{"custom_model_data":18},"model":"generated/a901ced20e02d153a3c92c7318a2d0dfdaad50de07f18ecefc09dd10dfc1ff66"},{"predicate":{"custom_model_data":19},"model":"generated/7e6447b9f70277ee5b3002052eab75012533d34ef838911c30aa11d14cbe9d0e"}]}