{"parent":"item/generated","textures":{"layer0":"item/apple"},"overrides":[{"predicate":{"damage":0.0026041667,"damaged":0.0},"model":"raincoat:generated/1"},{"predicate":{"damage":0.0052083335,"damaged":0.0},"model":"raincoat:generated/2"},{"predicate":{"damage":0.0052083335,"damaged":0.0},"model":"raincoat:generated/2"},{"predicate":{"damage":0.0078125,"damaged":0.0},"model":"raincoat:generated/3"},{"predicate":{"damage":0.0078125,"damaged":0.0},"model":"raincoat:generated/3"},{"predicate":{"damage":0.010416667,"damaged":0.0},"model":"raincoat:generated/4"},{"predicate":{"damage":0.010416667,"damaged":0.0},"model":"raincoat:generated/4"},{"predicate":{"damage":0.010416667,"damaged":0.0},"model":"raincoat:generated/4"},{"predicate":{"damage":0.010416667,"damaged":0.0},"model":"raincoat:generated/4"},{"predicate":{"damage":0.010416667,"damaged":0.0},"model":"raincoat:generated/4"},{"predicate":{"damage":0.010416667,"damaged":0.0},"model":"raincoat:generated/4"},{"predicate":{"damage":0.010416667,"damaged":0.0},"model":"raincoat:generated/4"},{"predicate":{"damage":0.010416667,"damaged":0.0},"model":"raincoat:generated/4"},{"predicate":{"damage":0.010416667,"damaged":0.0},"model":"raincoat:generated/4"},{"predicate":{"damage":0.010416667,"damaged":0.0},"model":"raincoat:generated/4"},{"predicate":{"damage":0.010416667,"damaged":0.0},"model":"raincoat:generated/4"},{"predicate":{"damage":0.010416667,"damaged":0.0},"model":"raincoat:generated/4"},{"predicate":{"damage":0.010416667,"damaged":0.0},"model":"raincoat:generated/4"},{"predicate":{"damage":0.010416667,"damaged":0.0},"model":"raincoat:generated/4"},{"predicate":{"damage":0.010416667,"damaged":0.0},"model":"raincoat:generated/4"},{"predicate":{"damage":0.010416667,"damaged":0.0},"model":"raincoat:generated/4"},{"predicate":{"damage":0.010416667,"damaged":0.0},"model":"raincoat:generated/4"},{"predicate":{"damage":0.010416667,"damaged":0.0},"model":"raincoat:generated/4"},{"predicate":{"damage":0.010416667,"damaged":0.0},"model":"raincoat:generated/4"},{"predicate":{"damage":0.010416667,"damaged":0.0},"model":"raincoat:generated/4"},{"predicate":{"damage":0.010416667,"damaged":0.0},"model":"raincoat:generated/4"},{"predicate":{"damage":0.010416667,"damaged":0.0},"model":"raincoat:generated/4"},{"predicate":{"damage":0.010416667,"damaged":0.0},"model":"raincoat:generated/4"},{"predicate":{"damage":0.010416667,"damaged":0.0},"model":"raincoat:generated/4"},{"predicate":{"damage":0.010416667,"damaged":0.0},"model":"raincoat:generated/4"},{"predicate":{"damage":0.010416667,"damaged":0.0},"model":"raincoat:generated/4"},{"predicate":{"damage":0.010416667,"damaged":0.0},"model":"raincoat:generated/4"},{"predicate":{"damage":0.013020833,"damaged":0.0},"model":"raincoat:generated/5"},{"predicate":{"damage":0.013020833,"damaged":0.0},"model":"raincoat:generated/5"},{"predicate":{"damage":0.015625,"damaged":0.0},"model":"raincoat:generated/6"},{"predicate":{"damage":0.015625,"damaged":0.0},"model":"raincoat:generated/6"},{"predicate":{"damage":0.015625,"damaged":0.0},"model":"raincoat:generated/6"},{"predicate":{"damage":0.015625,"damaged":0.0},"model":"raincoat:generated/6"},{"predicate":{"damage":0.015625,"damaged":0.0},"model":"raincoat:generated/6"},{"predicate":{"damage":0.015625,"damaged":0.0},"model":"raincoat:generated/6"},{"predicate":{"damage":0.015625,"damaged":0.0},"model":"raincoat:generated/6"},{"predicate":{"damage":0.015625,"damaged":0.0},"model":"raincoat:generated/6"},{"predicate":{"damage":0.015625,"damaged":0.0},"model":"raincoat:generated/6"},{"predicate":{"damage":0.015625,"damaged":0.0},"model":"raincoat:generated/6"},{"predicate":{"damage":0.015625,"damaged":0.0},"model":"raincoat:generated/6"},{"predicate":{"damage":0.015625,"damaged":0.0},"model":"raincoat:generated/6"},{"predicate":{"damage":0.015625,"damaged":0.0},"model":"raincoat:generated/6"},{"predicate":{"damage":0.015625,"damaged":0.0},"model":"raincoat:generated/6"},{"predicate":{"damage":0.015625,"damaged":0.0},"model":"raincoat:generated/6"},{"predicate":{"damage":0.015625,"damaged":0.0},"model":"raincoat:generated/6"},{"predicate":{"damage":0.015625,"damaged":0.0},"model":"raincoat:generated/6"},{"predicate":{"damage":0.015625,"damaged":0.0},"model":"raincoat:generated/6"},{"predicate":{"damage":0.015625,"damaged":0.0},"model":"raincoat:generated/6"},{"predicate":{"damage":0.015625,"damaged":0.0},"model":"raincoat:generated/6"},{"predicate":{"damage":0.015625,"damaged":0.0},"model":"raincoat:generated/6"},{"predicate":{"damage":0.015625,"damaged":0.0},"model":"raincoat:generated/6"},{"predicate":{"damage":0.015625,"damaged":0.0},"model":"raincoat:generated/6"},{"predicate":{"damage":0.015625,"damaged":0.0},"model":"raincoat:generated/6"},{"predicate":{"damage":0.015625,"damaged":0.0},"model":"raincoat:generated/6"},{"predicate":{"damage":0.015625,"damaged":0.0},"model":"raincoat:generated/6"},{"predicate":{"damage":0.015625,"damaged":0.0},"model":"raincoat:generated/6"},{"predicate":{"damage":0.018229166,"damaged":0.0},"model":"raincoat:generated/7"},{"predicate":{"damage":0.018229166,"damaged":0.0},"model":"raincoat:generated/7"},{"predicate":{"damage":0.018229166,"damaged":0.0},"model":"raincoat:generated/7"},{"predicate":{"damage":0.018229166,"damaged":0.0},"model":"raincoat:generated/7"},{"predicate":{"damage":0.018229166,"damaged":0.0},"model":"raincoat:generated/7"},{"predicate":{"damage":0.018229166,"damaged":0.0},"model":"raincoat:generated/7"},{"predicate":{"damage":0.018229166,"damaged":0.0},"model":"raincoat:generated/7"},{"predicate":{"damage":0.018229166,"damaged":0.0},"model":"raincoat:generated/7"},{"predicate":{"damage":0.018229166,"damaged":0.0},"model":"raincoat:generated/7"},{"predicate":{"damage":0.018229166,"damaged":0.0},"model":"raincoat:generated/7"},{"predicate":{"damage":0.018229166,"damaged":0.0},"model":"raincoat:generated/7"},{"predicate":{"damage":0.018229166,"damaged":0.0},"model":"raincoat:generated/7"},{"predicate":{"damage":0.018229166,"damaged":0.0},"model":"raincoat:generated/7"},{"predicate":{"damage":0.018229166,"damaged":0.0},"model":"raincoat:generated/7"},{"predicate":{"damage":0.018229166,"damaged":0.0},"model":"raincoat:generated/7"},{"predicate":{"damage":0.018229166,"damaged":0.0},"model":"raincoat:generated/7"},{"predicate":{"damage":0.018229166,"damaged":0.0},"model":"raincoat:generated/7"},{"predicate":{"damage":0.018229166,"damaged":0.0},"model":"raincoat:generated/7"},{"predicate":{"damage":0.018229166,"damaged":0.0},"model":"raincoat:generated/7"},{"predicate":{"damage":0.018229166,"damaged":0.0},"model":"raincoat:generated/7"},{"predicate":{"damage":0.018229166,"damaged":0.0},"model":"raincoat:generated/7"},{"predicate":{"damage":0.018229166,"damaged":0.0},"model":"raincoat:generated/7"},{"predicate":{"damage":0.018229166,"damaged":0.0},"model":"raincoat:generated/7"},{"predicate":{"damage":0.018229166,"damaged":0.0},"model":"raincoat:generated/7"},{"predicate":{"damage":0.018229166,"damaged":0.0},"model":"raincoat:generated/7"},{"predicate":{"damage":0.018229166,"damaged":0.0},"model":"raincoat:generated/7"},{"predicate":{"damage":0.018229166,"damaged":0.0},"model":"raincoat:generated/7"},{"predicate":{"damage":0.020833334,"damaged":0.0},"model":"raincoat:generated/8"},{"predicate":{"damage":0.020833334,"damaged":0.0},"model":"raincoat:generated/8"},{"predicate":{"damage":0.020833334,"damaged":0.0},"model":"raincoat:generated/8"},{"predicate":{"damage":0.020833334,"damaged":0.0},"model":"raincoat:generated/8"},{"predicate":{"damage":0.020833334,"damaged":0.0},"model":"raincoat:generated/8"},{"predicate":{"damage":0.020833334,"damaged":0.0},"model":"raincoat:generated/8"},{"predicate":{"damage":0.020833334,"damaged":0.0},"model":"raincoat:generated/8"},{"predicate":{"damage":0.020833334,"damaged":0.0},"model":"raincoat:generated/8"},{"predicate":{"damage":0.020833334,"damaged":0.0},"model":"raincoat:generated/8"},{"predicate":{"damage":0.020833334,"damaged":0.0},"model":"raincoat:generated/8"},{"predicate":{"damage":0.020833334,"damaged":0.0},"model":"raincoat:generated/8"},{"predicate":{"damage":0.020833334,"damaged":0.0},"model":"raincoat:generated/8"},{"predicate":{"damage":0.020833334,"damaged":0.0},"model":"raincoat:generated/8"},{"predicate":{"damage":0.020833334,"damaged":0.0},"model":"raincoat:generated/8"},{"predicate":{"damage":0.020833334,"damaged":0.0},"model":"raincoat:generated/8"},{"predicate":{"damage":0.020833334,"damaged":0.0},"model":"raincoat:generated/8"},{"predicate":{"damage":0.020833334,"damaged":0.0},"model":"raincoat:generated/8"},{"predicate":{"damage":0.020833334,"damaged":0.0},"model":"raincoat:generated/8"},{"predicate":{"damage":0.020833334,"damaged":0.0},"model":"raincoat:generated/8"},{"predicate":{"damage":0.020833334,"damaged":0.0},"model":"raincoat:generated/8"},{"predicate":{"damage":0.020833334,"damaged":0.0},"model":"raincoat:generated/8"},{"predicate":{"damage":0.020833334,"damaged":0.0},"model":"raincoat:generated/8"},{"predicate":{"damage":0.020833334,"damaged":0.0},"model":"raincoat:generated/8"},{"predicate":{"damage":0.020833334,"damaged":0.0},"model":"raincoat:generated/8"},{"predicate":{"damage":0.020833334,"damaged":0.0},"model":"raincoat:generated/8"},{"predicate":{"damage":0.020833334,"damaged":0.0},"model":"raincoat:generated/8"},{"predicate":{"damage":0.020833334,"damaged":0.0},"model":"raincoat:generated/8"},{"predicate":{"damage":0.020833334,"damaged":0.0},"model":"raincoat:generated/8"},{"predicate":{"damage":0.020833334,"damaged":0.0},"model":"raincoat:generated/8"},{"predicate":{"damage":0.020833334,"damaged":0.0},"model":"raincoat:generated/8"},{"predicate":{"damage":0.0234375,"damaged":0.0},"model":"raincoat:generated/9"},{"predicate":{"damage":0.0234375,"damaged":0.0},"model":"raincoat:generated/9"},{"predicate":{"damage":0.0234375,"damaged":0.0},"model":"raincoat:generated/9"},{"predicate":{"damage":0.0234375,"damaged":0.0},"model":"raincoat:generated/9"},{"predicate":{"damage":0.0234375,"damaged":0.0},"model":"raincoat:generated/9"},{"predicate":{"damage":0.0234375,"damaged":0.0},"model":"raincoat:generated/9"},{"predicate":{"damage":0.0234375,"damaged":0.0},"model":"raincoat:generated/9"},{"predicate":{"damage":0.0234375,"damaged":0.0},"model":"raincoat:generated/9"},{"predicate":{"damage":0.0234375,"damaged":0.0},"model":"raincoat:generated/9"},{"predicate":{"damage":0.0234375,"damaged":0.0},"model":"raincoat:generated/9"},{"predicate":{"damage":0.0234375,"damaged":0.0},"model":"raincoat:generated/9"},{"predicate":{"damage":0.0234375,"damaged":0.0},"model":"raincoat:generated/9"},{"predicate":{"damage":0.0234375,"damaged":0.0},"model":"raincoat:generated/9"},{"predicate":{"damage":0.0234375,"damaged":0.0},"model":"raincoat:generated/9"},{"predicate":{"damage":0.0234375,"damaged":0.0},"model":"raincoat:generated/9"},{"predicate":{"damage":0.0234375,"damaged":0.0},"model":"raincoat:generated/9"},{"predicate":{"damage":0.0234375,"damaged":0.0},"model":"raincoat:generated/9"},{"predicate":{"damage":0.0234375,"damaged":0.0},"model":"raincoat:generated/9"},{"predicate":{"damage":0.0234375,"damaged":0.0},"model":"raincoat:generated/9"},{"predicate":{"damage":0.0234375,"damaged":0.0},"model":"raincoat:generated/9"},{"predicate":{"damage":0.0234375,"damaged":0.0},"model":"raincoat:generated/9"},{"predicate":{"damage":0.0234375,"damaged":0.0},"model":"raincoat:generated/9"},{"predicate":{"damage":0.0234375,"damaged":0.0},"model":"raincoat:generated/9"},{"predicate":{"damage":0.0234375,"damaged":0.0},"model":"raincoat:generated/9"},{"predicate":{"damage":0.0234375,"damaged":0.0},"model":"raincoat:generated/9"},{"predicate":{"damage":0.0234375,"damaged":0.0},"model":"raincoat:generated/9"},{"predicate":{"damage":0.0234375,"damaged":0.0},"model":"raincoat:generated/9"},{"predicate":{"damage":0.0234375,"damaged":0.0},"model":"raincoat:generated/9"},{"predicate":{"damage":0.0234375,"damaged":0.0},"model":"raincoat:generated/9"},{"predicate":{"damage":0.0234375,"damaged":0.0},"model":"raincoat:generated/9"},{"predicate":{"damage":0.026041666,"damaged":0.0},"model":"raincoat:generated/10"},{"predicate":{"damage":0.026041666,"damaged":0.0},"model":"raincoat:generated/10"},{"predicate":{"damage":0.026041666,"damaged":0.0},"model":"raincoat:generated/10"},{"predicate":{"damage":0.026041666,"damaged":0.0},"model":"raincoat:generated/10"},{"predicate":{"damage":0.026041666,"damaged":0.0},"model":"raincoat:generated/10"},{"predicate":{"damage":0.026041666,"damaged":0.0},"model":"raincoat:generated/10"},{"predicate":{"damage":0.026041666,"damaged":0.0},"model":"raincoat:generated/10"},{"predicate":{"damage":0.026041666,"damaged":0.0},"model":"raincoat:generated/10"},{"predicate":{"damage":0.026041666,"damaged":0.0},"model":"raincoat:generated/10"},{"predicate":{"damage":0.026041666,"damaged":0.0},"model":"raincoat:generated/10"},{"predicate":{"damage":0.028645834,"damaged":0.0},"model":"raincoat:generated/11"},{"predicate":{"damage":0.028645834,"damaged":0.0},"model":"raincoat:generated/11"},{"predicate":{"damage":0.03125,"damaged":0.0},"model":"raincoat:generated/12"},{"predicate":{"damage":0.03125,"damaged":0.0},"model":"raincoat:generated/12"},{"predicate":{"damage":0.03125,"damaged":0.0},"model":"raincoat:generated/12"},{"predicate":{"damage":0.03125,"damaged":0.0},"model":"raincoat:generated/12"},{"predicate":{"damage":0.03125,"damaged":0.0},"model":"raincoat:generated/12"},{"predicate":{"damage":0.03125,"damaged":0.0},"model":"raincoat:generated/12"},{"predicate":{"damage":0.03125,"damaged":0.0},"model":"raincoat:generated/12"},{"predicate":{"damage":0.03125,"damaged":0.0},"model":"raincoat:generated/12"},{"predicate":{"damage":0.03125,"damaged":0.0},"model":"raincoat:generated/12"},{"predicate":{"damage":0.03125,"damaged":0.0},"model":"raincoat:generated/12"},{"predicate":{"damage":0.03125,"damaged":0.0},"model":"raincoat:generated/12"},{"predicate":{"damage":0.03125,"damaged":0.0},"model":"raincoat:generated/12"},{"predicate":{"damage":0.03125,"damaged":0.0},"model":"raincoat:generated/12"},{"predicate":{"damage":0.03125,"damaged":0.0},"model":"raincoat:generated/12"},{"predicate":{"damage":0.03125,"damaged":0.0},"model":"raincoat:generated/12"},{"predicate":{"damage":0.03125,"damaged":0.0},"model":"raincoat:generated/12"},{"predicate":{"damage":0.03125,"damaged":0.0},"model":"raincoat:generated/12"},{"predicate":{"damage":0.03125,"damaged":0.0},"model":"raincoat:generated/12"},{"predicate":{"damage":0.033854168,"damaged":0.0},"model":"raincoat:generated/13"},{"predicate":{"damage":0.033854168,"damaged":0.0},"model":"raincoat:generated/13"},{"predicate":{"damage":0.033854168,"damaged":0.0},"model":"raincoat:generated/13"},{"predicate":{"damage":0.033854168,"damaged":0.0},"model":"raincoat:generated/13"},{"predicate":{"damage":0.033854168,"damaged":0.0},"model":"raincoat:generated/13"},{"predicate":{"damage":0.033854168,"damaged":0.0},"model":"raincoat:generated/13"},{"predicate":{"damage":0.033854168,"damaged":0.0},"model":"raincoat:generated/13"},{"predicate":{"damage":0.033854168,"damaged":0.0},"model":"raincoat:generated/13"},{"predicate":{"damage":0.033854168,"damaged":0.0},"model":"raincoat:generated/13"},{"predicate":{"damage":0.036458332,"damaged":0.0},"model":"raincoat:generated/14"},{"predicate":{"damage":0.036458332,"damaged":0.0},"model":"raincoat:generated/14"},{"predicate":{"damage":0.036458332,"damaged":0.0},"model":"raincoat:generated/14"},{"predicate":{"damage":0.036458332,"damaged":0.0},"model":"raincoat:generated/14"},{"predicate":{"damage":0.036458332,"damaged":0.0},"model":"raincoat:generated/14"},{"predicate":{"damage":0.036458332,"damaged":0.0},"model":"raincoat:generated/14"},{"predicate":{"damage":0.036458332,"damaged":0.0},"model":"raincoat:generated/14"},{"predicate":{"damage":0.036458332,"damaged":0.0},"model":"raincoat:generated/14"},{"predicate":{"damage":0.036458332,"damaged":0.0},"model":"raincoat:generated/14"},{"predicate":{"damage":0.036458332,"damaged":0.0},"model":"raincoat:generated/14"},{"predicate":{"damage":0.036458332,"damaged":0.0},"model":"raincoat:generated/14"},{"predicate":{"damage":0.036458332,"damaged":0.0},"model":"raincoat:generated/14"},{"predicate":{"damage":0.036458332,"damaged":0.0},"model":"raincoat:generated/14"},{"predicate":{"damage":0.036458332,"damaged":0.0},"model":"raincoat:generated/14"},{"predicate":{"damage":0.036458332,"damaged":0.0},"model":"raincoat:generated/14"},{"predicate":{"damage":0.036458332,"damaged":0.0},"model":"raincoat:generated/14"},{"predicate":{"damage":0.036458332,"damaged":0.0},"model":"raincoat:generated/14"},{"predicate":{"damage":0.036458332,"damaged":0.0},"model":"raincoat:generated/14"},{"predicate":{"damage":0.0390625,"damaged":0.0},"model":"raincoat:generated/15"},{"predicate":{"damage":0.0390625,"damaged":0.0},"model":"raincoat:generated/15"},{"predicate":{"damage":0.0390625,"damaged":0.0},"model":"raincoat:generated/15"},{"predicate":{"damage":0.0390625,"damaged":0.0},"model":"raincoat:generated/15"},{"predicate":{"damage":0.0390625,"damaged":0.0},"model":"raincoat:generated/15"},{"predicate":{"damage":0.0390625,"damaged":0.0},"model":"raincoat:generated/15"},{"predicate":{"damage":0.0390625,"damaged":0.0},"model":"raincoat:generated/15"},{"predicate":{"damage":0.0390625,"damaged":0.0},"model":"raincoat:generated/15"},{"predicate":{"damage":0.0390625,"damaged":0.0},"model":"raincoat:generated/15"},{"predicate":{"damage":0.0390625,"damaged":0.0},"model":"raincoat:generated/15"},{"predicate":{"damage":0.0390625,"damaged":0.0},"model":"raincoat:generated/15"},{"predicate":{"damage":0.0390625,"damaged":0.0},"model":"raincoat:generated/15"},{"predicate":{"damage":0.0390625,"damaged":0.0},"model":"raincoat:generated/15"},{"predicate":{"damage":0.0390625,"damaged":0.0},"model":"raincoat:generated/15"},{"predicate":{"damage":0.0390625,"damaged":0.0},"model":"raincoat:generated/15"},{"predicate":{"damage":0.0390625,"damaged":0.0},"model":"raincoat:generated/15"},{"predicate":{"damage":0.0390625,"damaged":0.0},"model":"raincoat:generated/15"},{"predicate":{"damage":0.0390625,"damaged":0.0},"model":"raincoat:generated/15"},{"predicate":{"damage":0.0390625,"damaged":0.0},"model":"raincoat:generated/15"},{"predicate":{"damage":0.0390625,"damaged":0.0},"model":"raincoat:generated/15"},{"predicate":{"damage":0.0390625,"damaged":0.0},"model":"raincoat:generated/15"},{"predicate":{"damage":0.0390625,"damaged":0.0},"model":"raincoat:generated/15"},{"predicate":{"damage":0.0390625,"damaged":0.0},"model":"raincoat:generated/15"},{"predicate":{"damage":0.0390625,"damaged":0.0},"model":"raincoat:generated/15"},{"predicate":{"damage":0.0390625,"damaged":0.0},"model":"raincoat:generated/15"},{"predicate":{"damage":0.0390625,"damaged":0.0},"model":"raincoat:generated/15"},{"predicate":{"damage":0.0390625,"damaged":0.0},"model":"raincoat:generated/15"},{"predicate":{"damage":0.0390625,"damaged":0.0},"model":"raincoat:generated/15"},{"predicate":{"damage":0.0390625,"damaged":0.0},"model":"raincoat:generated/15"},{"predicate":{"damage":0.0390625,"damaged":0.0},"model":"raincoat:generated/15"},{"predicate":{"damage":0.041666668,"damaged":0.0},"model":"raincoat:generated/16"},{"predicate":{"damage":0.041666668,"damaged":0.0},"model":"raincoat:generated/16"},{"predicate":{"damage":0.041666668,"damaged":0.0},"model":"raincoat:generated/16"},{"predicate":{"damage":0.041666668,"damaged":0.0},"model":"raincoat:generated/16"},{"predicate":{"damage":0.041666668,"damaged":0.0},"model":"raincoat:generated/16"},{"predicate":{"damage":0.041666668,"damaged":0.0},"model":"raincoat:generated/16"},{"predicate":{"damage":0.041666668,"damaged":0.0},"model":"raincoat:generated/16"},{"predicate":{"damage":0.041666668,"damaged":0.0},"model":"raincoat:generated/16"},{"predicate":{"damage":0.041666668,"damaged":0.0},"model":"raincoat:generated/16"},{"predicate":{"damage":0.041666668,"damaged":0.0},"model":"raincoat:generated/16"},{"predicate":{"damage":0.041666668,"damaged":0.0},"model":"raincoat:generated/16"},{"predicate":{"damage":0.041666668,"damaged":0.0},"model":"raincoat:generated/16"},{"predicate":{"damage":0.041666668,"damaged":0.0},"model":"raincoat:generated/16"},{"predicate":{"damage":0.041666668,"damaged":0.0},"model":"raincoat:generated/16"},{"predicate":{"damage":0.041666668,"damaged":0.0},"model":"raincoat:generated/16"},{"predicate":{"damage":0.041666668,"damaged":0.0},"model":"raincoat:generated/16"},{"predicate":{"damage":0.041666668,"damaged":0.0},"model":"raincoat:generated/16"},{"predicate":{"damage":0.041666668,"damaged":0.0},"model":"raincoat:generated/16"},{"predicate":{"damage":0.041666668,"damaged":0.0},"model":"raincoat:generated/16"},{"predicate":{"damage":0.041666668,"damaged":0.0},"model":"raincoat:generated/16"},{"predicate":{"damage":0.041666668,"damaged":0.0},"model":"raincoat:generated/16"},{"predicate":{"damage":0.041666668,"damaged":0.0},"model":"raincoat:generated/16"},{"predicate":{"damage":0.041666668,"damaged":0.0},"model":"raincoat:generated/16"},{"predicate":{"damage":0.041666668,"damaged":0.0},"model":"raincoat:generated/16"},{"predicate":{"damage":0.041666668,"damaged":0.0},"model":"raincoat:generated/16"},{"predicate":{"damage":0.041666668,"damaged":0.0},"model":"raincoat:generated/16"},{"predicate":{"damage":0.041666668,"damaged":0.0},"model":"raincoat:generated/16"},{"predicate":{"damage":0.041666668,"damaged":0.0},"model":"raincoat:generated/16"},{"predicate":{"damage":0.041666668,"damaged":0.0},"model":"raincoat:generated/16"},{"predicate":{"damage":0.041666668,"damaged":0.0},"model":"raincoat:generated/16"},{"predicate":{"damage":0.044270832,"damaged":0.0},"model":"raincoat:generated/17"},{"predicate":{"damage":0.044270832,"damaged":0.0},"model":"raincoat:generated/17"},{"predicate":{"damage":0.044270832,"damaged":0.0},"model":"raincoat:generated/17"},{"predicate":{"damage":0.044270832,"damaged":0.0},"model":"raincoat:generated/17"},{"predicate":{"damage":0.044270832,"damaged":0.0},"model":"raincoat:generated/17"},{"predicate":{"damage":0.044270832,"damaged":0.0},"model":"raincoat:generated/17"},{"predicate":{"damage":0.044270832,"damaged":0.0},"model":"raincoat:generated/17"},{"predicate":{"damage":0.044270832,"damaged":0.0},"model":"raincoat:generated/17"},{"predicate":{"damage":0.044270832,"damaged":0.0},"model":"raincoat:generated/17"},{"predicate":{"damage":0.044270832,"damaged":0.0},"model":"raincoat:generated/17"},{"predicate":{"damage":0.046875,"damaged":0.0},"model":"raincoat:generated/18"},{"predicate":{"damage":0.046875,"damaged":0.0},"model":"raincoat:generated/18"},{"predicate":{"damage":0.046875,"damaged":0.0},"model":"raincoat:generated/18"},{"predicate":{"damage":0.046875,"damaged":0.0},"model":"raincoat:generated/18"},{"predicate":{"damage":0.046875,"damaged":0.0},"model":"raincoat:generated/18"},{"predicate":{"damage":0.046875,"damaged":0.0},"model":"raincoat:generated/18"},{"predicate":{"damage":0.046875,"damaged":0.0},"model":"raincoat:generated/18"},{"predicate":{"damage":0.046875,"damaged":0.0},"model":"raincoat:generated/18"},{"predicate":{"damage":0.046875,"damaged":0.0},"model":"raincoat:generated/18"},{"predicate":{"damage":0.046875,"damaged":0.0},"model":"raincoat:generated/18"},{"predicate":{"damage":0.046875,"damaged":0.0},"model":"raincoat:generated/18"},{"predicate":{"damage":0.046875,"damaged":0.0},"model":"raincoat:generated/18"},{"predicate":{"damage":0.046875,"damaged":0.0},"model":"raincoat:generated/18"},{"predicate":{"damage":0.046875,"damaged":0.0},"model":"raincoat:generated/18"},{"predicate":{"damage":0.046875,"damaged":0.0},"model":"raincoat:generated/18"},{"predicate":{"damage":0.046875,"damaged":0.0},"model":"raincoat:generated/18"},{"predicate":{"damage":0.046875,"damaged":0.0},"model":"raincoat:generated/18"},{"predicate":{"damage":0.046875,"damaged":0.0},"model":"raincoat:generated/18"},{"predicate":{"damage":0.046875,"damaged":0.0},"model":"raincoat:generated/18"},{"predicate":{"damage":0.046875,"damaged":0.0},"model":"raincoat:generated/18"},{"predicate":{"damage":0.046875,"damaged":0.0},"model":"raincoat:generated/18"},{"predicate":{"damage":0.046875,"damaged":0.0},"model":"raincoat:generated/18"},{"predicate":{"damage":0.046875,"damaged":0.0},"model":"raincoat:generated/18"},{"predicate":{"damage":0.046875,"damaged":0.0},"model":"raincoat:generated/18"},{"predicate":{"damage":0.046875,"damaged":0.0},"model":"raincoat:generated/18"},{"predicate":{"damage":0.046875,"damaged":0.0},"model":"raincoat:generated/18"},{"predicate":{"damage":0.046875,"damaged":0.0},"model":"raincoat:generated/18"},{"predicate":{"damage":0.046875,"damaged":0.0},"model":"raincoat:generated/18"},{"predicate":{"damage":0.046875,"damaged":0.0},"model":"raincoat:generated/18"},{"predicate":{"damage":0.046875,"damaged":0.0},"model":"raincoat:generated/18"},{"predicate":{"damage":0.049479168,"damaged":0.0},"model":"raincoat:generated/19"},{"predicate":{"damage":0.049479168,"damaged":0.0},"model":"raincoat:generated/19"},{"predicate":{"damage":0.049479168,"damaged":0.0},"model":"raincoat:generated/19"},{"predicate":{"damage":0.049479168,"damaged":0.0},"model":"raincoat:generated/19"},{"predicate":{"damage":0.049479168,"damaged":0.0},"model":"raincoat:generated/19"},{"predicate":{"damage":0.049479168,"damaged":0.0},"model":"raincoat:generated/19"},{"predicate":{"damage":0.049479168,"damaged":0.0},"model":"raincoat:generated/19"},{"predicate":{"damage":0.049479168,"damaged":0.0},"model":"raincoat:generated/19"},{"predicate":{"damage":0.049479168,"damaged":0.0},"model":"raincoat:generated/19"},{"predicate":{"damage":0.049479168,"damaged":0.0},"model":"raincoat:generated/19"},{"predicate":{"damage":0.052083332,"damaged":0.0},"model":"raincoat:generated/20"},{"predicate":{"damage":0.052083332,"damaged":0.0},"model":"raincoat:generated/20"},{"predicate":{"damage":0.052083332,"damaged":0.0},"model":"raincoat:generated/20"},{"predicate":{"damage":0.052083332,"damaged":0.0},"model":"raincoat:generated/20"},{"predicate":{"damage":0.052083332,"damaged":0.0},"model":"raincoat:generated/20"},{"predicate":{"damage":0.052083332,"damaged":0.0},"model":"raincoat:generated/20"},{"predicate":{"damage":0.052083332,"damaged":0.0},"model":"raincoat:generated/20"},{"predicate":{"damage":0.052083332,"damaged":0.0},"model":"raincoat:generated/20"},{"predicate":{"damage":0.052083332,"damaged":0.0},"model":"raincoat:generated/20"},{"predicate":{"damage":0.052083332,"damaged":0.0},"model":"raincoat:generated/20"},{"predicate":{"damage":0.052083332,"damaged":0.0},"model":"raincoat:generated/20"},{"predicate":{"damage":0.052083332,"damaged":0.0},"model":"raincoat:generated/20"},{"predicate":{"damage":0.052083332,"damaged":0.0},"model":"raincoat:generated/20"},{"predicate":{"damage":0.052083332,"damaged":0.0},"model":"raincoat:generated/20"},{"predicate":{"damage":0.052083332,"damaged":0.0},"model":"raincoat:generated/20"},{"predicate":{"damage":0.052083332,"damaged":0.0},"model":"raincoat:generated/20"},{"predicate":{"damage":0.052083332,"damaged":0.0},"model":"raincoat:generated/20"},{"predicate":{"damage":0.052083332,"damaged":0.0},"model":"raincoat:generated/20"},{"predicate":{"damage":0.052083332,"damaged":0.0},"model":"raincoat:generated/20"},{"predicate":{"damage":0.052083332,"damaged":0.0},"model":"raincoat:generated/20"},{"predicate":{"damage":0.052083332,"damaged":0.0},"model":"raincoat:generated/20"},{"predicate":{"damage":0.052083332,"damaged":0.0},"model":"raincoat:generated/20"},{"predicate":{"damage":0.052083332,"damaged":0.0},"model":"raincoat:generated/20"},{"predicate":{"damage":0.052083332,"damaged":0.0},"model":"raincoat:generated/20"},{"predicate":{"damage":0.052083332,"damaged":0.0},"model":"raincoat:generated/20"},{"predicate":{"damage":0.052083332,"damaged":0.0},"model":"raincoat:generated/20"},{"predicate":{"damage":0.052083332,"damaged":0.0},"model":"raincoat:generated/20"},{"predicate":{"damage":0.052083332,"damaged":0.0},"model":"raincoat:generated/20"},{"predicate":{"damage":0.052083332,"damaged":0.0},"model":"raincoat:generated/20"},{"predicate":{"damage":0.052083332,"damaged":0.0},"model":"raincoat:generated/20"},{"predicate":{"damage":0.0546875,"damaged":0.0},"model":"raincoat:generated/21"},{"predicate":{"damage":0.0546875,"damaged":0.0},"model":"raincoat:generated/21"},{"predicate":{"damage":0.0546875,"damaged":0.0},"model":"raincoat:generated/21"},{"predicate":{"damage":0.0546875,"damaged":0.0},"model":"raincoat:generated/21"},{"predicate":{"damage":0.0546875,"damaged":0.0},"model":"raincoat:generated/21"},{"predicate":{"damage":0.0546875,"damaged":0.0},"model":"raincoat:generated/21"},{"predicate":{"damage":0.0546875,"damaged":0.0},"model":"raincoat:generated/21"},{"predicate":{"damage":0.0546875,"damaged":0.0},"model":"raincoat:generated/21"},{"predicate":{"damage":0.0546875,"damaged":0.0},"model":"raincoat:generated/21"},{"predicate":{"damage":0.0546875,"damaged":0.0},"model":"raincoat:generated/21"},{"predicate":{"damage":0.0546875,"damaged":0.0},"model":"raincoat:generated/21"},{"predicate":{"damage":0.0546875,"damaged":0.0},"model":"raincoat:generated/21"},{"predicate":{"damage":0.0546875,"damaged":0.0},"model":"raincoat:generated/21"},{"predicate":{"damage":0.0546875,"damaged":0.0},"model":"raincoat:generated/21"},{"predicate":{"damage":0.0546875,"damaged":0.0},"model":"raincoat:generated/21"},{"predicate":{"damage":0.0546875,"damaged":0.0},"model":"raincoat:generated/21"},{"predicate":{"damage":0.0546875,"damaged":0.0},"model":"raincoat:generated/21"},{"predicate":{"damage":0.0546875,"damaged":0.0},"model":"raincoat:generated/21"},{"predicate":{"damage":0.0546875,"damaged":0.0},"model":"raincoat:generated/21"},{"predicate":{"damage":0.0546875,"damaged":0.0},"model":"raincoat:generated/21"},{"predicate":{"damage":0.0546875,"damaged":0.0},"model":"raincoat:generated/21"},{"predicate":{"damage":0.0546875,"damaged":0.0},"model":"raincoat:generated/21"},{"predicate":{"damage":0.0546875,"damaged":0.0},"model":"raincoat:generated/21"},{"predicate":{"damage":0.0546875,"damaged":0.0},"model":"raincoat:generated/21"},{"predicate":{"damage":0.0546875,"damaged":0.0},"model":"raincoat:generated/21"},{"predicate":{"damage":0.0546875,"damaged":0.0},"model":"raincoat:generated/21"},{"predicate":{"damage":0.0546875,"damaged":0.0},"model":"raincoat:generated/21"},{"predicate":{"damage":0.0546875,"damaged":0.0},"model":"raincoat:generated/21"},{"predicate":{"damage":0.0546875,"damaged":0.0},"model":"raincoat:generated/21"},{"predicate":{"damage":0.0546875,"damaged":0.0},"model":"raincoat:generated/21"},{"predicate":{"damage":0.0546875,"damaged":0.0},"model":"raincoat:generated/21"},{"predicate":{"damage":0.0546875,"damaged":0.0},"model":"raincoat:generated/21"},{"predicate":{"damage":0.0546875,"damaged":0.0},"model":"raincoat:generated/21"},{"predicate":{"damage":0.0546875,"damaged":0.0},"model":"raincoat:generated/21"},{"predicate":{"damage":0.0546875,"damaged":0.0},"model":"raincoat:generated/21"},{"predicate":{"damage":0.0546875,"damaged":0.0},"model":"raincoat:generated/21"},{"predicate":{"damage":0.0546875,"damaged":0.0},"model":"raincoat:generated/21"},{"predicate":{"damage":0.0546875,"damaged":0.0},"model":"raincoat:generated/21"},{"predicate":{"damage":0.0546875,"damaged":0.0},"model":"raincoat:generated/21"},{"predicate":{"damage":0.0546875,"damaged":0.0},"model":"raincoat:generated/21"},{"predicate":{"damage":0.0546875,"damaged":0.0},"model":"raincoat:generated/21"},{"predicate":{"damage":0.0546875,"damaged":0.0},"model":"raincoat:generated/21"},{"predicate":{"damage":0.0546875,"damaged":0.0},"model":"raincoat:generated/21"},{"predicate":{"damage":0.0546875,"damaged":0.0},"model":"raincoat:generated/21"},{"predicate":{"damage":0.0546875,"damaged":0.0},"model":"raincoat:generated/21"},{"predicate":{"damage":0.057291668,"damaged":0.0},"model":"raincoat:generated/22"},{"predicate":{"damage":0.057291668,"damaged":0.0},"model":"raincoat:generated/22"},{"predicate":{"damage":0.057291668,"damaged":0.0},"model":"raincoat:generated/22"},{"predicate":{"damage":0.057291668,"damaged":0.0},"model":"raincoat:generated/22"},{"predicate":{"damage":0.057291668,"damaged":0.0},"model":"raincoat:generated/22"},{"predicate":{"damage":0.057291668,"damaged":0.0},"model":"raincoat:generated/22"},{"predicate":{"damage":0.057291668,"damaged":0.0},"model":"raincoat:generated/22"},{"predicate":{"damage":0.057291668,"damaged":0.0},"model":"raincoat:generated/22"},{"predicate":{"damage":0.057291668,"damaged":0.0},"model":"raincoat:generated/22"}]}