{"parent":"item/generated","textures":{"layer0":"item/music_disc_13"},"overrides":[{"predicate":{"custom_model_data":1.0},"model":"raincoat:generated/dd4e4d446958fca2c5fa0b7699525d56d8b2759cb1fd652c6b5d0b6249a3dd68"},{"predicate":{"custom_model_data":2.0},"model":"raincoat:generated/f58af9bd700773af6c9f4e8f963cb150656047de5797a4b5fbe2197ead9e3239"},{"predicate":{"custom_model_data":3.0},"model":"raincoat:generated/c815bac7803d50a928a5cfb1e1d524ce42361c430a0c8479dcc5013396508e77"},{"predicate":{"custom_model_data":4.0},"model":"raincoat:generated/a5a29d5dfe1ba1cb78e7400486029e18e092836a93d173aad88b1f6d37650517"},{"predicate":{"custom_model_data":5.0},"model":"raincoat:generated/ee30b19fcbd60e0118261a61614062b3d17022aef4c55d32e14d68e4dbc4983f"},{"predicate":{"custom_model_data":6.0},"model":"raincoat:generated/01116457327403c4cfc177a6bcf14d20c6873373a4ff315ba5e21b57458b990d"},{"predicate":{"custom_model_data":7.0},"model":"raincoat:generated/0b83f8e7dc371b7f82d9dbc11ec6d9442899729beb50e0da5760a9d4fb6bb923"},{"predicate":{"custom_model_data":8.0},"model":"raincoat:generated/48a4ed3355d5061f7f35c00026ee3269e9f07e2c7013f174744a53eadf0de4ea"}]}