{"elements":[{"from":[7.92044,7.3,9.02308],"to":[8.07956,7.6,9.82308],"faces":{"north":{"texture":"#o0","uv":[1.0,1.0,2.0,2.0]},"south":{"texture":"#o0","uv":[1.0,1.0,2.0,2.0]},"down":{"texture":"#o0","uv":[1.0,1.0,2.0,2.0]}},"rotation":{"angle":-45.0,"axis":"y","origin":[8.0,7.1,9.42308]},"name":"hexadecagon"},{"from":[7.92044,7.3,9.02308],"to":[8.07956,7.6,9.82308],"faces":{"north":{"texture":"#o0","uv":[1.0,1.0,2.0,2.0]},"south":{"texture":"#o0","uv":[1.0,1.0,2.0,2.0]},"down":{"texture":"#o0","uv":[1.0,1.0,2.0,2.0]}},"rotation":{"angle":-22.5,"axis":"y","origin":[8.0,7.1,9.42308]},"name":"hexadecagon"},{"from":[7.92044,7.3,9.02308],"to":[8.07956,7.6,9.82308],"faces":{"north":{"texture":"#o0","uv":[1.0,1.0,2.0,2.0]},"south":{"texture":"#o0","uv":[1.0,1.0,2.0,2.0]},"down":{"texture":"#o0","uv":[1.0,1.0,2.0,2.0]}},"rotation":{"angle":0.0,"axis":"y","origin":[8.0,7.1,9.42308]},"name":"hexadecagon"},{"from":[7.92044,7.3,9.02308],"to":[8.07956,7.6,9.82308],"faces":{"north":{"texture":"#o0","uv":[1.0,1.0,2.0,2.0]},"south":{"texture":"#o0","uv":[1.0,1.0,2.0,2.0]},"down":{"texture":"#o0","uv":[1.0,1.0,2.0,2.0]}},"rotation":{"angle":22.5,"axis":"y","origin":[8.0,7.1,9.42308]},"name":"hexadecagon"},{"from":[7.92044,7.3,9.02308],"to":[8.07956,7.6,9.82308],"faces":{"north":{"texture":"#o0","uv":[1.0,1.0,2.0,2.0]},"south":{"texture":"#o0","uv":[1.0,1.0,2.0,2.0]},"down":{"texture":"#o0","uv":[1.0,1.0,2.0,2.0]}},"rotation":{"angle":45.0,"axis":"y","origin":[8.0,7.1,9.42308]},"name":"hexadecagon"},{"from":[7.6,7.3,9.34352],"to":[8.4,7.6,9.50265],"faces":{"east":{"texture":"#o0","uv":[1.0,1.0,2.0,2.0]},"west":{"texture":"#o0","uv":[1.0,1.0,2.0,2.0]},"down":{"texture":"#o0","uv":[1.0,1.0,2.0,2.0]}},"rotation":{"angle":-22.5,"axis":"y","origin":[8.0,7.1,9.42308]},"name":"hexadecagon"},{"from":[7.6,7.3,9.34352],"to":[8.4,7.6,9.50265],"faces":{"east":{"texture":"#o0","uv":[1.0,1.0,2.0,2.0]},"west":{"texture":"#o0","uv":[1.0,1.0,2.0,2.0]},"down":{"texture":"#o0","uv":[1.0,1.0,2.0,2.0]}},"rotation":{"angle":0.0,"axis":"y","origin":[8.0,7.1,9.42308]},"name":"hexadecagon"},{"from":[7.6,7.3,9.34352],"to":[8.4,7.6,9.50265],"faces":{"east":{"texture":"#o0","uv":[1.0,1.0,2.0,2.0]},"west":{"texture":"#o0","uv":[1.0,1.0,2.0,2.0]},"down":{"texture":"#o0","uv":[1.0,1.0,2.0,2.0]}},"rotation":{"angle":22.5,"axis":"y","origin":[8.0,7.1,9.42308]},"name":"hexadecagon"},{"from":[8.01297,8.71125,6.51341],"to":[8.04172,8.7392,6.51341],"faces":{"south":{"texture":"#o0","uv":[5.0,1.0,6.0,2.0]}},"rotation":{"angle":0.0,"axis":"z","origin":[7.97734,8.5981,7.00341]},"name":"show_ads"},{"from":[8.02735,8.72523,6.50341],"to":[8.02735,8.72523,6.50341],"faces":{"north":{"texture":"#o0","uv":[1.0,1.0,2.0,2.0]}},"rotation":{"angle":0.0,"axis":"z","origin":[7.97734,8.5981,7.00341]},"name":"pos"},{"from":[7.71815,7.89022,6.40341],"to":[8.05033,7.99022,6.80341],"faces":{"north":{"texture":"#o0","uv":[1.0,1.0,2.0,2.0]},"south":{"texture":"#o0","uv":[1.0,1.0,2.0,2.0]},"up":{"texture":"#o0","uv":[1.0,1.0,2.0,2.0]},"down":{"texture":"#o0","uv":[1.0,1.0,2.0,2.0]}},"rotation":{"angle":-45.0,"axis":"z","origin":[7.88424,8.72522,6.90341]},"name":"hexadecagon"},{"from":[7.41125,8.01734,6.40341],"to":[8.64344,8.11734,6.80341],"faces":{"north":{"texture":"#o0","uv":[1.0,1.0,2.0,2.0]},"south":{"texture":"#o0","uv":[1.0,1.0,2.0,2.0]},"up":{"texture":"#o0","uv":[1.0,1.0,2.0,2.0]},"down":{"texture":"#o0","uv":[1.0,1.0,2.0,2.0]}},"rotation":{"angle":0.0,"axis":"z","origin":[7.97734,8.85234,6.90341]},"name":"hexadecagon"},{"from":[8.00435,7.89022,6.40341],"to":[8.33654,7.99022,6.80341],"faces":{"north":{"texture":"#o0","uv":[1.0,1.0,2.0,2.0]},"south":{"texture":"#o0","uv":[1.0,1.0,2.0,2.0]},"up":{"texture":"#o0","uv":[1.0,1.0,2.0,2.0]},"down":{"texture":"#o0","uv":[1.0,1.0,2.0,2.0]}},"rotation":{"angle":45.0,"axis":"z","origin":[8.17045,8.72522,6.90341]},"name":"hexadecagon"},{"from":[8.00435,9.46022,6.40341],"to":[8.33654,9.56022,6.80341],"faces":{"north":{"texture":"#o0","uv":[1.0,1.0,2.0,2.0]},"south":{"texture":"#o0","uv":[1.0,1.0,2.0,2.0]},"up":{"texture":"#o0","uv":[1.0,1.0,2.0,2.0]},"down":{"texture":"#o0","uv":[1.0,1.0,2.0,2.0]}},"rotation":{"angle":-45.0,"axis":"z","origin":[8.17045,8.72522,6.90341]},"name":"hexadecagon"},{"from":[7.41125,9.3331,6.40341],"to":[8.64344,9.4331,6.80341],"faces":{"north":{"texture":"#o0","uv":[1.0,1.0,2.0,2.0]},"south":{"texture":"#o0","uv":[1.0,1.0,2.0,2.0]},"up":{"texture":"#o0","uv":[1.0,1.0,2.0,2.0]},"down":{"texture":"#o0","uv":[1.0,1.0,2.0,2.0]}},"rotation":{"angle":0.0,"axis":"z","origin":[7.97734,8.5981,6.90341]},"name":"hexadecagon"},{"from":[7.71815,9.46022,6.40341],"to":[8.05033,9.56022,6.80341],"faces":{"north":{"texture":"#o0","uv":[1.0,1.0,2.0,2.0]},"south":{"texture":"#o0","uv":[1.0,1.0,2.0,2.0]},"up":{"texture":"#o0","uv":[1.0,1.0,2.0,2.0]},"down":{"texture":"#o0","uv":[1.0,1.0,2.0,2.0]}},"rotation":{"angle":45.0,"axis":"z","origin":[7.88424,8.72522,6.90341]},"name":"hexadecagon"},{"from":[7.04924,8.55913,6.40341],"to":[7.14924,8.89131,6.80341],"faces":{"north":{"texture":"#o0","uv":[1.0,1.0,2.0,2.0]},"east":{"texture":"#o0","uv":[1.0,1.0,2.0,2.0]},"south":{"texture":"#o0","uv":[1.0,1.0,2.0,2.0]},"west":{"texture":"#o0","uv":[1.0,1.0,2.0,2.0]}},"rotation":{"angle":-22.5,"axis":"z","origin":[7.88424,8.72522,6.90341]},"name":"hexadecagon"},{"from":[7.31234,7.4439,6.40341],"to":[7.41304,7.56512,6.80341],"faces":{"north":{"texture":"#o0","uv":[1.0,1.0,2.0,2.0]},"south":{"texture":"#o0","uv":[1.0,1.0,2.0,2.0]},"west":{"texture":"#o0","uv":[1.0,1.0,2.0,2.0]}},"rotation":{"angle":-22.5,"axis":"z","origin":[8.14804,7.39903,6.90512]},"name":"hexadecagon"},{"from":[7.04924,8.55913,6.40341],"to":[7.14924,8.89131,6.80341],"faces":{"north":{"texture":"#o0","uv":[1.0,1.0,2.0,2.0]},"east":{"texture":"#o0","uv":[1.0,1.0,2.0,2.0]},"south":{"texture":"#o0","uv":[1.0,1.0,2.0,2.0]},"west":{"texture":"#o0","uv":[1.0,1.0,2.0,2.0]}},"rotation":{"angle":0.0,"axis":"z","origin":[7.88424,8.72522,6.90341]},"name":"hexadecagon"},{"from":[7.04924,8.55913,6.40341],"to":[7.14924,8.89131,6.80341],"faces":{"north":{"texture":"#o0","uv":[1.0,1.0,2.0,2.0]},"east":{"texture":"#o0","uv":[1.0,1.0,2.0,2.0]},"south":{"texture":"#o0","uv":[1.0,1.0,2.0,2.0]},"west":{"texture":"#o0","uv":[1.0,1.0,2.0,2.0]}},"rotation":{"angle":22.5,"axis":"z","origin":[7.88424,8.72522,6.90341]},"name":"hexadecagon"},{"from":[7.15996,8.20411,6.40341],"to":[7.25996,8.3363,6.80341],"faces":{"north":{"texture":"#o0","uv":[1.0,1.0,2.0,2.0]},"south":{"texture":"#o0","uv":[1.0,1.0,2.0,2.0]},"west":{"texture":"#o0","uv":[1.0,1.0,2.0,2.0]}},"rotation":{"angle":22.5,"axis":"z","origin":[7.99496,8.77021,6.90341]},"name":"hexadecagon"},{"from":[7.43255,7.75562,6.40341],"to":[8.62214,8.01671,6.80341],"faces":{"north":{"texture":"#o0","uv":[1.0,1.0,2.0,2.0]},"east":{"texture":"#o0","uv":[1.0,1.0,2.0,2.0]},"south":{"texture":"#o0","uv":[1.0,1.0,2.0,2.0]},"west":{"texture":"#o0","uv":[1.0,1.0,2.0,2.0]}},"rotation":{"angle":0.0,"axis":"z","origin":[8.26755,8.39984,6.90341]},"name":"hexadecagon"},{"from":[8.79472,8.20411,6.40341],"to":[8.89472,8.3363,6.80341],"faces":{"north":{"texture":"#o0","uv":[1.0,1.0,2.0,2.0]},"east":{"texture":"#o0","uv":[1.0,1.0,2.0,2.0]},"south":{"texture":"#o0","uv":[1.0,1.0,2.0,2.0]}},"rotation":{"angle":-22.5,"axis":"z","origin":[8.05972,8.77021,6.90341]},"name":"hexadecagon"},{"from":[8.64165,7.4439,6.40341],"to":[8.74235,7.56512,6.80341],"faces":{"north":{"texture":"#o0","uv":[1.0,1.0,2.0,2.0]},"east":{"texture":"#o0","uv":[1.0,1.0,2.0,2.0]},"south":{"texture":"#o0","uv":[1.0,1.0,2.0,2.0]}},"rotation":{"angle":22.5,"axis":"z","origin":[7.90665,7.39903,6.90512]},"name":"hexadecagon"},{"from":[8.90545,8.55913,6.40341],"to":[9.00545,8.89131,6.80341],"faces":{"north":{"texture":"#o0","uv":[1.0,1.0,2.0,2.0]},"east":{"texture":"#o0","uv":[1.0,1.0,2.0,2.0]},"south":{"texture":"#o0","uv":[1.0,1.0,2.0,2.0]},"west":{"texture":"#o0","uv":[1.0,1.0,2.0,2.0]}},"rotation":{"angle":-22.5,"axis":"z","origin":[8.17045,8.72522,6.90341]},"name":"hexadecagon"},{"from":[8.90545,8.55913,6.40341],"to":[9.00545,8.89131,6.80341],"faces":{"north":{"texture":"#o0","uv":[1.0,1.0,2.0,2.0]},"east":{"texture":"#o0","uv":[1.0,1.0,2.0,2.0]},"south":{"texture":"#o0","uv":[1.0,1.0,2.0,2.0]},"west":{"texture":"#o0","uv":[1.0,1.0,2.0,2.0]}},"rotation":{"angle":0.0,"axis":"z","origin":[8.17045,8.72522,6.90341]},"name":"hexadecagon"},{"from":[8.90545,8.55913,6.40341],"to":[9.00545,8.89131,6.80341],"faces":{"north":{"texture":"#o0","uv":[1.0,1.0,2.0,2.0]},"east":{"texture":"#o0","uv":[1.0,1.0,2.0,2.0]},"south":{"texture":"#o0","uv":[1.0,1.0,2.0,2.0]},"west":{"texture":"#o0","uv":[1.0,1.0,2.0,2.0]}},"rotation":{"angle":22.5,"axis":"z","origin":[8.17045,8.72522,6.90341]},"name":"hexadecagon"},{"from":[7.91794,7.71641,6.88246],"to":[8.13675,8.01641,7.98246],"faces":{"north":{"texture":"#o0","uv":[1.0,1.0,2.0,2.0]},"south":{"texture":"#o0","uv":[1.0,1.0,2.0,2.0]},"up":{"texture":"#o0","uv":[1.0,1.0,2.0,2.0]}},"rotation":{"angle":-45.0,"axis":"y","origin":[8.02734,8.21641,7.43246]},"name":"hexadecagon"},{"from":[7.91794,7.71641,6.88246],"to":[8.13675,8.01641,7.98246],"faces":{"north":{"texture":"#o0","uv":[1.0,1.0,2.0,2.0]},"south":{"texture":"#o0","uv":[1.0,1.0,2.0,2.0]},"up":{"texture":"#o0","uv":[1.0,1.0,2.0,2.0]}},"rotation":{"angle":-22.5,"axis":"y","origin":[8.02734,8.21641,7.43246]},"name":"hexadecagon"},{"from":[7.91794,7.71641,6.88246],"to":[8.13675,8.01641,7.98246],"faces":{"north":{"texture":"#o0","uv":[1.0,1.0,2.0,2.0]},"south":{"texture":"#o0","uv":[1.0,1.0,2.0,2.0]},"up":{"texture":"#o0","uv":[1.0,1.0,2.0,2.0]}},"rotation":{"angle":0.0,"axis":"y","origin":[8.02734,8.21641,7.43246]},"name":"hexadecagon"},{"from":[7.91794,7.71641,6.88246],"to":[8.13675,8.01641,7.98246],"faces":{"north":{"texture":"#o0","uv":[1.0,1.0,2.0,2.0]},"south":{"texture":"#o0","uv":[1.0,1.0,2.0,2.0]},"up":{"texture":"#o0","uv":[1.0,1.0,2.0,2.0]}},"rotation":{"angle":22.5,"axis":"y","origin":[8.02734,8.21641,7.43246]},"name":"hexadecagon"},{"from":[7.91794,7.71641,6.88246],"to":[8.13675,8.01641,7.98246],"faces":{"north":{"texture":"#o0","uv":[1.0,1.0,2.0,2.0]},"south":{"texture":"#o0","uv":[1.0,1.0,2.0,2.0]},"up":{"texture":"#o0","uv":[1.0,1.0,2.0,2.0]}},"rotation":{"angle":45.0,"axis":"y","origin":[8.02734,8.21641,7.43246]},"name":"hexadecagon"},{"from":[7.47734,7.71641,7.32306],"to":[8.57734,8.01641,7.54186],"faces":{"east":{"texture":"#o0","uv":[1.0,1.0,2.0,2.0]},"west":{"texture":"#o0","uv":[1.0,1.0,2.0,2.0]},"up":{"texture":"#o0","uv":[1.0,1.0,2.0,2.0]}},"rotation":{"angle":-22.5,"axis":"y","origin":[8.02734,8.21641,7.43246]},"name":"hexadecagon"},{"from":[7.47734,7.71641,7.32306],"to":[8.57734,8.01641,7.54186],"faces":{"east":{"texture":"#o0","uv":[1.0,1.0,2.0,2.0]},"west":{"texture":"#o0","uv":[1.0,1.0,2.0,2.0]},"up":{"texture":"#o0","uv":[1.0,1.0,2.0,2.0]}},"rotation":{"angle":0.0,"axis":"y","origin":[8.02734,8.21641,7.43246]},"name":"hexadecagon"},{"from":[7.47734,7.71641,7.32306],"to":[8.57734,8.01641,7.54186],"faces":{"east":{"texture":"#o0","uv":[1.0,1.0,2.0,2.0]},"west":{"texture":"#o0","uv":[1.0,1.0,2.0,2.0]},"up":{"texture":"#o0","uv":[1.0,1.0,2.0,2.0]}},"rotation":{"angle":22.5,"axis":"y","origin":[8.02734,8.21641,7.43246]},"name":"hexadecagon"},{"from":[7.49312,7.3603,6.44091],"to":[8.56156,7.6603,8.80341],"faces":{"north":{"texture":"#o0","uv":[13.0,1.0,14.0,2.0]},"east":{"texture":"#o0","uv":[13.0,1.0,14.0,2.0]},"south":{"texture":"#o0","uv":[13.0,1.0,14.0,2.0]},"west":{"texture":"#o0","uv":[13.0,1.0,14.0,2.0]}},"rotation":{"angle":0.0,"axis":"y","origin":[7.65366,7.0603,5.40341]}},{"from":[7.39312,7.04858,6.40341],"to":[8.66156,7.4603,8.90341],"faces":{"north":{"texture":"#o0","uv":[1.0,1.0,2.0,2.0]},"east":{"texture":"#o0","uv":[1.0,1.0,2.0,2.0]},"south":{"texture":"#o0","uv":[1.0,1.0,2.0,2.0]},"west":{"texture":"#o0","uv":[1.0,1.0,2.0,2.0]},"up":{"texture":"#o0","uv":[1.0,1.0,2.0,2.0]},"down":{"texture":"#o0","uv":[1.0,1.0,2.0,2.0]}},"rotation":{"angle":0.0,"axis":"y","origin":[7.65366,7.0603,5.40341]}},{"from":[7.39312,7.5603,6.40341],"to":[8.66156,7.7603,8.20341],"faces":{"north":{"texture":"#o0","uv":[1.0,1.0,2.0,2.0]},"east":{"texture":"#o0","uv":[1.0,1.0,2.0,2.0]},"west":{"texture":"#o0","uv":[1.0,1.0,2.0,2.0]},"up":{"texture":"#o0","uv":[1.0,1.0,2.0,2.0]},"down":{"texture":"#o0","uv":[1.0,1.0,2.0,2.0]}},"rotation":{"angle":0.0,"axis":"y","origin":[7.65366,7.0603,5.40341]}},{"from":[7.39312,7.5603,8.20341],"to":[8.66156,7.8603,9.30341],"faces":{"north":{"texture":"#o0","uv":[1.0,1.0,2.0,2.0]},"east":{"texture":"#o0","uv":[1.0,1.0,2.0,2.0]},"west":{"texture":"#o0","uv":[1.0,1.0,2.0,2.0]},"up":{"texture":"#o0","uv":[1.0,1.0,2.0,2.0]},"down":{"texture":"#o0","uv":[1.0,1.0,2.0,2.0]}},"rotation":{"angle":0.0,"axis":"y","origin":[7.65366,7.0603,5.40341]}},{"from":[6.99061,7.5603,9.27983],"to":[7.67858,7.8603,9.97983],"faces":{"west":{"texture":"#o0","uv":[1.0,1.0,2.0,2.0]},"up":{"texture":"#o0","uv":[1.0,1.0,2.0,2.0]},"down":{"texture":"#o0","uv":[1.0,1.0,2.0,2.0]}},"rotation":{"angle":22.5,"axis":"y","origin":[7.25115,7.0603,8.27983]}},{"from":[7.661,7.5603,9.25012],"to":[8.39369,7.8603,9.95012],"faces":{"south":{"texture":"#o0","uv":[1.0,1.0,2.0,2.0]},"down":{"texture":"#o0","uv":[1.0,1.0,2.0,2.0]}},"rotation":{"angle":0.0,"axis":"y","origin":[7.92154,7.0603,8.25012]}},{"from":[8.37971,7.5603,9.2617],"to":[9.06768,7.8603,9.9617],"faces":{"east":{"texture":"#o0","uv":[1.0,1.0,2.0,2.0]},"up":{"texture":"#o0","uv":[1.0,1.0,2.0,2.0]},"down":{"texture":"#o0","uv":[1.0,1.0,2.0,2.0]}},"rotation":{"angle":-22.5,"axis":"y","origin":[8.75978,7.0603,8.2617]}},{"from":[6.99061,7.8603,9.27983],"to":[7.57858,8.10561,9.97983],"faces":{"west":{"texture":"#o0","uv":[1.0,1.0,2.0,2.0]},"up":{"texture":"#o0","uv":[1.0,1.0,2.0,2.0]}},"rotation":{"angle":22.5,"axis":"y","origin":[7.25115,7.3603,8.27983]}},{"from":[8.47971,7.8603,9.2617],"to":[9.06768,8.10561,9.9617],"faces":{"east":{"texture":"#o0","uv":[1.0,1.0,2.0,2.0]},"up":{"texture":"#o0","uv":[1.0,1.0,2.0,2.0]}},"rotation":{"angle":-22.5,"axis":"y","origin":[8.75978,7.3603,8.2617]}},{"from":[7.661,7.8603,9.25012],"to":[8.39369,8.10561,9.95012],"faces":{"south":{"texture":"#o0","uv":[1.0,1.0,2.0,2.0]},"up":{"texture":"#o0","uv":[1.0,1.0,2.0,2.0]}},"rotation":{"angle":0.0,"axis":"y","origin":[7.92154,7.3603,8.25012]}},{"from":[7.39312,7.8603,8.95012],"to":[8.66156,8.10561,9.30341],"faces":{"north":{"texture":"#o0","uv":[1.0,1.0,2.0,2.0]},"east":{"texture":"#o0","uv":[1.0,1.0,2.0,2.0]},"west":{"texture":"#o0","uv":[1.0,1.0,2.0,2.0]},"up":{"texture":"#o0","uv":[1.0,1.0,2.0,2.0]}},"rotation":{"angle":0.0,"axis":"y","origin":[7.92154,7.3603,7.95012]}},{"from":[7.39312,7.77132,8.73531],"to":[7.80453,8.01663,9.08859],"faces":{"east":{"texture":"#o0","uv":[1.0,1.0,2.0,2.0]},"west":{"texture":"#o0","uv":[1.0,1.0,2.0,2.0]},"up":{"texture":"#o0","uv":[1.0,1.0,2.0,2.0]}},"rotation":{"angle":-45.0,"axis":"x","origin":[7.49883,7.89397,8.91195]}},{"from":[8.25016,7.77132,8.73531],"to":[8.66156,8.01663,9.08859],"faces":{"east":{"texture":"#o0","uv":[1.0,1.0,2.0,2.0]},"west":{"texture":"#o0","uv":[1.0,1.0,2.0,2.0]},"up":{"texture":"#o0","uv":[1.0,1.0,2.0,2.0]}},"rotation":{"angle":-45.0,"axis":"x","origin":[8.55586,7.89397,8.91195]}},{"from":[7.3,7.65858,8.52],"to":[7.4,7.74142,8.57],"faces":{"north":{"texture":"#o0","uv":[13.0,1.0,14.0,2.0]},"south":{"texture":"#o0","uv":[13.0,1.0,14.0,2.0]},"west":{"texture":"#o0","uv":[13.0,1.0,14.0,2.0]},"up":{"texture":"#o0","uv":[13.0,1.0,14.0,2.0]},"down":{"texture":"#o0","uv":[13.0,1.0,14.0,2.0]}},"rotation":{"angle":45.0,"axis":"x","origin":[7.8,7.7,8.62]},"name":"octagon"},{"from":[7.3,7.65858,8.52],"to":[7.4,7.74142,8.57],"faces":{"north":{"texture":"#o0","uv":[13.0,1.0,14.0,2.0]},"south":{"texture":"#o0","uv":[13.0,1.0,14.0,2.0]},"west":{"texture":"#o0","uv":[13.0,1.0,14.0,2.0]},"up":{"texture":"#o0","uv":[13.0,1.0,14.0,2.0]},"down":{"texture":"#o0","uv":[13.0,1.0,14.0,2.0]}},"rotation":{"angle":0.0,"axis":"x","origin":[7.8,7.7,8.62]},"name":"octagon"},{"from":[7.3,7.65858,8.67],"to":[7.4,7.74142,8.72],"faces":{"north":{"texture":"#o0","uv":[13.0,1.0,14.0,2.0]},"south":{"texture":"#o0","uv":[13.0,1.0,14.0,2.0]},"west":{"texture":"#o0","uv":[13.0,1.0,14.0,2.0]},"up":{"texture":"#o0","uv":[13.0,1.0,14.0,2.0]},"down":{"texture":"#o0","uv":[13.0,1.0,14.0,2.0]}},"rotation":{"angle":45.0,"axis":"x","origin":[7.8,7.7,8.62]},"name":"octagon"},{"from":[7.3,7.65858,8.67],"to":[7.4,7.74142,8.72],"faces":{"north":{"texture":"#o0","uv":[13.0,1.0,14.0,2.0]},"south":{"texture":"#o0","uv":[13.0,1.0,14.0,2.0]},"west":{"texture":"#o0","uv":[13.0,1.0,14.0,2.0]},"up":{"texture":"#o0","uv":[13.0,1.0,14.0,2.0]},"down":{"texture":"#o0","uv":[13.0,1.0,14.0,2.0]}},"rotation":{"angle":0.0,"axis":"x","origin":[7.8,7.7,8.62]},"name":"octagon"},{"from":[7.3,7.6,8.57858],"to":[7.4,7.65,8.66142],"faces":{"north":{"texture":"#o0","uv":[13.0,1.0,14.0,2.0]},"south":{"texture":"#o0","uv":[13.0,1.0,14.0,2.0]},"west":{"texture":"#o0","uv":[13.0,1.0,14.0,2.0]},"up":{"texture":"#o0","uv":[13.0,1.0,14.0,2.0]},"down":{"texture":"#o0","uv":[13.0,1.0,14.0,2.0]}},"rotation":{"angle":45.0,"axis":"x","origin":[7.8,7.7,8.62]},"name":"octagon"},{"from":[7.3,7.6,8.57858],"to":[7.4,7.65,8.66142],"faces":{"north":{"texture":"#o0","uv":[13.0,1.0,14.0,2.0]},"south":{"texture":"#o0","uv":[13.0,1.0,14.0,2.0]},"west":{"texture":"#o0","uv":[13.0,1.0,14.0,2.0]},"up":{"texture":"#o0","uv":[13.0,1.0,14.0,2.0]},"down":{"texture":"#o0","uv":[13.0,1.0,14.0,2.0]}},"rotation":{"angle":0.0,"axis":"x","origin":[7.8,7.7,8.62]},"name":"octagon"},{"from":[7.3,7.75,8.57858],"to":[7.4,7.8,8.66142],"faces":{"north":{"texture":"#o0","uv":[13.0,1.0,14.0,2.0]},"south":{"texture":"#o0","uv":[13.0,1.0,14.0,2.0]},"west":{"texture":"#o0","uv":[13.0,1.0,14.0,2.0]},"up":{"texture":"#o0","uv":[13.0,1.0,14.0,2.0]},"down":{"texture":"#o0","uv":[13.0,1.0,14.0,2.0]}},"rotation":{"angle":45.0,"axis":"x","origin":[7.8,7.7,8.62]},"name":"octagon"},{"from":[7.3,7.75,8.57858],"to":[7.4,7.8,8.66142],"faces":{"north":{"texture":"#o0","uv":[13.0,1.0,14.0,2.0]},"south":{"texture":"#o0","uv":[13.0,1.0,14.0,2.0]},"west":{"texture":"#o0","uv":[13.0,1.0,14.0,2.0]},"up":{"texture":"#o0","uv":[13.0,1.0,14.0,2.0]},"down":{"texture":"#o0","uv":[13.0,1.0,14.0,2.0]}},"rotation":{"angle":0.0,"axis":"x","origin":[7.8,7.7,8.62]},"name":"octagon"},{"from":[7.3,7.18787,8.48],"to":[7.4,7.31213,8.53],"faces":{"north":{"texture":"#o0","uv":[13.0,1.0,14.0,2.0]},"south":{"texture":"#o0","uv":[13.0,1.0,14.0,2.0]},"west":{"texture":"#o0","uv":[13.0,1.0,14.0,2.0]},"up":{"texture":"#o0","uv":[13.0,1.0,14.0,2.0]},"down":{"texture":"#o0","uv":[13.0,1.0,14.0,2.0]}},"rotation":{"angle":45.0,"axis":"x","origin":[7.8,7.25,8.63]},"name":"octagon"},{"from":[7.3,7.18787,8.48],"to":[7.4,7.31213,8.53],"faces":{"north":{"texture":"#o0","uv":[13.0,1.0,14.0,2.0]},"south":{"texture":"#o0","uv":[13.0,1.0,14.0,2.0]},"west":{"texture":"#o0","uv":[13.0,1.0,14.0,2.0]},"up":{"texture":"#o0","uv":[13.0,1.0,14.0,2.0]},"down":{"texture":"#o0","uv":[13.0,1.0,14.0,2.0]}},"rotation":{"angle":0.0,"axis":"x","origin":[7.8,7.25,8.63]},"name":"octagon"},{"from":[7.3,7.18787,8.73],"to":[7.4,7.31213,8.78],"faces":{"north":{"texture":"#o0","uv":[13.0,1.0,14.0,2.0]},"south":{"texture":"#o0","uv":[13.0,1.0,14.0,2.0]},"west":{"texture":"#o0","uv":[13.0,1.0,14.0,2.0]},"up":{"texture":"#o0","uv":[13.0,1.0,14.0,2.0]},"down":{"texture":"#o0","uv":[13.0,1.0,14.0,2.0]}},"rotation":{"angle":45.0,"axis":"x","origin":[7.8,7.25,8.63]},"name":"octagon"},{"from":[7.3,7.18787,8.73],"to":[7.4,7.31213,8.78],"faces":{"north":{"texture":"#o0","uv":[13.0,1.0,14.0,2.0]},"south":{"texture":"#o0","uv":[13.0,1.0,14.0,2.0]},"west":{"texture":"#o0","uv":[13.0,1.0,14.0,2.0]},"up":{"texture":"#o0","uv":[13.0,1.0,14.0,2.0]},"down":{"texture":"#o0","uv":[13.0,1.0,14.0,2.0]}},"rotation":{"angle":0.0,"axis":"x","origin":[7.8,7.25,8.63]},"name":"octagon"},{"from":[7.3,7.1,8.56787],"to":[7.4,7.15,8.69213],"faces":{"north":{"texture":"#o0","uv":[13.0,1.0,14.0,2.0]},"south":{"texture":"#o0","uv":[13.0,1.0,14.0,2.0]},"west":{"texture":"#o0","uv":[13.0,1.0,14.0,2.0]},"up":{"texture":"#o0","uv":[13.0,1.0,14.0,2.0]},"down":{"texture":"#o0","uv":[13.0,1.0,14.0,2.0]}},"rotation":{"angle":45.0,"axis":"x","origin":[7.8,7.25,8.63]},"name":"octagon"},{"from":[7.3,7.1,8.56787],"to":[7.4,7.15,8.69213],"faces":{"north":{"texture":"#o0","uv":[13.0,1.0,14.0,2.0]},"south":{"texture":"#o0","uv":[13.0,1.0,14.0,2.0]},"west":{"texture":"#o0","uv":[13.0,1.0,14.0,2.0]},"up":{"texture":"#o0","uv":[13.0,1.0,14.0,2.0]},"down":{"texture":"#o0","uv":[13.0,1.0,14.0,2.0]}},"rotation":{"angle":0.0,"axis":"x","origin":[7.8,7.25,8.63]},"name":"octagon"},{"from":[7.3,7.35,8.56787],"to":[7.4,7.4,8.69213],"faces":{"north":{"texture":"#o0","uv":[13.0,1.0,14.0,2.0]},"south":{"texture":"#o0","uv":[13.0,1.0,14.0,2.0]},"west":{"texture":"#o0","uv":[13.0,1.0,14.0,2.0]},"up":{"texture":"#o0","uv":[13.0,1.0,14.0,2.0]},"down":{"texture":"#o0","uv":[13.0,1.0,14.0,2.0]}},"rotation":{"angle":45.0,"axis":"x","origin":[7.8,7.25,8.63]},"name":"octagon"},{"from":[7.3,7.35,8.56787],"to":[7.4,7.4,8.69213],"faces":{"north":{"texture":"#o0","uv":[13.0,1.0,14.0,2.0]},"south":{"texture":"#o0","uv":[13.0,1.0,14.0,2.0]},"west":{"texture":"#o0","uv":[13.0,1.0,14.0,2.0]},"up":{"texture":"#o0","uv":[13.0,1.0,14.0,2.0]},"down":{"texture":"#o0","uv":[13.0,1.0,14.0,2.0]}},"rotation":{"angle":0.0,"axis":"x","origin":[7.8,7.25,8.63]},"name":"octagon"},{"from":[7.3,7.18787,6.48],"to":[7.4,7.31213,6.53],"faces":{"north":{"texture":"#o0","uv":[13.0,1.0,14.0,2.0]},"south":{"texture":"#o0","uv":[13.0,1.0,14.0,2.0]},"west":{"texture":"#o0","uv":[13.0,1.0,14.0,2.0]},"up":{"texture":"#o0","uv":[13.0,1.0,14.0,2.0]},"down":{"texture":"#o0","uv":[13.0,1.0,14.0,2.0]}},"rotation":{"angle":45.0,"axis":"x","origin":[7.8,7.25,6.63]},"name":"octagon"},{"from":[7.3,7.18787,6.48],"to":[7.4,7.31213,6.53],"faces":{"north":{"texture":"#o0","uv":[13.0,1.0,14.0,2.0]},"south":{"texture":"#o0","uv":[13.0,1.0,14.0,2.0]},"west":{"texture":"#o0","uv":[13.0,1.0,14.0,2.0]},"up":{"texture":"#o0","uv":[13.0,1.0,14.0,2.0]},"down":{"texture":"#o0","uv":[13.0,1.0,14.0,2.0]}},"rotation":{"angle":0.0,"axis":"x","origin":[7.8,7.25,6.63]},"name":"octagon"},{"from":[7.3,7.18787,6.73],"to":[7.4,7.31213,6.78],"faces":{"north":{"texture":"#o0","uv":[13.0,1.0,14.0,2.0]},"south":{"texture":"#o0","uv":[13.0,1.0,14.0,2.0]},"west":{"texture":"#o0","uv":[13.0,1.0,14.0,2.0]},"up":{"texture":"#o0","uv":[13.0,1.0,14.0,2.0]},"down":{"texture":"#o0","uv":[13.0,1.0,14.0,2.0]}},"rotation":{"angle":45.0,"axis":"x","origin":[7.8,7.25,6.63]},"name":"octagon"},{"from":[7.3,7.18787,6.73],"to":[7.4,7.31213,6.78],"faces":{"north":{"texture":"#o0","uv":[13.0,1.0,14.0,2.0]},"south":{"texture":"#o0","uv":[13.0,1.0,14.0,2.0]},"west":{"texture":"#o0","uv":[13.0,1.0,14.0,2.0]},"up":{"texture":"#o0","uv":[13.0,1.0,14.0,2.0]},"down":{"texture":"#o0","uv":[13.0,1.0,14.0,2.0]}},"rotation":{"angle":0.0,"axis":"x","origin":[7.8,7.25,6.63]},"name":"octagon"},{"from":[7.3,7.1,6.56787],"to":[7.4,7.15,6.69213],"faces":{"north":{"texture":"#o0","uv":[13.0,1.0,14.0,2.0]},"south":{"texture":"#o0","uv":[13.0,1.0,14.0,2.0]},"west":{"texture":"#o0","uv":[13.0,1.0,14.0,2.0]},"up":{"texture":"#o0","uv":[13.0,1.0,14.0,2.0]},"down":{"texture":"#o0","uv":[13.0,1.0,14.0,2.0]}},"rotation":{"angle":45.0,"axis":"x","origin":[7.8,7.25,6.63]},"name":"octagon"},{"from":[7.3,7.1,6.56787],"to":[7.4,7.15,6.69213],"faces":{"north":{"texture":"#o0","uv":[13.0,1.0,14.0,2.0]},"south":{"texture":"#o0","uv":[13.0,1.0,14.0,2.0]},"west":{"texture":"#o0","uv":[13.0,1.0,14.0,2.0]},"up":{"texture":"#o0","uv":[13.0,1.0,14.0,2.0]},"down":{"texture":"#o0","uv":[13.0,1.0,14.0,2.0]}},"rotation":{"angle":0.0,"axis":"x","origin":[7.8,7.25,6.63]},"name":"octagon"},{"from":[7.3,7.35,6.56787],"to":[7.4,7.4,6.69213],"faces":{"north":{"texture":"#o0","uv":[13.0,1.0,14.0,2.0]},"south":{"texture":"#o0","uv":[13.0,1.0,14.0,2.0]},"west":{"texture":"#o0","uv":[13.0,1.0,14.0,2.0]},"up":{"texture":"#o0","uv":[13.0,1.0,14.0,2.0]},"down":{"texture":"#o0","uv":[13.0,1.0,14.0,2.0]}},"rotation":{"angle":45.0,"axis":"x","origin":[7.8,7.25,6.63]},"name":"octagon"},{"from":[7.3,7.35,6.56787],"to":[7.4,7.4,6.69213],"faces":{"north":{"texture":"#o0","uv":[13.0,1.0,14.0,2.0]},"south":{"texture":"#o0","uv":[13.0,1.0,14.0,2.0]},"west":{"texture":"#o0","uv":[13.0,1.0,14.0,2.0]},"up":{"texture":"#o0","uv":[13.0,1.0,14.0,2.0]},"down":{"texture":"#o0","uv":[13.0,1.0,14.0,2.0]}},"rotation":{"angle":0.0,"axis":"x","origin":[7.8,7.25,6.63]},"name":"octagon"}],"textures":{"o0":"raincoat:generated/1e","o1":"raincoat:generated/1e"},"gui_light":"front","display":{"thirdperson_righthand":{"rotation":[0.0,90.0,0.0],"translation":[0.0,0.75,0.75]},"firstperson_righthand":{"rotation":[0.0,20.0,0.0],"translation":[-5.25,15.35,7.5]},"gui":{"rotation":[18.0,131.0,0.0],"translation":[0.25,0.25,0.0],"scale":[4.0,4.0,4.0]},"ground":{"scale":[1.5,1.5,1.5]}},"credit":"Made with Blockbench by patch0010","groups":[{"name":"group","origin":[8.0,8.0,8.0],"color":0,"children":[{"name":"hexadecagon","origin":[8.0,8.0,8.0],"color":0,"children":[0,1,2,3,4,5,6,7]},{"name":"@isAds","origin":[7.97734,8.5981,7.00341],"color":0,"children":[8,9]},{"name":"hexadecagon","origin":[8.0,8.0,8.0],"color":0,"children":[10,11,12,13,14,15,16,17,18,19,20,21,22,23,24,25,26]},{"name":"hexadecagon","origin":[8.0,8.0,8.0],"color":0,"children":[27,28,29,30,31,32,33,34]},35,36,37,38,39,40,41,42,43,44,45,46,47]},{"name":"octagon","origin":[8.0,8.0,8.0],"color":0,"children":[48,49,50,51,52,53,54,55]},{"name":"octagon","origin":[8.0,8.0,8.0],"color":0,"children":[56,57,58,59,60,61,62,63]},{"name":"octagon","origin":[8.0,8.0,8.0],"color":0,"children":[64,65,66,67,68,69,70,71]}]}