{"parent":"raincoat:generated/1cc93dda93d75f64b77253fb64d7fa7b7131be1a","display":{"thirdperson_lefthand":{"scale":[0.0,0.0,0.0]},"thirdperson_righthand":{"scale":[0.0,0.0,0.0]},"firstperson_lefthand":{"scale":[0.0,0.0,0.0]},"firstperson_righthand":{"rotation":[0.0,160.0,0.0],"translation":[-14.75,10.1,0.25]},"gui":{"rotation":[0.0,-180.0,0.0],"scale":[0.33333334,0.33333334,0.33333334]},"ground":{"rotation":[90.0,0.0,0.0],"translation":[1.5,0.0,0.0],"scale":[0.4,0.4,0.4]},"fixed":{"rotation":[0.0,0.0,45.0],"translation":[0.0,1.0,0.0],"scale":[0.6,0.6,0.6]}}}