{"parent":"raincoat:generated/8d449f47f756abc153395fe569a9a173d122c310","display":{"thirdperson_lefthand":{"scale":[0.0,0.0,0.0]},"thirdperson_righthand":{"scale":[0.0,0.0,0.0]},"firstperson_lefthand":{"scale":[0.0,0.0,0.0]},"firstperson_righthand":{"rotation":[0.0,160.0,0.0],"translation":[-12.5,12.35,2.5]},"gui":{"rotation":[0.0,-180.0,0.0],"scale":[0.33333334,0.33333334,0.33333334]},"ground":{"rotation":[90.0,0.0,0.0],"translation":[2.0,0.5,0.0],"scale":[0.8,0.8,0.8]},"fixed":{"rotation":[0.0,0.0,45.0],"translation":[0.5,1.5,-0.5],"scale":[0.7,0.7,0.7]}}}