{"parent":"item/generated","textures":{"layer0":"item/music_disc_13"},"overrides":[{"predicate":{"custom_model_data":1},"model":"generated/6faa4731ffe9d1871e90b3e7d862ad1db8c6725c9a5d5e2fd0a86ff0226e9271"},{"predicate":{"custom_model_data":2},"model":"generated/94f1089b30096f829b49874d4ab0f181e50b1f43775f75aea50f09bb76479afb"},{"predicate":{"custom_model_data":3},"model":"generated/a09de24cf560411052a4a86fa41ddd83640f3010c79e6913c2e4ece650ddea75"},{"predicate":{"custom_model_data":4},"model":"generated/f11e37b3c45e36ab48a4e3be0519e710a19ff9852d39b22006e7980383f81ed1"},{"predicate":{"custom_model_data":5},"model":"generated/c9fc446d0db6e08e6087dfb5f85b8d09418ce7226eaeaf70db931f4c71e5d4bf"},{"predicate":{"custom_model_data":6},"model":"generated/02daff4cf67b7ad96640113f32181c34576a60b52aa715e4ee57c9386b6c914e"},{"predicate":{"custom_model_data":7},"model":"generated/285e34282d4fa52ed8978577ae63546512290f382cb5411ede784e4718e186e7"},{"predicate":{"custom_model_data":8},"model":"generated/902ddefbd7cbf27b22df915d2a868f8db927382a80e06eab51bcae9aacab9b56"}]}