{"textures":{"0":"rainboots/airdrop/parachute","particle":"rainboots/airdrop/parachute"},"elements":[{"from":[2,30,-2],"to":[14,32,18],"rotation":{"angle":0,"axis":"y","origin":[0,31,0]},"faces":{"north":{"uv":[10,4.5,13,5],"texture":"#0"},"east":{"uv":[10,0,15,0.5],"texture":"#0"},"south":{"uv":[10,5,13,5.5],"texture":"#0"},"west":{"uv":[10,0.5,15,1],"texture":"#0"},"up":{"uv":[3,5,0,0],"texture":"#0"},"down":{"uv":[6,0,3,5],"texture":"#0"}}},{"from":[13.31283,28.54539,-2.01],"to":[21.31283,30.54539,18.01],"rotation":{"angle":-22.5,"axis":"z","origin":[17.31283,29.54539,8]},"faces":{"north":{"uv":[10.25,9.5,12.25,10],"texture":"#0"},"east":{"uv":[10,2.5,15,3],"texture":"#0"},"south":{"uv":[10.25,10,12.25,10.5],"texture":"#0"},"west":{"uv":[10,3,15,3.5],"texture":"#0"},"up":{"uv":[8,10,6,5],"texture":"#0"},"down":{"uv":[10,0,8,5],"texture":"#0"}}},{"from":[19.51236,24.403,-2],"to":[27.51236,26.403,18],"rotation":{"angle":-45,"axis":"z","origin":[23.51236,25.403,8]},"faces":{"north":{"uv":[2,10.5,4,11],"texture":"#0"},"east":{"uv":[10,3.5,15,4],"texture":"#0"},"south":{"uv":[4,10.5,6,11],"texture":"#0"},"west":{"uv":[10,4,15,4.5],"texture":"#0"},"up":{"uv":[10,10,8,5],"texture":"#0"},"down":{"uv":[2,10,0,15],"texture":"#0"}}},{"from":[-5.31283,28.54539,-2.01],"to":[2.68717,30.54539,18.01],"rotation":{"angle":22.5,"axis":"z","origin":[-1.31283,29.54539,0]},"faces":{"north":{"uv":[10.25,7.5,12.25,8],"texture":"#0"},"east":{"uv":[10,1,15,1.5],"texture":"#0"},"south":{"uv":[10.25,8,12.25,8.5],"texture":"#0"},"west":{"uv":[10,1.5,15,2],"texture":"#0"},"up":{"uv":[2,10,0,5],"texture":"#0"},"down":{"uv":[4,5,2,10],"texture":"#0"}}},{"from":[-13.92775,30,-2],"to":[-5.92775,32,18],"rotation":{"angle":45,"axis":"z","origin":[-1.92775,31.1321,0]},"faces":{"north":{"uv":[10.25,8.5,12.25,9],"texture":"#0"},"east":{"uv":[2,10,7,10.5],"texture":"#0"},"south":{"uv":[10.25,9,12.25,9.5],"texture":"#0"},"west":{"uv":[10,2,15,2.5],"texture":"#0"},"up":{"uv":[6,10,4,5],"texture":"#0"},"down":{"uv":[8,0,6,5],"texture":"#0"}}},{"from":[0.29867,4.91612,3.5],"to":[0.79867,24.91612,4],"rotation":{"angle":45,"axis":"z","origin":[-1.20133,12.0209,11.5]},"faces":{"north":{"uv":[10,5.5,10.25,10.5],"texture":"#0"},"east":{"uv":[7,10,7.25,15],"texture":"#0"},"south":{"uv":[7.25,10,7.5,15],"texture":"#0"},"west":{"uv":[7.5,10,7.75,15],"texture":"#0"},"up":{"uv":[9,10.25,8.75,10],"texture":"#0"},"down":{"uv":[9.25,10,9,10.25],"texture":"#0"}}},{"from":[0.29867,4.91612,12],"to":[0.79867,24.91612,12.5],"rotation":{"angle":45,"axis":"z","origin":[-1.20133,12.0209,11.5]},"faces":{"north":{"uv":[7.75,10,8,15],"texture":"#0"},"east":{"uv":[8,10,8.25,15],"texture":"#0"},"south":{"uv":[8.25,10,8.5,15],"texture":"#0"},"west":{"uv":[8.5,10,8.75,15],"texture":"#0"},"up":{"uv":[9.5,10.25,9.25,10],"texture":"#0"},"down":{"uv":[9.75,10,9.5,10.25],"texture":"#0"}}},{"from":[4.1073,11.05247,3.5],"to":[24.1073,11.55247,4],"rotation":{"angle":45,"axis":"z","origin":[11.21208,18.05247,8.5]},"faces":{"north":{"uv":[10.25,6.5,15.25,6.75],"texture":"#0"},"east":{"uv":[9,10.25,9.25,10.5],"texture":"#0"},"south":{"uv":[10.25,6.75,15.25,7],"texture":"#0"},"west":{"uv":[9.25,10.25,9.5,10.5],"texture":"#0"},"up":{"uv":[15.25,7.25,10.25,7],"texture":"#0"},"down":{"uv":[15.25,7.25,10.25,7.5],"texture":"#0"}}},{"from":[4.1073,11.05247,12],"to":[24.1073,11.55247,12.5],"rotation":{"angle":45,"axis":"z","origin":[11.21208,18.05247,8.5]},"faces":{"north":{"uv":[10.25,5.5,15.25,5.75],"texture":"#0"},"east":{"uv":[9.75,10,10,10.25],"texture":"#0"},"south":{"uv":[10.25,5.75,15.25,6],"texture":"#0"},"west":{"uv":[8.75,10.25,9,10.5],"texture":"#0"},"up":{"uv":[15.25,6.25,10.25,6],"texture":"#0"},"down":{"uv":[15.25,6.25,10.25,6.5],"texture":"#0"}}}],"display":{"head":{"translation":[0,-57,0],"scale":[4,4,4]}}}